timestamp,open,high,low,close,volume
2026-02-06 17:35:00,68404.75,68694.95,68334.95,68615.35,0
2026-02-06 17:40:00,68620.35,68831.25,68400.15,68781.95,0
2026-02-06 17:45:00,68790.95,69161.05,68693.85,68951.65,0
2026-02-06 17:50:00,68947.65,68947.65,68352.15,68395.95,0
2026-02-06 17:55:00,68394.05,68666.35,68321.15,68590.45,0
2026-02-06 18:00:00,68584.45,68879.95,68385.85,68875.45,0
2026-02-06 18:05:00,68884.25,69276.95,68807.05,69246.95,0
2026-02-06 18:10:00,69237.35,69423.35,69145.85,69242.35,0
2026-02-06 18:15:00,69241.75,69595.45,69108.05,69595.45,0
2026-02-06 18:20:00,69596.45,69772.55,69482.05,69604.95,0
2026-02-06 18:25:00,69591.4,69767.15,69334.15,69492.4,0
2026-02-06 18:30:00,69485.95,69638.15,69397.15,69538.35,0
2026-02-06 18:35:00,69537.25,69780.95,69428.95,69539.95,0
2026-02-06 18:40:00,69538.85,69789.45,69503.15,69770.85,0
2026-02-06 18:45:00,69777.35,70000.95,69732.55,69955.95,0
2026-02-06 18:50:00,69947.65,70189.25,69795.85,70172.55,0
2026-02-06 18:55:00,70162.05,70205.35,69626.45,69922.45,0
2026-02-06 19:00:00,69918.35,69929.15,69561.25,69765.95,0
2026-02-06 19:05:00,69760.65,70161.95,69668.45,70161.95,0
2026-02-06 19:10:00,70162.85,70307.95,70025.35,70208.35,0
2026-02-06 19:15:00,70202.75,70671.85,70129.15,70598.05,0
2026-02-06 19:20:00,70610.55,70743.35,70486.15,70637.1,0
2026-02-06 19:25:00,70641.85,70992.35,70458.05,70899.15,0
2026-02-06 19:30:00,70905.25,71472.65,70871.05,71111.95,0
2026-02-06 19:35:00,71095.05,71127.95,70710.55,70864.95,0
2026-02-06 19:40:00,70870.85,71283.15,70815.05,71060.65,0
2026-02-06 19:45:00,71050.45,71257.45,70761.15,70942.65,0
2026-02-06 19:50:00,70952.95,70966.95,70513.05,70649.45,0
2026-02-06 19:55:00,70659.35,70903.95,70530.15,70724.55,0
2026-02-06 20:00:00,70717.75,70791.95,70451.05,70483.35,0
2026-02-06 20:05:00,70451.05,70524.95,69649.15,69663.05,0
2026-02-06 20:10:00,69672.85,70044.55,69672.85,70029.95,0
2026-02-06 20:15:00,70037.35,70090.05,69794.75,69876.35,0
2026-02-06 20:20:00,69865.75,69943.95,69321.15,69451.45,0
2026-02-06 20:25:00,69457.7,69653.15,69382.15,69534.45,0
2026-02-06 20:30:00,69535.0,69826.65,69369.45,69826.65,0
2026-02-06 20:35:00,69823.85,70210.05,69700.85,70140.75,0
2026-02-06 20:40:00,70138.1,70264.75,69968.05,69968.05,0
2026-02-06 20:45:00,69965.15,70186.55,69960.05,70094.05,0
2026-02-06 20:50:00,70087.05,70140.95,69771.3,69967.75,0
2026-02-06 20:55:00,69965.05,70061.65,69740.35,69754.65,0
2026-02-06 21:00:00,69757.55,70025.75,69707.85,70025.75,0
2026-02-06 21:05:00,70028.85,70174.45,69896.55,69907.05,0
2026-02-06 21:10:00,69904.35,69970.45,69722.85,69807.05,0
2026-02-06 21:15:00,69806.15,69908.05,69631.95,69900.65,0
2026-02-06 21:20:00,69905.25,70347.25,69878.55,70319.95,0
2026-02-06 21:25:00,70315.15,70457.85,70235.55,70235.55,0
2026-02-06 21:30:00,70241.7,70451.15,70109.55,70374.05,0
2026-02-06 21:35:00,70369.25,70483.45,70260.25,70353.85,0
2026-02-06 21:40:00,70352.25,70412.15,70194.65,70376.95,0
2026-02-06 21:45:00,70379.6,70700.65,70375.35,70641.15,0
2026-02-06 21:50:00,70636.85,70900.45,70454.35,70753.25,0
2026-02-06 21:55:00,70760.65,70930.15,70675.05,70706.75,0
2026-02-06 22:00:00,70705.35,70826.15,70590.35,70684.65,0
2026-02-06 22:05:00,70638.55,70638.55,70402.55,70472.25,0
2026-02-06 22:10:00,70475.45,70565.25,70357.6,70488.95,0
2026-02-06 22:15:00,70483.25,70493.25,70210.15,70401.55,0
2026-02-06 22:20:00,70398.55,70661.75,70381.55,70558.65,0
2026-02-06 22:25:00,70560.75,70629.05,70407.95,70568.75,0
2026-02-06 22:30:00,70564.35,70805.95,70472.15,70769.75,0
2026-02-06 22:35:00,70759.85,70968.85,70374.95,70426.35,0
2026-02-06 22:40:00,70416.15,70424.85,70140.45,70245.95,0
2026-02-06 22:45:00,70251.9,70378.95,70178.25,70377.05,0
2026-02-06 22:50:00,70371.7,70581.95,70323.7,70381.25,0
2026-02-06 22:55:00,70369.35,70371.95,69963.55,69978.45,0
2026-02-06 23:00:00,69971.95,70196.95,69851.15,70123.55,0
2026-02-06 23:05:00,70128.05,70154.95,69807.15,69965.05,0
2026-02-06 23:10:00,69958.45,70093.05,69943.45,69983.95,0
2026-02-06 23:15:00,69987.05,70254.25,69921.45,70208.35,0
2026-02-06 23:20:00,70207.15,70357.05,70192.05,70283.45,0
2026-02-06 23:25:00,70283.45,70480.55,70283.45,70380.15,0
2026-02-06 23:30:00,70380.05,70386.75,70092.65,70104.65,0
2026-02-06 23:35:00,70109.75,70287.95,70099.55,70260.55,0
2026-02-06 23:40:00,70263.35,70336.15,70213.95,70262.45,0
2026-02-06 23:45:00,70260.75,70326.65,70227.35,70262.95,0
2026-02-06 23:50:00,70267.25,70427.95,70260.45,70304.75,0
2026-02-06 23:55:00,70308.95,70397.05,70308.05,70343.65,0
2026-02-07 00:00:00,70347.75,70606.95,70253.35,70542.85,0
2026-02-07 00:05:00,70542.55,70747.05,70487.75,70623.55,0
2026-02-07 00:10:00,70623.45,70638.05,70279.85,70412.65,0
2026-02-07 00:15:00,70412.55,70571.75,70395.05,70536.45,0
2026-02-07 00:20:00,70538.55,70650.65,70500.75,70635.95,0
2026-02-07 00:25:00,70635.95,70783.75,70597.15,70777.15,0
2026-02-07 00:30:00,70783.75,70974.95,70776.35,70966.0,0
2026-02-07 00:35:00,70967.25,71436.35,70917.05,71216.45,0
2026-02-07 00:40:00,71225.45,71301.95,71069.3,71165.45,0
2026-02-07 00:45:00,71173.3,71416.05,71031.95,71332.45,0
2026-02-07 00:50:00,71327.3,71547.05,71295.65,71535.05,0
2026-02-07 00:55:00,71532.55,71532.55,71263.05,71317.25,0
2026-02-07 01:00:00,71313.55,71662.05,71300.15,71610.95,0
2026-02-07 01:05:00,71620.25,71718.55,71326.05,71364.15,0
2026-02-07 01:10:00,71363.75,71363.75,71027.65,71080.55,0
2026-02-07 01:15:00,71089.45,71089.45,70584.05,70696.15,0
2026-02-07 01:20:00,70703.05,70903.95,70547.35,70563.95,0
2026-02-07 01:25:00,70569.55,70736.1,70513.55,70536.45,0
2026-02-07 01:30:00,70539.85,70840.55,70521.65,70709.15,0
2026-02-07 01:35:00,70711.45,70804.35,70615.05,70800.25,0
2026-02-07 01:40:00,70797.45,70807.35,70601.75,70609.35,0
2026-02-07 01:45:00,70600.65,70742.85,70575.05,70686.85,0
2026-02-07 01:50:00,70691.55,70708.95,70503.55,70542.15,0
2026-02-07 01:55:00,70542.15,70615.15,70472.65,70543.85,0
2026-02-07 02:00:00,70536.95,70572.15,70142.45,70220.05,0
2026-02-07 02:05:00,70215.0,70238.65,69975.75,70066.45,0
2026-02-07 02:10:00,70069.05,70274.95,70041.05,70247.45,0
2026-02-07 02:15:00,70248.65,70305.55,70031.05,70138.05,0
2026-02-07 02:20:00,70151.25,70424.15,70115.05,70325.95,0
2026-02-07 02:25:00,70325.95,70420.95,70038.45,70079.05,0
2026-02-07 02:30:00,70087.05,70151.95,69842.95,69976.25,0
2026-02-07 02:35:00,69983.75,69983.75,69756.85,69756.85,0
2026-02-07 02:40:00,69761.65,69860.25,69683.35,69700.55,0
2026-02-07 02:45:00,69709.25,69899.45,69690.95,69853.35,0
2026-02-07 02:50:00,69848.05,70295.55,69842.95,70128.25,0
2026-02-07 02:55:00,70123.05,70131.95,69889.95,69924.45,0
2026-02-07 03:00:00,69924.05,70021.95,69844.55,69974.15,0
2026-02-07 03:05:00,69979.65,70056.75,69912.05,69954.05,0
2026-02-07 03:10:00,69947.65,69947.65,69711.45,69808.75,0
2026-02-07 03:15:00,69809.2,70050.9,69788.15,69927.35,0
2026-02-07 03:20:00,69918.75,70035.35,69842.45,69952.05,0
2026-02-07 03:25:00,69958.95,70149.45,69938.85,69959.75,0
2026-02-07 03:30:00,69955.35,70195.35,69901.45,70167.65,0
2026-02-07 03:35:00,70171.15,70308.35,70150.05,70213.65,0
2026-02-07 03:40:00,70206.05,70291.55,70185.05,70254.25,0
2026-02-07 03:45:00,70254.05,70551.95,70230.95,70509.85,0
2026-02-07 03:50:00,70517.05,70653.95,70430.45,70486.45,0
2026-02-07 03:55:00,70488.85,70518.95,70430.05,70444.75,0
2026-02-07 04:00:00,70438.05,70552.15,70360.35,70521.45,0
2026-02-07 04:05:00,70530.55,70600.45,70318.45,70356.65,0
2026-02-07 04:10:00,70351.8,70469.65,70347.75,70402.65,0
2026-02-07 04:15:00,70395.45,70434.95,70289.95,70367.75,0
2026-02-07 04:20:00,70367.05,70438.95,70326.05,70438.95,0
2026-02-07 04:25:00,70441.95,70552.85,70367.05,70417.05,0
2026-02-07 04:30:00,70410.05,70521.45,70365.65,70471.55,0
2026-02-07 04:35:00,70474.15,70530.65,70409.05,70444.95,0
2026-02-07 04:40:00,70444.95,70476.95,70395.05,70427.05,0
2026-02-07 04:45:00,70423.05,70423.05,70151.35,70164.35,0
2026-02-07 04:50:00,70158.35,70279.05,70122.05,70279.05,0
2026-02-07 04:55:00,70280.95,70349.35,70224.45,70327.65,0
2026-02-07 05:00:00,70333.95,70510.25,70260.35,70376.95,0
2026-02-07 05:05:00,70376.85,70504.85,70238.55,70490.85,0
2026-02-07 05:10:00,70490.15,70783.75,70477.35,70712.55,0
2026-02-07 05:15:00,70705.55,70813.05,70575.05,70640.05,0
2026-02-07 05:20:00,70636.95,70653.95,70536.85,70641.85,0
2026-02-07 05:25:00,70641.85,70859.55,70628.85,70829.35,0
2026-02-07 05:30:00,70826.95,70829.45,70689.05,70720.55,0
2026-02-07 05:35:00,70717.4,70836.05,70664.75,70804.85,0
2026-02-07 05:40:00,70799.45,70799.45,70556.9,70698.85,0
2026-02-07 05:45:00,70698.15,70760.55,70595.85,70711.75,0
2026-02-07 05:50:00,70707.55,70819.55,70684.25,70817.05,0
2026-02-07 05:55:00,70815.05,70897.15,70678.35,70888.95,0
2026-02-07 06:00:00,70882.05,71194.25,70808.15,71060.15,0
2026-02-07 06:05:00,71067.35,71155.95,70931.75,71049.85,0
2026-02-07 06:10:00,71054.35,71290.55,71007.05,71189.65,0
2026-02-07 06:15:00,71186.05,71365.95,71112.25,71365.95,0
2026-02-07 06:20:00,71348.0,71666.15,71271.35,71497.55,0
2026-02-07 06:25:00,71493.6,71493.6,71049.35,71126.65,0
2026-02-07 06:30:00,71124.45,71230.45,71025.05,71135.95,0
2026-02-07 06:35:00,71130.95,71141.05,70850.95,70851.35,0
2026-02-07 06:40:00,70846.35,70930.85,70642.25,70677.45,0
2026-02-07 06:45:00,70683.05,70776.05,70577.05,70646.75,0
2026-02-07 06:50:00,70647.4,70777.95,70640.05,70688.55,0
2026-02-07 06:55:00,70685.05,70762.65,70619.05,70736.75,0
2026-02-07 07:00:00,70736.55,70836.25,70668.45,70710.85,0
2026-02-07 07:05:00,70706.35,70906.05,70638.6,70889.95,0
2026-02-07 07:10:00,70895.25,70910.95,70742.05,70888.25,0
2026-02-07 07:15:00,70888.25,71072.05,70888.25,70972.65,0
2026-02-07 07:20:00,70976.0,71156.95,70970.55,71045.65,0
2026-02-07 07:25:00,71045.65,71046.25,70144.95,70245.15,0
2026-02-07 07:30:00,70239.75,70350.95,70175.05,70285.95,0
2026-02-07 07:35:00,70288.85,70385.95,70164.45,70180.85,0
2026-02-07 07:40:00,70181.95,70258.05,70081.65,70208.85,0
2026-02-07 07:45:00,70208.35,70268.4,70135.8,70185.95,0
2026-02-07 07:50:00,70193.95,70214.05,69953.95,69953.95,0
2026-02-07 07:55:00,69953.95,70138.75,69927.85,70138.75,0
2026-02-07 08:00:00,70138.45,70164.45,69997.15,70164.45,0
2026-02-07 08:05:00,70163.05,70286.95,70025.75,70134.05,0
2026-02-07 08:10:00,70136.15,70186.45,69954.55,70087.05,0
2026-02-07 08:15:00,70080.55,70081.55,69860.5,69926.65,0
2026-02-07 08:20:00,69929.25,70157.75,69929.25,70116.95,0
2026-02-07 08:25:00,70123.55,70257.55,70123.55,70191.15,0
2026-02-07 08:30:00,70189.65,70265.35,70121.35,70160.75,0
2026-02-07 08:35:00,70163.95,70279.95,70157.05,70206.95,0
2026-02-07 08:40:00,70206.95,70279.95,69949.65,70049.75,0
2026-02-07 08:45:00,70043.05,70061.25,69742.45,69754.95,0
2026-02-07 08:50:00,69756.35,69817.15,69312.25,69334.55,0
2026-02-07 08:55:00,69344.05,69434.25,68715.65,68746.25,0
2026-02-07 09:00:00,68750.45,69057.15,68710.05,68752.05,0
2026-02-07 09:05:00,68741.85,68794.45,68232.1,68478.35,0
2026-02-07 09:10:00,68488.55,68629.05,67916.55,67916.55,0
2026-02-07 09:15:00,67925.85,68210.75,67317.55,67788.65,0
2026-02-07 09:20:00,67789.35,68104.95,67601.55,67767.65,0
2026-02-07 09:25:00,67768.35,68044.75,67768.35,68014.35,0
2026-02-07 09:30:00,68018.95,68036.65,67551.75,67686.05,0
2026-02-07 09:35:00,67693.25,68002.55,67660.55,67988.85,0
2026-02-07 09:40:00,67995.4,68682.15,67995.4,68459.85,0
2026-02-07 09:45:00,68461.15,68461.25,67897.55,68155.95,0
2026-02-07 09:50:00,68164.35,68286.65,68087.35,68185.15,0
2026-02-07 09:55:00,68176.15,68240.45,68062.15,68062.15,0
2026-02-07 10:00:00,68070.75,68089.25,67744.55,68089.05,0
2026-02-07 10:35:00,68596.05,68607.85,68316.45,68316.45,0
2026-02-07 10:40:00,68322.45,68495.95,68309.05,68330.45,0
2026-02-07 10:45:00,68333.85,68595.85,68333.85,68552.55,0
2026-02-07 10:50:00,68550.75,68705.95,68498.05,68588.85,0
2026-02-07 10:55:00,68586.65,68613.75,68475.55,68485.55,0
2026-02-07 11:00:00,68487.35,68677.95,68457.55,68563.15,0
2026-02-07 11:05:00,68563.15,68656.85,68427.85,68616.05,0
2026-02-07 11:10:00,68607.75,68747.95,68575.05,68737.15,0
2026-02-07 11:15:00,68744.05,68750.95,68520.95,68594.05,0
2026-02-07 11:20:00,68592.05,68693.75,68526.65,68692.95,0
2026-02-07 11:25:00,68690.25,68690.75,68435.8,68449.55,0
2026-02-07 11:30:00,68456.45,68456.45,68054.45,68161.35,0
2026-02-07 11:35:00,68157.75,68215.75,68037.85,68042.55,0
2026-02-07 11:40:00,68042.35,68159.95,67999.75,68105.05,0
2026-02-07 11:45:00,68098.15,68156.05,67947.75,67951.85,0
2026-02-07 11:50:00,67958.15,68018.45,67880.5,67994.95,0
2026-02-07 11:55:00,67991.35,68133.2,67991.35,68124.05,0
2026-02-07 12:00:00,68119.65,68277.85,68034.45,68144.05,0
2026-02-07 12:05:00,68147.55,68167.35,67957.45,67981.45,0
2026-02-07 12:10:00,67978.0,68033.85,67883.75,67944.45,0
2026-02-07 12:15:00,67941.45,68033.95,67839.55,67925.05,0
2026-02-07 12:20:00,67932.15,68087.65,67928.75,68071.95,0
2026-02-07 12:25:00,68071.95,68110.95,67903.05,67931.15,0
2026-02-07 12:30:00,67928.25,68052.95,67825.05,67826.55,0
2026-02-07 12:35:00,67832.35,67919.15,67609.05,67619.55,0
2026-02-07 12:40:00,67613.75,67815.05,67609.05,67778.85,0
2026-02-07 12:45:00,67783.0,67841.85,67585.05,67692.25,0
2026-02-07 12:50:00,67693.2,67893.65,67693.2,67880.35,0
2026-02-07 12:55:00,67880.35,68026.95,67880.35,67975.15,0
2026-02-07 13:00:00,67974.6,68091.35,67878.45,68065.25,0
2026-02-07 13:05:00,68062.75,68131.45,67972.65,68075.05,0
2026-02-07 13:10:00,68070.55,68096.95,67929.25,67929.25,0
2026-02-07 13:15:00,67927.45,68038.95,67927.45,68023.55,0
2026-02-07 13:20:00,68029.95,68078.45,67858.95,67867.55,0
2026-02-07 13:25:00,67862.75,67974.05,67851.95,67906.65,0
2026-02-07 13:30:00,67913.25,68030.75,67903.15,67939.55,0
2026-02-07 13:35:00,67942.95,67970.95,67793.15,67836.75,0
2026-02-07 13:40:00,67841.45,67893.95,67771.55,67804.75,0
2026-02-07 13:45:00,67807.4,67889.95,67735.05,67756.65,0
2026-02-07 13:50:00,67752.35,67845.15,67679.05,67703.25,0
2026-02-07 13:55:00,67703.45,68012.95,67703.45,67955.55,0
2026-02-07 14:00:00,67954.15,68416.95,67889.55,68389.55,0
2026-02-07 14:05:00,68383.75,68807.55,68260.65,68751.85,0
2026-02-07 14:10:00,68751.05,68939.35,68573.85,68824.75,0
2026-02-07 14:15:00,68817.95,69956.45,68702.05,69832.95,0
2026-02-07 14:20:00,69828.55,69828.55,69170.85,69234.35,0
2026-02-07 14:25:00,69230.05,69447.05,69135.55,69296.05,0
2026-02-07 14:30:00,69289.45,69952.1,69264.75,69570.35,0
2026-02-07 14:35:00,69574.55,69689.05,69266.35,69275.15,0
2026-02-07 14:40:00,69278.05,69403.75,69114.25,69137.65,0
2026-02-07 14:45:00,69132.25,69268.45,69055.85,69217.75,0
2026-02-07 14:50:00,69223.95,69293.95,68803.95,68804.25,0
2026-02-07 14:55:00,68800.25,69029.95,68794.05,69007.25,0
2026-02-07 15:00:00,69018.35,69244.95,68881.75,69132.35,0
2026-02-07 15:05:00,69126.65,69153.95,68953.05,69101.05,0
2026-02-07 15:10:00,69110.45,69153.95,68911.05,68975.25,0
2026-02-07 15:15:00,68979.0,69154.65,68910.55,69112.25,0
2026-02-07 15:20:00,69117.85,69199.35,69038.05,69199.35,0
2026-02-07 15:25:00,69202.95,69264.95,69150.65,69233.25,0
2026-02-07 15:30:00,69245.85,69342.4,68987.45,69095.65,0
2026-02-07 15:35:00,69131.05,69160.05,68812.85,68818.25,0
2026-02-07 15:40:00,68823.05,68991.75,68800.25,68875.75,0
2026-02-07 15:45:00,68882.95,69013.95,68849.55,68986.15,0
2026-02-07 15:50:00,68986.15,69097.85,68911.05,69009.45,0
2026-02-07 15:55:00,69013.25,69076.05,68967.05,69076.05,0
2026-02-07 16:00:00,69075.25,69104.95,68976.45,69066.95,0
2026-02-07 16:05:00,69060.45,69060.45,68925.05,69014.45,0
2026-02-07 16:10:00,69012.45,69167.05,68919.15,68997.65,0
2026-02-07 16:15:00,68993.45,69020.95,68841.25,69004.75,0
2026-02-07 16:20:00,69002.55,69071.75,68956.65,69020.05,0
2026-02-07 16:25:00,69026.35,69125.95,68942.45,68942.45,0
2026-02-07 16:30:00,68933.0,69023.55,68897.45,68902.25,0
2026-02-07 16:35:00,68902.25,68985.45,68435.0,68551.95,0
2026-02-07 16:40:00,68545.45,68854.95,68534.35,68786.95,0
2026-02-07 16:45:00,68792.25,68822.35,68355.55,68443.25,0
2026-02-07 16:50:00,68443.6,68691.45,68443.6,68530.55,0
2026-02-07 16:55:00,68530.55,68678.25,68503.05,68628.25,0
2026-02-07 17:00:00,68631.05,69034.95,68533.05,68976.95,0
2026-02-07 17:05:00,68972.8,69101.35,68868.45,68941.75,0
2026-02-07 17:10:00,68940.55,69163.1,68814.85,69089.65,0
2026-02-07 17:15:00,69093.55,69195.95,68950.45,69064.95,0
2026-02-07 17:20:00,69069.35,69477.75,69069.05,69319.35,0
2026-02-07 17:25:00,69307.35,69307.35,69128.05,69240.55,0
2026-02-07 17:30:00,69244.75,69736.45,69156.05,69475.15,0
2026-02-07 17:35:00,69460.45,69594.95,69416.15,69486.05,0
2026-02-07 17:40:00,69478.05,69524.95,69249.25,69291.85,0
2026-02-07 17:45:00,69300.85,69454.95,69296.35,69327.05,0
2026-02-07 17:50:00,69323.05,69323.05,69034.65,69064.75,0
2026-02-07 17:55:00,69057.95,69153.75,69034.85,69130.35,0
2026-02-07 18:00:00,69130.25,69265.95,69075.05,69171.35,0
2026-02-07 18:05:00,69173.85,69875.45,68972.25,69489.95,0
2026-02-07 18:10:00,69473.35,69625.15,69163.1,69433.25,0
2026-02-07 18:15:00,69430.75,69745.95,69254.05,69299.95,0
2026-02-07 18:20:00,69290.35,69481.55,69262.55,69385.25,0
2026-02-07 18:25:00,69381.9,69454.25,69267.95,69284.35,0
2026-02-07 18:30:00,69288.25,69454.95,69288.25,69329.95,0
2026-02-07 18:35:00,69327.35,69406.75,69121.85,69353.35,0
2026-02-07 18:40:00,69359.95,69380.85,69219.05,69307.15,0
2026-02-07 18:45:00,69312.45,69342.95,69047.05,69058.05,0
2026-02-07 18:50:00,69063.45,69067.85,68880.05,68978.05,0
2026-02-07 18:55:00,68984.85,69029.05,68813.05,68935.95,0
2026-02-07 19:00:00,68938.25,69062.45,68872.65,69060.95,0
2026-02-07 19:05:00,69062.35,69062.45,68729.65,68801.85,0
2026-02-07 19:10:00,68799.05,68822.55,68631.55,68734.75,0
2026-02-07 19:15:00,68734.75,68889.95,68567.55,68881.45,0
2026-02-07 19:20:00,68883.35,68950.05,68820.05,68921.05,0
2026-02-07 19:25:00,68919.55,69107.55,68913.25,69055.35,0
2026-02-07 19:30:00,69056.35,69103.35,68925.05,68978.45,0
2026-02-07 19:35:00,68985.05,69396.25,68981.15,69385.75,0
2026-02-07 19:40:00,69392.45,69397.65,69191.05,69279.45,0
2026-02-07 19:45:00,69286.55,69321.35,69197.95,69229.75,0
2026-02-07 19:50:00,69235.85,69247.45,69084.45,69084.45,0
2026-02-07 19:55:00,69084.45,69194.15,69038.65,69168.55,0
2026-02-07 20:00:00,69163.05,69271.55,69086.85,69170.85,0
2026-02-07 20:05:00,69173.25,69249.45,69028.35,69037.15,0
2026-02-07 20:10:00,69039.75,69071.05,68988.05,69018.65,0
2026-02-07 20:15:00,69018.65,69298.35,69002.05,69251.25,0
2026-02-07 20:20:00,69241.75,69510.95,69212.55,69326.95,0
2026-02-07 20:25:00,69320.75,69342.15,69204.65,69336.95,0
2026-02-07 20:30:00,69339.45,69540.35,69249.25,69512.25,0
2026-02-07 20:35:00,69508.05,69651.75,69390.55,69439.15,0
2026-02-07 20:40:00,69442.0,69530.75,69353.35,69491.35,0
2026-02-07 20:45:00,69487.55,69622.95,69401.95,69622.95,0
2026-02-07 20:50:00,69622.95,69682.95,69476.25,69535.15,0
2026-02-07 20:55:00,69535.15,69535.15,69394.05,69486.95,0
2026-02-07 21:00:00,69478.9,69510.55,69356.05,69462.05,0
2026-02-07 21:05:00,69460.65,69566.6,69347.15,69354.85,0
2026-02-07 21:10:00,69357.25,69384.65,69264.35,69334.05,0
2026-02-07 21:15:00,69329.35,69383.65,69321.65,69363.85,0
2026-02-07 21:20:00,69363.85,69524.85,69325.35,69478.05,0
2026-02-07 21:25:00,69478.05,69482.25,69403.85,69407.45,0
2026-02-07 21:30:00,69407.45,69407.45,69265.05,69335.15,0
2026-02-07 21:35:00,69337.85,69473.45,69331.05,69404.15,0
2026-02-07 21:40:00,69397.85,69435.95,69317.05,69324.15,0
2026-02-07 21:45:00,69318.15,69482.95,69310.05,69409.65,0
2026-02-07 21:50:00,69408.05,69437.15,69312.55,69340.85,0
2026-02-07 21:55:00,69337.35,69356.95,69244.65,69349.25,0
2026-02-07 22:00:00,69343.35,69398.95,69245.15,69384.95,0
2026-02-07 22:05:00,69384.95,69390.15,69262.55,69277.25,0
2026-02-07 22:10:00,69276.85,69375.85,69227.75,69295.65,0
2026-02-07 22:15:00,69295.65,69373.35,69269.15,69330.65,0
2026-02-07 22:20:00,69328.35,69447.95,69322.95,69398.95,0
2026-02-07 22:25:00,69405.95,69467.35,69383.75,69419.15,0
2026-02-07 22:30:00,69420.35,69514.95,69347.35,69514.95,0
2026-02-07 22:35:00,69517.95,69608.45,69517.95,69572.85,0
2026-02-07 22:40:00,69571.45,69596.45,69520.05,69520.05,0
2026-02-07 22:45:00,69520.05,69597.55,69520.05,69546.55,0
2026-02-07 22:50:00,69546.55,69709.55,69546.05,69621.65,0
2026-02-07 22:55:00,69618.95,69635.65,69487.45,69605.85,0
2026-02-07 23:00:00,69606.25,69678.95,69462.55,69512.65,0
2026-02-07 23:05:00,69505.9,69559.65,69422.05,69483.25,0
2026-02-07 23:10:00,69480.05,69551.85,69462.55,69505.35,0
2026-02-07 23:15:00,69500.15,69500.15,69394.45,69456.35,0
2026-02-07 23:20:00,69454.15,69536.85,69426.85,69523.05,0
2026-02-07 23:25:00,69525.35,69587.35,69472.15,69472.15,0
2026-02-07 23:30:00,69472.05,69629.15,69462.55,69613.35,0
2026-02-07 23:35:00,69613.35,69625.45,69485.05,69485.05,0
2026-02-07 23:40:00,69480.95,69552.95,69432.05,69432.05,0
2026-02-07 23:45:00,69431.45,69466.05,69321.15,69442.95,0
2026-02-07 23:50:00,69444.65,69456.25,69413.75,69449.05,0
2026-02-07 23:55:00,69449.05,69479.55,69380.45,69479.55,0
2026-02-08 00:00:00,69476.15,69503.95,69432.15,69493.85,0
2026-02-08 00:05:00,69488.85,69674.95,69450.85,69627.55,0
2026-02-08 00:10:00,69624.65,69624.65,69435.55,69524.25,0
2026-02-08 00:15:00,69524.25,69538.95,69390.05,69458.25,0
2026-02-08 00:20:00,69454.25,69510.65,69442.75,69452.75,0
2026-02-08 00:25:00,69452.75,69552.95,69422.05,69552.95,0
2026-02-08 00:30:00,69550.05,69550.05,69459.25,69484.85,0
2026-02-08 00:35:00,69484.85,69524.95,69352.15,69414.15,0
2026-02-08 00:40:00,69415.25,69487.95,69341.85,69375.55,0
2026-02-08 00:45:00,69377.05,69399.25,69296.15,69348.35,0
2026-02-08 00:50:00,69348.35,69437.05,69348.35,69388.15,0
2026-02-08 00:55:00,69388.15,69460.95,69364.35,69374.25,0
2026-02-08 01:00:00,69375.95,69404.95,69125.15,69131.55,0
2026-02-08 01:05:00,69129.35,69209.85,68832.05,68915.25,0
2026-02-08 01:10:00,68911.05,69062.95,68889.95,69037.65,0
2026-02-08 01:15:00,69041.9,69097.95,68904.05,68905.35,0
2026-02-08 01:20:00,68892.9,68935.25,68753.15,68930.55,0
2026-02-08 01:25:00,68926.15,69090.95,68912.95,69008.15,0
2026-02-08 01:30:00,69016.35,69132.95,69016.35,69117.45,0
2026-02-08 01:35:00,69118.55,69252.05,69118.55,69219.25,0
2026-02-08 01:40:00,69215.95,69264.15,69177.05,69229.55,0
2026-02-08 01:45:00,69233.05,69360.45,69223.05,69337.75,0
2026-02-08 01:50:00,69337.25,69431.55,69285.55,69317.65,0
2026-02-08 01:55:00,69317.65,69317.65,69229.05,69265.75,0
2026-02-08 02:00:00,69268.65,69363.95,69138.85,69361.75,0
2026-02-08 02:05:00,69361.75,69406.85,69305.15,69316.75,0
2026-02-08 02:10:00,69313.85,69356.95,69268.05,69331.35,0
2026-02-08 02:15:00,69331.95,69331.95,69086.05,69108.75,0
2026-02-08 02:20:00,69109.55,69161.35,69015.05,69015.05,0
2026-02-08 02:25:00,69012.75,69157.05,68983.05,69018.25,0
2026-02-08 02:30:00,69016.45,69075.55,68972.25,68992.75,0
2026-02-08 02:35:00,68990.55,69139.05,68939.85,69054.75,0
2026-02-08 02:40:00,69054.95,69057.95,68862.55,68932.55,0
2026-02-08 02:45:00,68938.55,69110.45,68872.95,69069.55,0
2026-02-08 02:50:00,69075.25,69167.95,68964.35,68967.05,0
2026-02-08 02:55:00,68976.8,69138.75,68974.15,69110.75,0
2026-02-08 03:00:00,69107.25,69261.85,69073.45,69245.65,0
2026-02-08 03:05:00,69243.95,69301.05,69184.05,69277.45,0
2026-02-08 03:10:00,69273.25,69374.95,69240.05,69350.85,0
2026-02-08 03:15:00,69343.85,69343.85,69216.45,69251.85,0
2026-02-08 03:20:00,69251.85,69301.55,69132.25,69135.05,0
2026-02-08 03:25:00,69132.05,69159.65,69096.25,69133.85,0
2026-02-08 03:30:00,69136.65,69238.05,69065.05,69214.75,0
2026-02-08 03:35:00,69217.15,69340.95,69217.15,69330.55,0
2026-02-08 03:40:00,69324.25,69354.45,69233.05,69305.05,0
2026-02-08 03:45:00,69306.65,69384.95,69235.15,69272.25,0
2026-02-08 03:50:00,69273.85,69478.75,69273.85,69415.25,0
2026-02-08 03:55:00,69414.65,69422.65,69303.05,69356.15,0
2026-02-08 04:00:00,69357.55,69398.05,69216.55,69266.05,0
2026-02-08 04:05:00,69272.55,69412.85,69268.55,69391.25,0
2026-02-08 04:10:00,69391.25,69470.65,69375.15,69389.35,0
2026-02-08 04:15:00,69386.25,69467.85,69338.05,69467.85,0
2026-02-08 04:20:00,69467.85,69670.95,69467.85,69590.05,0
2026-02-08 04:25:00,69587.45,69587.95,69354.15,69417.65,0
2026-02-08 04:30:00,69419.95,69517.75,69315.05,69319.05,0
2026-02-08 04:35:00,69315.15,69356.05,69254.45,69281.45,0
2026-02-08 04:40:00,69279.25,69321.95,69231.45,69297.65,0
2026-02-08 04:45:00,69294.15,69347.75,69226.35,69298.15,0
2026-02-08 04:50:00,69304.65,69370.95,69143.45,69171.85,0
2026-02-08 04:55:00,69176.55,69363.95,69176.55,69350.65,0
2026-02-08 05:00:00,69350.65,69416.55,69239.85,69271.85,0
2026-02-08 05:05:00,69278.15,69307.95,69191.05,69263.35,0
2026-02-08 05:10:00,69257.15,69265.85,69165.15,69222.85,0
2026-02-08 05:15:00,69222.85,69258.95,69192.55,69192.55,0
2026-02-08 05:20:00,69192.55,69360.6,69192.55,69316.45,0
2026-02-08 05:25:00,69312.05,69363.75,69300.05,69313.45,0
2026-02-08 05:30:00,69317.25,69398.95,69261.05,69373.45,0
2026-02-08 05:35:00,69370.45,69386.55,69262.05,69276.55,0
2026-02-08 05:40:00,69276.55,69287.65,69203.75,69233.95,0
2026-02-08 05:45:00,69228.95,69279.95,69158.95,69158.95,0
2026-02-08 05:50:00,69158.95,69178.75,69121.25,69129.75,0
2026-02-08 05:55:00,69129.75,69135.75,69037.85,69070.95,0
2026-02-08 06:00:00,69070.95,69165.95,69065.05,69144.95,0
2026-02-08 06:05:00,69143.85,69192.15,69139.35,69176.35,0
2026-02-08 06:10:00,69180.35,69180.35,69021.55,69043.05,0
2026-02-08 06:15:00,69034.45,69167.85,68939.55,69156.55,0
2026-02-08 06:20:00,69153.85,69280.55,69114.95,69267.25,0
2026-02-08 06:25:00,69267.1,69307.05,69203.95,69214.95,0
2026-02-08 06:30:00,69219.35,69265.15,69186.15,69194.85,0
2026-02-08 06:35:00,69194.85,69247.35,69095.15,69224.35,0
2026-02-08 06:40:00,69222.65,69246.75,69198.05,69213.55,0
2026-02-08 06:45:00,69218.25,69242.85,69165.85,69221.55,0
2026-02-08 06:50:00,69225.75,69271.55,69222.55,69260.85,0
2026-02-08 06:55:00,69261.25,69331.55,69229.15,69317.95,0
2026-02-08 07:00:00,69316.25,69316.25,69208.35,69220.85,0
2026-02-08 07:05:00,69220.85,69290.05,69209.35,69277.95,0
2026-02-08 07:10:00,69274.75,69379.15,69235.25,69352.75,0
2026-02-08 07:15:00,69352.75,69399.95,69308.35,69332.55,0
2026-02-08 07:20:00,69332.55,69332.55,69207.45,69242.35,0
2026-02-08 07:25:00,69241.85,69267.65,69188.55,69248.65,0
2026-02-08 07:30:00,69248.65,69248.65,69167.55,69174.45,0
2026-02-08 07:35:00,69174.25,69235.05,69140.45,69224.25,0
2026-02-08 07:40:00,69226.45,69238.85,69117.55,69163.25,0
2026-02-08 07:45:00,69163.25,69195.95,69140.25,69180.05,0
2026-02-08 07:50:00,69179.65,69197.25,69138.25,69181.05,0
2026-02-08 07:55:00,69173.85,69221.75,69173.85,69197.75,0
2026-02-08 08:00:00,69200.05,69223.95,69065.05,69065.45,0
2026-02-08 08:05:00,69065.05,69174.55,69057.45,69113.65,0
2026-02-08 08:10:00,69114.6,69358.15,69113.45,69316.25,0
2026-02-08 08:15:00,69322.15,69400.55,69200.35,69349.95,0
2026-02-08 08:20:00,69349.95,69373.5,69308.85,69353.35,0
2026-02-08 08:25:00,69349.85,69361.35,69290.85,69335.65,0
2026-02-08 08:30:00,69335.65,69335.65,69222.85,69222.85,0
2026-02-08 08:35:00,69228.45,69300.45,69228.45,69300.45,0
2026-02-08 08:40:00,69305.05,69309.95,69248.75,69298.25,0
2026-02-08 08:45:00,69298.25,69385.95,69289.05,69293.85,0
2026-02-08 08:50:00,69293.85,69306.25,69251.95,69304.05,0
2026-02-08 08:55:00,69300.35,69342.95,69263.15,69331.25,0
2026-02-08 09:00:00,69333.15,69360.65,69265.25,69305.15,0
2026-02-08 09:05:00,69305.15,69353.45,69217.25,69239.95,0
2026-02-08 09:10:00,69243.65,69398.95,69189.95,69364.25,0
2026-02-08 09:15:00,69357.35,69461.4,69348.25,69410.25,0
2026-02-08 09:20:00,69406.15,69457.45,69300.05,69452.35,0
2026-02-08 09:25:00,69452.35,69474.75,69403.35,69428.85,0
2026-02-08 09:30:00,69427.85,69569.55,69381.25,69548.35,0
2026-02-08 09:35:00,69548.35,69574.95,69486.65,69521.55,0
2026-02-08 09:40:00,69520.75,69520.75,69455.05,69475.95,0
2026-02-08 09:45:00,69479.65,69562.65,69479.65,69526.95,0
2026-02-08 09:50:00,69529.95,69611.75,69512.15,69587.45,0
2026-02-08 09:55:00,69587.45,69682.95,69587.45,69674.65,0
2026-02-08 10:00:00,69667.95,69853.95,69592.95,69807.55,0
2026-02-08 10:05:00,69802.05,69814.65,69686.75,69686.75,0
2026-02-08 10:10:00,69686.75,69686.75,69541.05,69586.35,0
2026-02-08 10:15:00,69585.25,69639.35,69485.65,69545.55,0
2026-02-08 10:20:00,69549.85,70065.65,69540.05,70040.25,0
2026-02-08 10:25:00,70048.05,70350.25,69934.55,70172.15,0
2026-02-08 10:30:00,70165.35,70763.25,70041.35,70686.05,0
2026-02-08 10:35:00,70682.05,70701.15,70404.65,70435.35,0
2026-02-08 10:40:00,70438.7,70506.75,70319.05,70328.55,0
2026-02-08 10:45:00,70339.25,70558.95,70264.95,70554.75,0
2026-02-08 10:50:00,70554.75,70594.15,70417.25,70545.85,0
2026-02-08 10:55:00,70552.05,70691.0,70479.05,70635.95,0
2026-02-08 11:00:00,70639.45,70682.15,70444.05,70470.55,0
2026-02-08 11:05:00,70467.75,70648.65,70458.05,70561.45,0
2026-02-08 11:10:00,70559.65,70565.25,70316.35,70378.95,0
2026-02-08 11:15:00,70383.05,70458.55,70272.25,70404.45,0
2026-02-08 11:20:00,70404.45,70458.55,70339.55,70414.25,0
2026-02-08 11:25:00,70416.15,70483.75,70367.05,70423.05,0
2026-02-08 11:30:00,70427.2,70574.95,70307.65,70324.95,0
2026-02-08 11:35:00,70318.55,70319.35,70105.85,70273.95,0
2026-02-08 11:40:00,70280.55,70339.85,70103.45,70105.85,0
2026-02-08 11:45:00,70105.85,70223.8,70105.85,70144.05,0
2026-02-08 11:50:00,70148.75,70209.55,70070.15,70197.85,0
2026-02-08 11:55:00,70191.05,70270.05,70073.65,70076.45,0
2026-02-08 12:00:00,70083.95,70371.95,70083.95,70234.55,0
2026-02-08 12:05:00,70232.05,70427.95,70207.75,70359.05,0
2026-02-08 12:10:00,70356.65,70396.25,70241.35,70299.35,0
2026-02-08 12:15:00,70306.15,70388.55,70249.15,70249.15,0
2026-02-08 12:20:00,70251.05,70309.65,69867.05,69975.75,0
2026-02-08 12:25:00,69970.75,70178.55,69869.35,70025.35,0
2026-02-08 12:30:00,70031.85,70097.55,69985.95,70074.35,0
2026-02-08 12:35:00,70078.05,70287.85,70078.05,70235.85,0
2026-02-08 12:40:00,70234.15,70273.35,70178.65,70204.85,0
2026-02-08 12:45:00,70202.55,70358.15,70199.85,70312.65,0
2026-02-08 12:50:00,70312.65,70387.85,70247.05,70261.45,0
2026-02-08 12:55:00,70258.95,70263.75,70185.95,70243.05,0
2026-02-08 13:00:00,70240.6,70413.95,70189.75,70387.55,0
2026-02-08 13:05:00,70379.85,70501.85,70379.85,70411.75,0
2026-02-08 13:10:00,70416.55,70616.95,70330.25,70607.85,0
2026-02-08 13:15:00,70615.85,70903.85,70563.65,70646.95,0
2026-02-08 13:20:00,70640.65,70698.95,70552.75,70581.05,0
2026-02-08 13:25:00,70582.65,70714.95,70527.15,70675.15,0
2026-02-08 13:30:00,70674.75,71028.25,70640.65,70823.05,0
2026-02-08 13:35:00,70813.85,70955.55,70772.65,70859.75,0
2026-02-08 13:40:00,70851.35,70895.05,70778.55,70868.15,0
2026-02-08 13:45:00,70869.45,70991.75,70794.45,70955.45,0
2026-02-08 13:50:00,70955.05,71187.45,70927.55,71006.95,0
2026-02-08 13:55:00,71008.95,71029.35,70860.15,70970.15,0
2026-02-08 14:00:00,70974.95,71024.95,70824.55,70995.75,0
2026-02-08 14:05:00,71000.45,71018.55,70823.55,70882.45,0
2026-02-08 14:10:00,70884.65,70931.75,70804.85,70844.35,0
2026-02-08 14:15:00,70844.35,70928.35,70804.05,70807.95,0
2026-02-08 14:20:00,70814.35,70844.15,70738.95,70769.05,0
2026-02-08 14:25:00,70772.95,70932.95,70770.35,70929.85,0
2026-02-08 14:30:00,70927.75,70927.75,70784.45,70784.95,0
2026-02-08 14:35:00,70779.85,71014.75,70752.75,70909.95,0
2026-02-08 14:40:00,70909.95,70909.95,70676.05,70725.35,0
2026-02-08 14:45:00,70725.35,71094.95,70673.75,71030.25,0
2026-02-08 14:50:00,71034.35,71137.95,70940.05,71080.95,0
2026-02-08 14:55:00,71080.85,71255.65,71022.15,71216.85,0
2026-02-08 15:00:00,71227.65,71274.25,71028.95,71060.95,0
2026-02-08 15:05:00,71053.25,71072.15,70943.75,71046.85,0
2026-02-08 15:10:00,71046.85,71112.05,71013.35,71079.45,0
2026-02-08 15:15:00,71084.35,71407.95,71057.25,71399.55,0
2026-02-08 15:20:00,71393.35,71434.25,71265.35,71428.55,0
2026-02-08 15:25:00,71431.65,71471.85,71312.15,71429.55,0
2026-02-08 15:30:00,71429.65,71460.85,71283.75,71288.35,0
2026-02-08 15:35:00,71288.25,71359.65,71175.05,71224.25,0
2026-02-08 15:40:00,71221.55,71376.95,71169.65,71193.75,0
2026-02-08 15:45:00,71197.35,71351.45,71197.35,71300.05,0
2026-02-08 15:50:00,71302.35,71414.05,71302.35,71377.35,0
2026-02-08 15:55:00,71374.25,71488.85,71302.45,71486.05,0
2026-02-08 16:00:00,71488.95,71526.25,71393.15,71423.35,0
2026-02-08 16:05:00,71420.05,71431.55,71255.05,71259.95,0
2026-02-08 16:10:00,71264.85,71407.15,71251.45,71354.45,0
2026-02-08 16:15:00,71352.15,71418.75,71188.55,71225.85,0
2026-02-08 16:20:00,71229.75,71261.25,71132.45,71156.75,0
2026-02-08 16:25:00,71157.65,71298.55,71137.35,71212.65,0
2026-02-08 16:30:00,71213.45,71324.95,71201.45,71301.45,0
2026-02-08 16:35:00,71296.85,71329.85,71235.05,71296.65,0
2026-02-08 16:40:00,71293.65,71293.65,71072.95,71114.15,0
2026-02-08 16:45:00,71110.55,71194.95,71095.15,71151.65,0
2026-02-08 16:50:00,71144.05,71238.35,71144.05,71214.65,0
2026-02-08 16:55:00,71214.75,71238.45,71126.35,71230.95,0
2026-02-08 17:00:00,71230.05,71428.55,71176.95,71259.15,0
2026-02-08 17:05:00,71261.45,71410.95,71249.55,71353.45,0
2026-02-08 17:10:00,71346.05,71428.55,71275.65,71334.05,0
2026-02-08 17:15:00,71323.95,71323.95,71151.65,71292.65,0
2026-02-08 17:20:00,71293.45,71436.55,71138.05,71186.25,0
2026-02-08 17:25:00,71188.05,71194.65,70754.25,70885.95,0
2026-02-08 17:30:00,70875.85,71158.25,70841.05,71143.75,0
2026-02-08 17:35:00,71133.05,71185.25,71003.05,71141.85,0
2026-02-08 17:40:00,71145.75,71251.05,71097.45,71110.85,0
2026-02-08 17:45:00,71110.85,71136.15,70940.05,70940.05,0
2026-02-08 17:50:00,70935.35,71077.85,70927.05,71027.75,0
2026-02-08 17:55:00,71032.45,71166.85,71012.45,71160.35,0
2026-02-08 18:00:00,71155.75,71236.35,71003.85,71227.25,0
2026-02-08 18:05:00,71227.25,71227.25,71031.05,71039.45,0
2026-02-08 18:10:00,71039.25,71073.45,70959.85,70964.35,0
2026-02-08 18:15:00,70965.75,71131.95,70965.75,71114.45,0
2026-02-08 18:20:00,71113.75,71197.05,71108.95,71111.05,0
2026-02-08 18:25:00,71112.45,71192.15,71112.45,71133.45,0
2026-02-08 18:30:00,71133.45,71133.45,71030.05,71041.55,0
2026-02-08 18:35:00,71041.55,71081.25,70914.05,70914.05,0
2026-02-08 18:40:00,70913.05,70916.35,70717.75,70767.25,0
2026-02-08 18:45:00,70768.05,70816.55,70359.95,70382.85,0
2026-02-08 18:50:00,70377.55,70591.6,70231.85,70342.65,0
2026-02-08 18:55:00,70350.35,70500.05,70334.95,70390.35,0
2026-02-08 19:00:00,70387.15,70618.95,70375.15,70610.75,0
2026-02-08 19:05:00,70605.65,70712.55,70600.55,70690.95,0
2026-02-08 19:10:00,70684.05,70684.05,70565.45,70565.45,0
2026-02-08 19:15:00,70558.65,70848.35,70558.65,70763.15,0
2026-02-08 19:20:00,70767.05,70825.95,70437.35,70484.35,0
2026-02-08 19:25:00,70481.95,70644.15,70478.85,70538.25,0
2026-02-08 19:30:00,70540.55,70706.15,70540.55,70700.55,0
2026-02-08 19:35:00,70700.95,70765.25,70671.75,70672.35,0
2026-02-08 19:40:00,70675.85,70807.95,70661.05,70784.45,0
2026-02-08 19:45:00,70782.05,70803.45,70688.55,70752.75,0
2026-02-08 19:50:00,70748.25,70852.45,70612.45,70662.65,0
2026-02-08 19:55:00,70669.85,70787.45,70669.85,70765.05,0
2026-02-08 20:00:00,70769.25,70946.85,70724.05,70909.75,0
2026-02-08 20:05:00,70916.25,70945.45,70841.05,70907.65,0
2026-02-08 20:10:00,70907.65,70968.45,70877.7,70882.95,0
2026-02-08 20:15:00,70878.65,71050.25,70819.85,70916.85,0
2026-02-08 20:20:00,70919.55,70969.05,70789.55,70864.95,0
2026-02-08 20:25:00,70860.45,70978.95,70840.95,70959.75,0
2026-02-08 20:30:00,70959.75,71222.25,70959.75,71218.95,0
2026-02-08 20:35:00,71228.55,71394.55,71160.75,71282.15,0
2026-02-08 20:40:00,71281.95,71352.55,71184.15,71287.15,0
2026-02-08 20:45:00,71290.45,71392.95,71241.85,71268.15,0
2026-02-08 20:50:00,71264.65,71295.05,71130.25,71169.15,0
2026-02-08 20:55:00,71162.75,71238.35,71120.05,71120.05,0
2026-02-08 21:00:00,71119.95,71309.95,71117.85,71195.65,0
2026-02-08 21:05:00,71202.9,71311.75,71202.9,71271.55,0
2026-02-08 21:10:00,71265.55,71317.85,71165.35,71268.35,0
2026-02-08 21:15:00,71273.05,71347.95,71217.25,71221.85,0
2026-02-08 21:20:00,71224.25,71296.65,71181.75,71217.35,0
2026-02-08 21:25:00,71217.35,71225.95,71148.35,71177.15,0
2026-02-08 21:30:00,71177.15,71248.95,71123.15,71139.45,0
2026-02-08 21:35:00,71139.45,71308.75,71139.45,71255.75,0
2026-02-08 21:40:00,71249.45,71317.15,71228.75,71279.95,0
2026-02-08 21:45:00,71282.95,71322.25,71198.65,71292.65,0
2026-02-08 21:50:00,71292.45,71498.75,71288.35,71455.55,0
2026-02-08 21:55:00,71454.65,71498.25,71376.15,71395.55,0
2026-02-08 22:00:00,71401.95,71401.95,70906.75,71032.95,0
2026-02-08 22:05:00,71029.15,71094.95,70941.55,71036.35,0
2026-02-08 22:10:00,71044.45,71080.15,71024.15,71056.95,0
2026-02-08 22:15:00,71056.95,71166.85,71025.05,71156.35,0
2026-02-08 22:20:00,71155.7,71158.45,71066.35,71072.75,0
2026-02-08 22:25:00,71072.75,71072.75,70914.45,71005.75,0
2026-02-08 22:30:00,71004.75,71094.95,70970.25,71091.45,0
2026-02-08 22:35:00,71092.1,71131.95,71064.35,71088.25,0
2026-02-08 22:40:00,71087.55,71158.55,71058.65,71069.25,0
2026-02-08 22:45:00,71071.65,71116.15,70820.55,70829.95,0
2026-02-08 22:50:00,70829.95,70904.25,70677.05,70695.15,0
2026-02-08 22:55:00,70689.85,70825.15,70685.45,70814.65,0
2026-02-08 23:00:00,70812.95,70899.95,70706.25,70867.15,0
2026-02-08 23:05:00,70867.15,70937.25,70832.05,70937.25,0
2026-02-08 23:10:00,70937.25,71041.95,70898.45,70989.35,0
2026-02-08 23:15:00,70989.35,71041.55,70965.85,71011.45,0
2026-02-08 23:20:00,71006.25,71108.65,70935.35,71060.35,0
2026-02-08 23:25:00,71062.75,71063.95,70922.05,70944.95,0
2026-02-08 23:30:00,70949.95,70983.95,70793.75,70834.85,0
2026-02-08 23:35:00,70832.45,70832.45,70616.05,70704.35,0
2026-02-08 23:40:00,70710.25,70783.45,70706.05,70740.85,0
2026-02-08 23:45:00,70745.35,70861.95,70727.05,70727.05,0
2026-02-08 23:50:00,70725.15,70725.15,70520.65,70623.95,0
2026-02-08 23:55:00,70629.95,70711.25,70580.35,70671.45,0
2026-02-09 00:00:00,70673.95,70744.65,70670.75,70744.65,0
2026-02-09 00:05:00,70746.95,70831.05,70697.05,70702.55,0
2026-02-09 00:10:00,70698.75,70832.65,70698.75,70813.15,0
2026-02-09 00:15:00,70810.95,70928.85,70763.25,70886.35,0
2026-02-09 00:20:00,70885.85,70955.65,70835.15,70901.05,0
2026-02-09 00:25:00,70901.05,70932.95,70814.05,70826.65,0
2026-02-09 00:30:00,70826.65,70832.55,70727.45,70749.05,0
2026-02-09 00:35:00,70749.05,70789.95,70635.25,70746.65,0
2026-02-09 00:40:00,70749.95,70960.95,70740.05,70883.25,0
2026-02-09 00:45:00,70883.25,70973.25,70871.15,70943.55,0
2026-02-09 00:50:00,70945.55,70960.45,70808.25,70858.65,0
2026-02-09 00:55:00,70852.55,71078.15,70837.95,71044.95,0
2026-02-09 01:00:00,71045.55,71470.95,71012.65,71373.65,0
2026-02-09 01:05:00,71363.15,72243.75,71338.15,71905.95,0
2026-02-09 01:10:00,71895.75,71899.85,71178.15,71327.85,0
2026-02-09 01:15:00,71333.55,71473.95,71190.05,71210.15,0
2026-02-09 01:20:00,71211.85,71387.55,70319.05,70332.3,0
2026-02-09 01:25:00,70336.35,70666.45,70307.45,70494.25,0
2026-02-09 01:30:00,70475.05,70491.45,70109.4,70123.45,0
2026-02-09 01:35:00,70130.15,70366.95,69977.2,70139.85,0
2026-02-09 01:40:00,70133.45,70462.95,70013.05,70446.25,0
2026-02-09 01:45:00,70442.15,70677.0,70400.05,70677.0,0
2026-02-09 01:50:00,70692.05,70789.15,70484.75,70535.65,0
2026-02-09 01:55:00,70526.95,70554.05,70225.15,70299.05,0
2026-02-09 02:00:00,70292.05,70529.55,70248.65,70403.85,0
2026-02-09 02:05:00,70409.45,70614.95,70366.35,70511.05,0
2026-02-09 02:10:00,70504.65,70608.05,70375.05,70580.35,0
2026-02-09 02:15:00,70582.95,70624.15,70339.25,70531.45,0
2026-02-09 02:20:00,70531.4,70721.85,70525.15,70696.95,0
2026-02-09 02:25:00,70732.45,70755.75,70413.65,70453.85,0
2026-02-09 02:30:00,70459.05,70591.65,70337.85,70579.75,0
2026-02-09 02:35:00,70578.05,70598.45,70355.05,70387.95,0
2026-02-09 02:40:00,70385.15,70392.35,70121.65,70251.45,0
2026-02-09 02:45:00,70245.25,70470.45,70096.05,70458.15,0
2026-02-09 02:50:00,70456.35,70509.35,70319.25,70372.25,0
2026-02-09 02:55:00,70375.35,70510.15,70370.7,70470.65,0
2026-02-09 03:00:00,70466.35,70629.95,70358.25,70469.75,0
2026-02-09 03:05:00,70460.95,70460.95,70266.35,70441.75,0
2026-02-09 03:10:00,70440.75,70446.15,70322.05,70390.35,0
2026-02-09 03:15:00,70393.95,70590.15,70259.75,70579.85,0
2026-02-09 03:20:00,70586.75,70896.55,70551.55,70873.85,0
2026-02-09 03:25:00,70873.75,70904.75,70661.05,70699.75,0
2026-02-09 03:30:00,70699.95,70771.65,70670.05,70684.05,0
2026-02-09 03:35:00,70679.15,70695.95,70419.55,70464.55,0
2026-02-09 03:40:00,70468.4,70472.85,70037.15,70218.85,0
2026-02-09 03:45:00,70216.25,70310.65,70049.05,70057.35,0
2026-02-09 03:50:00,70056.25,70482.45,70049.05,70334.45,0
2026-02-09 03:55:00,70331.85,70418.55,70265.05,70341.45,0
2026-02-09 04:00:00,70346.25,70359.45,70185.55,70327.25,0
2026-02-09 04:05:00,70323.55,70475.85,70185.85,70355.05,0
2026-02-09 04:10:00,70360.6,70452.05,70302.35,70310.15,0
2026-02-09 04:15:00,70301.05,70425.85,70256.05,70370.45,0
2026-02-09 04:20:00,70378.65,70471.55,70330.65,70411.45,0
2026-02-09 04:25:00,70413.25,70456.85,70346.05,70427.85,0
2026-02-09 04:30:00,70433.05,70545.95,70408.35,70425.95,0
2026-02-09 04:35:00,70423.45,70692.95,70423.45,70634.05,0
2026-02-09 04:40:00,70631.8,70974.95,70611.25,70848.55,0
2026-02-09 04:45:00,70850.75,70879.95,70706.05,70768.15,0
2026-02-09 04:50:00,70763.05,70763.05,70571.75,70587.35,0
2026-02-09 04:55:00,70589.75,70672.75,70571.75,70604.75,0
2026-02-09 05:00:00,70606.95,70734.85,70586.35,70718.55,0
2026-02-09 05:05:00,70716.95,70834.95,70648.15,70746.65,0
2026-02-09 05:10:00,70747.95,70790.25,70688.25,70738.55,0
2026-02-09 05:15:00,70739.45,70933.95,70739.45,70798.15,0
2026-02-09 05:20:00,70796.65,70852.55,70679.05,70695.25,0
2026-02-09 05:25:00,70697.15,70797.45,70679.05,70795.05,0
2026-02-09 05:30:00,70799.95,71065.85,70799.95,70945.15,0
2026-02-09 05:35:00,70940.1,71066.45,70896.35,71066.45,0
2026-02-09 05:40:00,71064.85,71294.1,70949.35,71104.75,0
2026-02-09 05:45:00,71095.05,71239.95,71005.05,71166.65,0
2026-02-09 05:50:00,71173.05,71340.3,71052.55,71327.25,0
2026-02-09 05:55:00,71319.25,71406.75,71147.05,71272.35,0
2026-02-09 06:00:00,71266.25,71320.95,71107.25,71107.95,0
2026-02-09 06:05:00,71107.95,71154.65,71057.05,71063.05,0
2026-02-09 06:10:00,71063.05,71127.15,70988.45,71007.05,0
2026-02-09 06:15:00,71000.55,71203.95,70998.55,71185.65,0
2026-02-09 06:20:00,71181.45,71252.75,71148.05,71198.75,0
2026-02-09 06:25:00,71192.55,71244.15,71165.05,71216.35,0
2026-02-09 06:30:00,71215.15,71215.15,71043.45,71064.05,0
2026-02-09 06:35:00,71063.25,71094.95,70919.15,70939.65,0
2026-02-09 06:40:00,70939.65,71024.95,70886.35,71008.05,0
2026-02-09 06:45:00,71008.05,71100.65,70985.05,71010.65,0
2026-02-09 06:50:00,71015.15,71018.55,70931.05,70937.55,0
2026-02-09 06:55:00,70940.95,71043.25,70930.55,70971.45,0
2026-02-09 07:00:00,70968.55,70977.75,70844.05,70846.05,0
2026-02-09 07:05:00,70841.05,70929.35,70810.45,70823.65,0
2026-02-09 07:10:00,70819.35,70913.55,70778.05,70794.25,0
2026-02-09 07:15:00,70793.75,70894.15,70778.05,70795.75,0
2026-02-09 07:20:00,70795.75,70969.75,70794.55,70949.15,0
2026-02-09 07:25:00,70937.35,71014.95,70929.35,70997.85,0
2026-02-09 07:30:00,71001.95,71032.95,70883.25,70995.85,0
2026-02-09 07:35:00,70993.75,71085.25,70989.75,71016.95,0
2026-02-09 07:40:00,71016.95,71031.45,70931.95,70943.25,0
2026-02-09 07:45:00,70942.45,70942.45,70824.55,70840.65,0
2026-02-09 07:50:00,70840.65,71001.15,70840.65,70968.75,0
2026-02-09 07:55:00,70965.2,71028.25,70913.05,71014.45,0
2026-02-09 08:00:00,71014.45,71014.45,70716.15,70769.55,0
2026-02-09 08:05:00,70774.85,70861.95,70751.05,70822.95,0
2026-02-09 08:10:00,70815.05,70897.95,70751.55,70862.15,0
2026-02-09 08:15:00,70862.15,70862.15,70431.15,70465.15,0
2026-02-09 08:20:00,70475.35,70513.15,70355.05,70373.05,0
2026-02-09 08:25:00,70378.9,70458.55,70282.65,70384.75,0
2026-02-09 08:30:00,70382.25,70484.95,70347.05,70437.05,0
2026-02-09 08:35:00,70437.05,70561.95,70405.95,70505.95,0
2026-02-09 08:40:00,70504.55,70552.65,70427.05,70524.75,0
2026-02-09 08:45:00,70517.25,70566.35,70490.05,70550.05,0
2026-02-09 08:50:00,70550.0,70627.95,70499.05,70627.95,0
2026-02-09 08:55:00,70636.65,70690.65,70576.85,70635.75,0
2026-02-09 09:00:00,70625.05,70628.95,70499.05,70581.05,0
2026-02-09 09:05:00,70578.75,70672.95,70436.05,70627.85,0
2026-02-09 09:10:00,70632.05,70798.95,70632.05,70763.95,0
2026-02-09 09:15:00,70767.15,70823.65,70663.35,70787.85,0
2026-02-09 09:20:00,70787.85,70866.35,70638.75,70683.35,0
2026-02-09 09:25:00,70683.35,70744.15,70612.45,70687.25,0
2026-02-09 09:30:00,70684.15,70717.95,70539.35,70599.35,0
2026-02-09 09:35:00,70598.7,70635.45,70401.05,70455.45,0
2026-02-09 09:40:00,70455.45,70457.15,70337.65,70405.15,0
2026-02-09 09:45:00,70405.05,70469.25,70321.35,70378.85,0
2026-02-09 09:50:00,70378.85,70490.95,70346.05,70455.45,0
2026-02-09 09:55:00,70450.15,70503.95,70385.45,70393.35,0
2026-02-09 10:00:00,70391.25,70476.95,70297.95,70448.95,0
2026-02-09 10:05:00,70455.55,70543.15,70339.15,70475.55,0
2026-02-09 10:10:00,70478.35,70581.65,70460.15,70504.95,0
2026-02-09 10:15:00,70502.25,70525.85,70319.15,70336.05,0
2026-02-09 10:20:00,70341.45,70396.05,70133.65,70192.85,0
2026-02-09 10:25:00,70193.15,70205.95,70029.75,70061.55,0
2026-02-09 10:30:00,70061.55,70082.35,69363.75,69588.55,0
2026-02-09 10:35:00,69584.25,69843.15,69576.25,69824.95,0
2026-02-09 10:40:00,69824.55,69863.35,69734.95,69776.25,0
2026-02-09 10:45:00,69778.85,69900.95,69763.55,69854.85,0
2026-02-09 10:50:00,69851.8,69879.05,69707.95,69831.05,0
2026-02-09 10:55:00,69829.05,69995.35,69812.65,69845.75,0
2026-02-09 11:00:00,69838.35,69987.15,69838.35,69892.95,0
2026-02-09 11:05:00,69897.95,70094.95,69897.95,69987.55,0
2026-02-09 11:10:00,69990.95,70005.25,69841.95,69848.75,0
2026-02-09 11:15:00,69842.05,69924.15,69676.65,69784.75,0
2026-02-09 11:20:00,69787.05,69901.85,69743.35,69766.85,0
2026-02-09 11:25:00,69773.25,69939.85,69773.25,69868.25,0
2026-02-09 11:30:00,69865.35,69948.75,69713.55,69820.85,0
2026-02-09 11:35:00,69814.25,69874.35,69575.25,69623.35,0
2026-02-09 11:40:00,69620.75,69674.05,69539.35,69659.65,0
2026-02-09 11:45:00,69653.35,69780.85,69608.75,69740.15,0
2026-02-09 11:50:00,69737.35,69737.35,69545.75,69603.85,0
2026-02-09 11:55:00,69602.6,69605.85,69446.35,69605.55,0
2026-02-09 12:00:00,69601.85,69613.25,69427.65,69441.55,0
2026-02-09 12:05:00,69438.15,69612.15,69336.85,69593.85,0
2026-02-09 12:10:00,69595.55,69705.85,69498.25,69498.25,0
2026-02-09 12:15:00,69502.7,69526.35,69128.05,69201.35,0
2026-02-09 12:20:00,69201.75,69283.25,69022.05,69022.05,0
2026-02-09 12:25:00,69021.55,69103.65,68958.65,69006.25,0
2026-02-09 12:30:00,69003.35,69010.45,68643.75,68685.75,0
2026-02-09 12:35:00,68681.55,68848.35,68545.55,68671.35,0
2026-02-09 12:40:00,68673.95,68749.45,68391.15,68594.25,0
2026-02-09 12:45:00,68603.25,68732.55,68409.95,68435.95,0
2026-02-09 12:50:00,68429.05,68770.45,68429.05,68742.95,0
2026-02-09 12:55:00,68740.15,68810.65,68687.35,68702.75,0
2026-02-09 13:00:00,68707.6,68961.15,68707.6,68905.15,0
2026-02-09 13:05:00,68901.95,68916.45,68753.35,68829.45,0
2026-02-09 13:10:00,68824.25,68824.25,68570.35,68585.05,0
2026-02-09 13:15:00,68588.15,68762.75,68555.85,68667.85,0
2026-02-09 13:20:00,68655.65,68843.85,68630.25,68793.55,0
2026-02-09 13:25:00,68796.65,68923.45,68794.85,68845.95,0
2026-02-09 13:30:00,68846.95,69000.45,68753.8,68781.35,0
2026-02-09 13:35:00,68787.65,68935.05,68784.65,68882.75,0
2026-02-09 13:40:00,68883.65,68968.25,68835.35,68888.55,0
2026-02-09 13:45:00,68891.5,68962.85,68761.25,68807.85,0
2026-02-09 13:50:00,68811.05,68880.55,68652.15,68840.65,0
2026-02-09 13:55:00,68844.65,68906.45,68810.95,68906.45,0
2026-02-09 14:00:00,68900.95,69074.95,68829.75,69050.05,0
2026-02-09 14:05:00,69045.85,69180.75,68998.85,69147.95,0
2026-02-09 14:10:00,69151.95,69216.85,69092.55,69161.75,0
2026-02-09 14:15:00,69159.95,69159.95,69021.25,69102.85,0
2026-02-09 14:20:00,69102.85,69108.15,69032.65,69057.95,0
2026-02-09 14:25:00,69057.95,69082.45,68952.05,69013.45,0
2026-02-09 14:30:00,69013.45,69017.55,68909.45,68996.05,0
2026-02-09 14:35:00,69002.9,69147.95,69002.9,69088.55,0
2026-02-09 14:40:00,69083.55,69215.25,69083.25,69121.55,0
2026-02-09 14:45:00,69123.35,69165.25,69054.15,69058.05,0
2026-02-09 14:50:00,69058.05,69096.25,68985.05,69010.75,0
2026-02-09 14:55:00,69008.05,69134.25,68980.65,69119.85,0
2026-02-09 15:00:00,69119.85,69155.35,68965.05,68972.15,0
2026-02-09 15:05:00,68972.15,69095.65,68912.95,69050.25,0
2026-02-09 15:10:00,69043.65,69274.95,69030.05,69217.95,0
2026-02-09 15:15:00,69220.05,69224.55,68975.95,69123.75,0
2026-02-09 15:20:00,69123.75,69240.45,69105.65,69218.35,0
2026-02-09 15:25:00,69221.55,69254.95,69137.15,69246.75,0
2026-02-09 15:30:00,69239.25,69239.25,69061.35,69073.05,0
2026-02-09 15:35:00,69068.05,69156.05,69017.15,69156.05,0
2026-02-09 15:40:00,69156.05,69171.35,69023.25,69048.45,0
2026-02-09 15:45:00,69046.25,69128.95,68929.65,68950.55,0
2026-02-09 15:50:00,68945.65,68996.05,68751.85,68777.45,0
2026-02-09 15:55:00,68775.95,68775.95,68567.95,68571.55,0
2026-02-09 16:00:00,68573.25,68802.35,68557.35,68693.75,0
2026-02-09 16:05:00,68702.35,68766.35,68349.05,68497.25,0
2026-02-09 16:10:00,68502.6,68595.65,68275.05,68574.95,0
2026-02-09 16:15:00,68575.85,68673.25,68364.15,68542.15,0
2026-02-09 16:20:00,68539.55,68781.95,68476.35,68730.45,0
2026-02-09 16:25:00,68762.95,69023.85,68740.55,68960.35,0
2026-02-09 16:30:00,68960.35,69019.55,68621.35,68705.25,0
2026-02-09 16:35:00,68699.45,69360.35,68464.55,69322.45,0
2026-02-09 16:40:00,69323.95,69722.95,69155.75,69155.75,0
2026-02-09 16:45:00,69145.65,69343.85,68925.05,69297.35,0
2026-02-09 16:50:00,69304.15,69419.35,69153.85,69331.35,0
2026-02-09 16:55:00,69340.45,69425.75,69126.75,69241.85,0
2026-02-09 17:00:00,69238.55,69673.65,69238.55,69673.65,0
2026-02-09 17:05:00,69674.95,69851.15,69527.05,69580.55,0
2026-02-09 17:10:00,69585.75,69592.55,69386.75,69450.75,0
2026-02-09 17:15:00,69455.6,69638.55,69237.05,69344.05,0
2026-02-09 17:20:00,69361.7,69388.05,68948.15,68957.85,0
2026-02-09 17:25:00,68959.75,68994.25,68792.75,68888.75,0
2026-02-09 17:30:00,68889.6,69105.05,68819.85,69003.75,0
2026-02-09 17:35:00,69005.6,69507.75,69005.6,69413.85,0
2026-02-09 17:40:00,69389.35,69620.95,69374.05,69504.45,0
2026-02-09 17:45:00,69501.85,69598.95,69266.05,69406.85,0
2026-02-09 17:50:00,69393.05,69456.95,69148.35,69455.05,0
2026-02-09 17:55:00,69457.1,69588.05,69428.45,69543.45,0
2026-02-09 18:00:00,69537.15,69694.95,69347.35,69445.65,0
2026-02-09 18:05:00,69446.05,69480.65,69110.95,69186.75,0
2026-02-09 18:10:00,69190.55,69299.95,69065.45,69174.85,0
2026-02-09 18:15:00,69181.25,69389.95,69122.55,69215.35,0
2026-02-09 18:20:00,69217.35,69457.45,69198.95,69439.85,0
2026-02-09 18:25:00,69438.6,69599.95,69340.25,69571.25,0
2026-02-09 18:30:00,69570.05,69682.95,69365.45,69412.65,0
2026-02-09 18:35:00,69402.95,69506.95,69295.65,69421.65,0
2026-02-09 18:40:00,69432.2,69999.85,69414.75,69910.55,0
2026-02-09 18:45:00,69896.85,70390.95,69896.85,70089.65,0
2026-02-09 18:50:00,70092.75,70185.25,69899.45,70031.75,0
2026-02-09 18:55:00,70029.8,70189.15,70014.05,70061.85,0
2026-02-09 19:00:00,70053.45,70304.95,70029.85,70226.75,0
2026-02-09 19:05:00,70214.85,70227.55,69951.75,70031.95,0
2026-02-09 19:10:00,70024.15,70114.05,69843.45,69892.25,0
2026-02-09 19:15:00,69895.15,70181.15,69889.85,70089.05,0
2026-02-09 19:20:00,70086.25,70091.95,69928.05,69958.85,0
2026-02-09 19:25:00,69962.55,70033.75,69845.9,70022.55,0
2026-02-09 19:30:00,70022.05,70313.95,69953.35,70134.35,0
2026-02-09 19:35:00,70129.05,70575.0,70112.85,70530.75,0
2026-02-09 19:40:00,70527.35,70960.75,70477.65,70822.65,0
2026-02-09 19:45:00,70821.35,70907.45,70565.05,70752.95,0
2026-02-09 19:50:00,70745.25,70872.85,70635.15,70686.45,0
2026-02-09 19:55:00,70683.35,70775.95,70575.05,70588.45,0
2026-02-09 20:00:00,70589.65,70994.55,70535.05,70800.75,0
2026-02-09 20:05:00,70805.45,70892.95,70526.75,70604.75,0
2026-02-09 20:10:00,70610.05,70619.35,70457.45,70517.65,0
2026-02-09 20:15:00,70518.8,70568.65,70330.35,70481.75,0
2026-02-09 20:20:00,70480.65,70574.85,70117.75,70252.85,0
2026-02-09 20:25:00,70256.95,70289.95,70062.25,70261.15,0
2026-02-09 20:30:00,70262.15,70467.55,70111.95,70411.55,0
2026-02-09 20:35:00,70411.55,70484.35,70280.45,70340.15,0
2026-02-09 20:40:00,70342.75,70442.95,70229.05,70410.55,0
2026-02-09 20:45:00,70408.1,70523.95,70298.95,70355.45,0
2026-02-09 20:50:00,70360.1,70451.95,70241.15,70274.25,0
2026-02-09 20:55:00,70276.15,70397.55,70229.05,70397.55,0
2026-02-09 21:00:00,70388.05,70501.35,70237.95,70447.75,0
2026-02-09 21:05:00,70443.95,70468.15,70347.45,70457.45,0
2026-02-09 21:10:00,70463.15,70504.95,70360.25,70458.45,0
2026-02-09 21:15:00,70469.4,70601.2,70425.15,70530.75,0
2026-02-09 21:20:00,70532.6,70602.75,70430.45,70602.75,0
2026-02-09 21:25:00,70603.05,70674.95,70555.35,70647.95,0
2026-02-09 21:30:00,70647.25,70852.35,70607.95,70752.55,0
2026-02-09 21:35:00,70744.75,70898.25,70724.05,70896.75,0
2026-02-09 21:40:00,70891.75,70942.45,70823.05,70895.55,0
2026-02-09 21:45:00,70893.95,70958.45,70766.35,70934.15,0
2026-02-09 21:50:00,70934.05,71039.95,70846.25,70936.55,0
2026-02-09 21:55:00,70934.25,71054.75,70841.05,70937.45,0
2026-02-09 22:00:00,70934.05,70938.05,70691.35,70811.75,0
2026-02-09 22:05:00,70808.15,71105.65,70777.15,71033.95,0
2026-02-09 22:10:00,71035.35,71054.95,70928.75,70965.15,0
2026-02-09 22:15:00,70963.65,70979.75,70571.75,70654.95,0
2026-02-09 22:20:00,70652.95,70730.95,70496.6,70657.65,0
2026-02-09 22:25:00,70651.65,70651.65,70475.05,70528.55,0
2026-02-09 22:30:00,70526.55,70667.95,70475.05,70580.15,0
2026-02-09 22:35:00,70576.05,70787.65,70517.05,70737.55,0
2026-02-09 22:40:00,70741.8,70816.05,70697.05,70808.15,0
2026-02-09 22:45:00,70811.65,70845.95,70670.05,70779.65,0
2026-02-09 22:50:00,70771.15,70799.95,70679.05,70749.25,0
2026-02-09 22:55:00,70746.95,70851.85,70661.25,70706.65,0
2026-02-09 23:00:00,70715.05,70785.55,70576.85,70592.05,0
2026-02-09 23:05:00,70592.05,70605.05,70364.05,70439.85,0
2026-02-09 23:10:00,70433.95,70457.45,70367.15,70386.65,0
2026-02-09 23:15:00,70390.45,70437.25,70275.05,70331.45,0
2026-02-09 23:20:00,70334.75,70484.35,70298.95,70460.85,0
2026-02-09 23:25:00,70452.55,70453.05,70299.85,70299.85,0
2026-02-09 23:30:00,70299.85,70344.25,69925.05,69974.95,0
2026-02-09 23:35:00,69981.35,70082.55,69866.35,69970.65,0
2026-02-09 23:40:00,69966.15,70046.25,69938.95,69987.65,0
2026-02-09 23:45:00,69988.95,70073.95,69798.45,70023.05,0
2026-02-09 23:50:00,70033.25,70477.15,70033.25,70467.95,0
2026-02-09 23:55:00,70462.55,70462.55,70305.65,70378.25,0
2026-02-10 00:00:00,70381.3,70437.15,70251.75,70328.65,0
2026-02-10 00:05:00,70329.75,70386.45,70272.75,70374.85,0
2026-02-10 00:10:00,70384.85,70701.65,70384.85,70624.35,0
2026-02-10 00:15:00,70623.45,70623.45,70457.95,70466.35,0
2026-02-10 00:20:00,70474.95,70483.15,70348.25,70412.75,0
2026-02-10 00:25:00,70412.75,70523.95,70412.75,70427.55,0
2026-02-10 00:30:00,70432.35,70475.35,70386.15,70416.25,0
2026-02-10 00:35:00,70422.4,70470.95,70375.05,70434.35,0
2026-02-10 00:40:00,70420.95,70532.95,70405.65,70494.95,0
2026-02-10 00:45:00,70495.55,70584.35,70401.05,70460.95,0
2026-02-10 00:50:00,70460.95,70460.95,70330.25,70336.95,0
2026-02-10 00:55:00,70338.9,70404.35,70322.15,70350.65,0
2026-02-10 01:00:00,70347.65,70451.95,70301.05,70419.85,0
2026-02-10 01:05:00,70420.35,70559.25,70413.25,70525.05,0
2026-02-10 01:10:00,70519.25,70537.95,70310.05,70415.95,0
2026-02-10 01:15:00,70419.95,70484.15,70367.45,70428.35,0
2026-02-10 01:20:00,70431.75,70463.95,70282.65,70312.35,0
2026-02-10 01:25:00,70304.05,70318.75,70238.05,70260.95,0
2026-02-10 01:30:00,70262.55,70321.35,70238.85,70309.15,0
2026-02-10 01:35:00,70309.15,70336.45,70286.55,70332.25,0
2026-02-10 01:40:00,70332.25,70424.95,70327.85,70370.95,0
2026-02-10 01:45:00,70367.05,70369.75,70175.05,70177.25,0
2026-02-10 01:50:00,70178.45,70195.95,70062.65,70150.85,0
2026-02-10 01:55:00,70157.05,70160.05,70083.25,70115.65,0
2026-02-10 02:00:00,70118.85,70232.35,70071.15,70071.15,0
2026-02-10 02:05:00,70071.95,70124.05,69955.75,69977.85,0
2026-02-10 02:10:00,69975.45,70164.25,69947.55,70164.25,0
2026-02-10 02:15:00,70158.95,70181.95,70023.15,70028.55,0
2026-02-10 02:20:00,70029.55,70053.65,69872.05,69880.05,0
2026-02-10 02:25:00,69875.85,69978.65,69856.65,69964.35,0
2026-02-10 02:30:00,69959.35,70094.15,69932.15,70066.55,0
2026-02-10 02:35:00,70065.05,70065.05,69914.05,69967.65,0
2026-02-10 02:40:00,69962.25,69962.25,69738.25,69757.05,0
2026-02-10 02:45:00,69752.45,69852.75,69726.05,69740.35,0
2026-02-10 02:50:00,69742.15,69892.65,69736.15,69813.25,0
2026-02-10 02:55:00,69811.95,69881.25,69780.75,69802.25,0
2026-02-10 03:00:00,69802.75,70027.15,69802.75,69939.85,0
2026-02-10 03:05:00,69937.15,70102.65,69858.15,70084.55,0
2026-02-10 03:10:00,70089.4,70134.35,70009.2,70093.75,0
2026-02-10 03:15:00,70091.95,70186.05,70032.95,70157.25,0
2026-02-10 03:20:00,70157.25,70279.1,70153.85,70214.35,0
2026-02-10 03:25:00,70214.35,70442.95,70210.75,70348.75,0
2026-02-10 03:30:00,70345.05,70440.45,70221.05,70404.25,0
2026-02-10 03:35:00,70402.65,70500.95,70265.05,70409.05,0
2026-02-10 03:40:00,70402.25,70445.85,70357.55,70445.85,0
2026-02-10 03:45:00,70445.85,70466.15,70352.25,70367.85,0
2026-02-10 03:50:00,70369.85,70424.95,70257.55,70366.65,0
2026-02-10 03:55:00,70362.15,70468.85,70328.75,70458.15,0
2026-02-10 04:00:00,70458.05,70458.05,70321.45,70334.05,0
2026-02-10 04:05:00,70334.05,70412.45,70274.05,70282.95,0
2026-02-10 04:10:00,70282.95,70351.15,70259.55,70333.85,0
2026-02-10 04:15:00,70339.95,70430.55,70225.05,70280.05,0
2026-02-10 04:20:00,70275.95,70352.15,70271.55,70342.95,0
2026-02-10 04:25:00,70335.85,70347.45,70220.05,70224.85,0
2026-02-10 04:30:00,70227.2,70280.95,70178.85,70216.05,0
2026-02-10 04:35:00,70214.05,70215.25,70064.85,70072.05,0
2026-02-10 04:40:00,70072.05,70114.05,70022.05,70029.35,0
2026-02-10 04:45:00,70027.25,70168.65,69963.15,70111.15,0
2026-02-10 04:50:00,70109.85,70163.55,70075.05,70075.05,0
2026-02-10 04:55:00,70079.05,70111.75,70011.25,70080.75,0
2026-02-10 05:00:00,70081.75,70145.95,69975.05,69975.05,0
2026-02-10 05:05:00,69973.25,69980.25,69730.15,69786.15,0
2026-02-10 05:10:00,69785.55,69866.45,69752.25,69818.35,0
2026-02-10 05:15:00,69817.15,69888.45,69531.45,69548.25,0
2026-02-10 05:20:00,69553.95,69686.95,69548.95,69635.75,0
2026-02-10 05:25:00,69643.35,69703.85,69460.85,69523.35,0
2026-02-10 05:30:00,69520.55,69520.55,69184.45,69393.95,0
2026-02-10 05:35:00,69404.75,69443.75,69272.65,69359.65,0
2026-02-10 05:40:00,69358.65,69368.45,69284.15,69352.15,0
2026-02-10 05:45:00,69357.25,69489.65,69320.35,69473.85,0
2026-02-10 05:50:00,69468.15,69565.75,69468.15,69527.25,0
2026-02-10 05:55:00,69527.25,69572.75,69443.05,69484.45,0
2026-02-10 06:00:00,69478.55,69593.75,69447.75,69593.75,0
2026-02-10 06:05:00,69596.85,69722.95,69596.85,69717.45,0
2026-02-10 06:10:00,69720.15,69834.65,69666.95,69772.15,0
2026-02-10 06:15:00,69767.05,69790.45,69630.45,69662.95,0
2026-02-10 06:20:00,69660.95,69758.85,69638.25,69645.15,0
2026-02-10 06:25:00,69644.25,69798.65,69582.65,69798.65,0
2026-02-10 06:30:00,69793.25,69793.25,69707.05,69754.05,0
2026-02-10 06:35:00,69754.05,69845.55,69726.95,69746.45,0
2026-02-10 06:40:00,69743.05,69743.05,69606.95,69671.75,0
2026-02-10 06:45:00,69668.55,69762.95,69628.85,69759.05,0
2026-02-10 06:50:00,69759.55,69845.55,69746.65,69829.75,0
2026-02-10 06:55:00,69829.75,69874.95,69800.85,69807.65,0
2026-02-10 07:00:00,69814.35,69833.65,69692.55,69742.95,0
2026-02-10 07:05:00,69742.85,69742.85,69655.55,69706.45,0
2026-02-10 07:10:00,69703.35,69791.85,69655.55,69780.45,0
2026-02-10 07:15:00,69773.95,69773.95,69604.45,69639.15,0
2026-02-10 07:20:00,69635.05,69639.15,69536.05,69582.25,0
2026-02-10 07:25:00,69583.25,69583.25,69455.05,69498.75,0
2026-02-10 07:30:00,69495.6,69557.85,69392.05,69530.75,0
2026-02-10 07:35:00,69535.45,69672.85,69515.25,69584.85,0
2026-02-10 07:40:00,69585.75,69615.95,69259.85,69335.85,0
2026-02-10 07:45:00,69342.75,69381.45,69239.05,69252.35,0
2026-02-10 07:50:00,69252.35,69389.95,69180.95,69379.65,0
2026-02-10 07:55:00,69374.95,69452.15,69310.85,69422.75,0
2026-02-10 08:00:00,69422.75,69470.95,69351.05,69417.25,0
2026-02-10 08:05:00,69425.15,69471.95,69307.55,69356.35,0
2026-02-10 08:10:00,69352.75,69372.65,69286.05,69314.35,0
2026-02-10 08:15:00,69314.35,69344.25,69217.85,69340.55,0
2026-02-10 08:20:00,69340.55,69371.45,69073.55,69133.15,0
2026-02-10 08:25:00,69138.55,69263.95,69053.1,69180.35,0
2026-02-10 08:30:00,69180.35,69265.45,69158.05,69185.75,0
2026-02-10 08:35:00,69188.45,69272.35,69119.55,69139.65,0
2026-02-10 08:40:00,69137.35,69137.35,68979.95,69009.65,0
2026-02-10 08:45:00,69003.85,69030.65,68653.35,68827.85,0
2026-02-10 08:50:00,68831.95,68874.05,68723.25,68774.85,0
2026-02-10 08:55:00,68779.15,68924.25,68743.85,68891.45,0
2026-02-10 09:00:00,68900.65,69142.45,68819.75,69112.05,0
2026-02-10 09:05:00,69110.85,69123.45,68963.75,68971.55,0
2026-02-10 09:10:00,68971.55,69182.65,68961.95,69091.45,0
2026-02-10 09:15:00,69084.55,69084.55,68920.85,68997.35,0
2026-02-10 09:20:00,69001.55,69118.35,69001.55,69047.95,0
2026-02-10 09:25:00,69045.45,69088.65,68985.95,69063.15,0
2026-02-10 09:30:00,69062.65,69116.35,68935.05,68938.25,0
2026-02-10 09:35:00,68944.05,68970.45,68842.35,68920.65,0
2026-02-10 09:40:00,68917.65,68965.35,68902.25,68928.65,0
2026-02-10 09:45:00,68928.65,69024.95,68902.95,68944.65,0
2026-02-10 09:50:00,68943.65,69002.15,68877.55,68910.35,0
2026-02-10 09:55:00,68910.35,68957.95,68870.75,68896.35,0
2026-02-10 10:00:00,68896.35,68960.25,68849.55,68856.15,0
2026-02-10 10:05:00,68859.95,68952.15,68820.35,68940.45,0
2026-02-10 10:10:00,68935.65,68970.05,68787.25,68811.05,0
2026-02-10 10:15:00,68803.85,68803.85,68702.25,68775.25,0
2026-02-10 10:20:00,68769.75,69078.85,68692.65,69065.65,0
2026-02-10 10:25:00,69086.75,69086.75,68987.05,69007.25,0
2026-02-10 10:30:00,69003.95,69105.95,68988.15,69030.65,0
2026-02-10 10:35:00,69033.45,69033.45,68808.15,68965.65,0
2026-02-10 10:40:00,68962.25,69101.95,68906.45,69045.95,0
2026-02-10 10:45:00,69053.55,69145.75,69044.75,69145.75,0
2026-02-10 10:50:00,69146.95,69198.85,69074.25,69181.75,0
2026-02-10 10:55:00,69186.55,69186.55,69047.55,69106.85,0
2026-02-10 11:00:00,69102.55,69342.95,69060.25,69342.95,0
2026-02-10 11:05:00,69333.9,69333.9,69216.75,69299.55,0
2026-02-10 11:10:00,69300.85,69307.15,69204.15,69235.55,0
2026-02-10 11:15:00,69236.85,69342.15,69224.35,69340.95,0
2026-02-10 11:20:00,69339.65,69380.95,69203.05,69380.95,0
2026-02-10 11:25:00,69377.05,69389.95,69255.05,69255.05,0
2026-02-10 11:30:00,69254.05,69264.15,69131.05,69141.05,0
2026-02-10 11:35:00,69145.95,69175.75,69096.55,69143.45,0
2026-02-10 11:40:00,69136.75,69182.95,69111.15,69178.95,0
2026-02-10 11:45:00,69178.05,69226.25,68994.05,68998.05,0
2026-02-10 11:50:00,69000.85,69108.25,68924.95,69085.55,0
2026-02-10 11:55:00,69085.55,69146.95,69082.95,69126.95,0
2026-02-10 12:00:00,69131.55,69200.85,69073.95,69106.25,0
2026-02-10 12:05:00,69109.45,69164.95,69065.45,69138.25,0
2026-02-10 12:10:00,69136.05,69136.05,69085.95,69123.45,0
2026-02-10 12:15:00,69123.45,69123.45,68983.95,69022.45,0
2026-02-10 12:20:00,69022.45,69110.25,68998.05,69105.55,0
2026-02-10 12:25:00,69105.55,69232.55,69105.55,69140.55,0
2026-02-10 12:30:00,69136.75,69143.15,69010.75,69024.75,0
2026-02-10 12:35:00,69023.05,69023.05,68928.65,68947.85,0
2026-02-10 12:40:00,68951.55,68994.95,68945.05,68968.05,0
2026-02-10 12:45:00,68968.05,69023.85,68928.65,68981.75,0
2026-02-10 12:50:00,68982.5,69025.15,68957.25,69012.25,0
2026-02-10 12:55:00,69012.25,69022.95,68889.45,68889.45,0
2026-02-10 13:00:00,68889.45,68908.75,68795.95,68866.75,0
2026-02-10 13:05:00,68868.25,68965.75,68807.45,68836.85,0
2026-02-10 13:10:00,68838.4,68901.65,68811.55,68879.25,0
2026-02-10 13:15:00,68874.35,68974.95,68855.05,68955.45,0
2026-02-10 13:20:00,68955.45,68965.65,68884.95,68928.25,0
2026-02-10 13:25:00,68925.25,68946.45,68859.75,68901.95,0
2026-02-10 13:30:00,68904.95,69055.75,68877.25,69036.85,0
2026-02-10 13:35:00,69035.65,69039.15,68943.35,68981.25,0
2026-02-10 13:40:00,68977.15,68977.45,68485.85,68637.95,0
2026-02-10 13:45:00,68635.75,68744.45,68425.05,68679.45,0
2026-02-10 13:50:00,68677.65,68759.45,68489.45,68529.25,0
2026-02-10 13:55:00,68522.25,68616.45,68467.55,68499.05,0
2026-02-10 14:00:00,68500.15,68749.45,68500.15,68675.45,0
2026-02-10 14:05:00,68676.05,68793.95,68587.95,68671.85,0
2026-02-10 14:10:00,68665.85,68734.35,68585.15,68597.55,0
2026-02-10 14:15:00,68592.45,68651.75,68513.75,68531.35,0
2026-02-10 14:20:00,68536.25,68728.65,68536.05,68723.65,0
2026-02-10 14:25:00,68727.25,68753.45,68701.55,68733.45,0
2026-02-10 14:30:00,68730.3,68824.95,68669.95,68669.95,0
2026-02-10 14:35:00,68665.85,68665.85,68586.65,68623.95,0
2026-02-10 14:40:00,68627.75,68650.55,68524.65,68539.35,0
2026-02-10 14:45:00,68540.45,68571.55,68400.05,68526.35,0
2026-02-10 14:50:00,68531.15,68643.25,68515.75,68604.35,0
2026-02-10 14:55:00,68600.75,68661.55,68575.85,68579.55,0
2026-02-10 15:00:00,68579.25,68593.55,68442.15,68455.65,0
2026-02-10 15:05:00,68456.95,68565.15,68325.05,68558.75,0
2026-02-10 15:10:00,68561.85,68567.35,68410.05,68557.05,0
2026-02-10 15:15:00,68553.05,68682.25,68498.15,68610.15,0
2026-02-10 15:20:00,68597.85,68734.5,68597.85,68734.5,0
2026-02-10 15:25:00,68738.05,68774.95,68669.95,68705.15,0
2026-02-10 15:30:00,68704.1,69007.15,68664.05,69000.55,0
2026-02-10 15:35:00,69001.45,69032.85,68884.65,68925.15,0
2026-02-10 15:40:00,68925.9,68997.05,68862.75,68997.05,0
2026-02-10 15:45:00,68996.95,69107.55,68922.55,68922.55,0
2026-02-10 15:50:00,68926.45,68980.75,68859.55,68949.85,0
2026-02-10 15:55:00,68953.35,69022.75,68928.45,68995.75,0
2026-02-10 16:00:00,68994.55,69031.95,68847.95,68848.35,0
2026-02-10 16:05:00,68846.9,69068.75,68842.15,69066.05,0
2026-02-10 16:10:00,69069.15,69149.45,69042.95,69098.25,0
2026-02-10 16:15:00,69104.85,69561.65,69098.35,69469.15,0
2026-02-10 16:20:00,69462.55,69462.55,69249.75,69291.05,0
2026-02-10 16:25:00,69295.15,69330.05,69175.85,69187.15,0
2026-02-10 16:30:00,69184.65,69403.45,68959.25,69068.95,0
2026-02-10 16:35:00,69074.05,69145.75,68346.65,68544.55,0
2026-02-10 16:40:00,68536.85,68546.85,67882.85,68197.75,0
2026-02-10 16:45:00,68201.55,68277.35,67878.55,67991.05,0
2026-02-10 16:50:00,68005.75,68403.05,67939.45,68382.35,0
2026-02-10 16:55:00,68368.65,68558.55,68290.95,68432.75,0
2026-02-10 17:00:00,68430.05,68649.05,68263.15,68536.25,0
2026-02-10 17:05:00,68533.05,69122.15,68470.65,68914.15,0
2026-02-10 17:10:00,68920.45,69082.45,68561.35,68620.85,0
2026-02-10 17:15:00,68609.45,68883.35,68505.05,68864.75,0
2026-02-10 17:20:00,68873.35,69148.45,68803.35,68958.15,0
2026-02-10 17:25:00,68952.05,69300.15,68922.65,69188.85,0
2026-02-10 17:30:00,69185.65,69383.35,69147.95,69265.85,0
2026-02-10 17:35:00,69262.15,69479.95,69159.25,69325.05,0
2026-02-10 17:40:00,69315.85,69485.85,69182.65,69261.35,0
2026-02-10 17:45:00,69253.45,69399.95,69085.85,69372.85,0
2026-02-10 17:50:00,69369.75,69369.75,69138.95,69359.85,0
2026-02-10 17:55:00,69356.75,69388.65,69075.05,69254.55,0
2026-02-10 18:00:00,69253.1,69295.75,69018.25,69032.75,0
2026-02-10 18:05:00,69038.95,69137.75,68901.05,68975.35,0
2026-02-10 18:10:00,68983.65,69693.95,68983.65,69651.05,0
2026-02-10 18:15:00,69654.95,69788.75,69458.2,69475.75,0
2026-02-10 18:20:00,69478.45,69505.65,69243.25,69385.85,0
2026-02-10 18:25:00,69390.85,69524.95,69344.65,69399.35,0
2026-02-10 18:30:00,69397.15,69457.45,69238.05,69359.35,0
2026-02-10 18:35:00,69362.95,69640.35,69346.85,69558.45,0
2026-02-10 18:40:00,69559.25,69616.75,69375.05,69455.65,0
2026-02-10 18:45:00,69459.85,69548.75,69328.25,69385.95,0
2026-02-10 18:50:00,69385.85,69432.75,69268.05,69369.15,0
2026-02-10 18:55:00,69361.15,69578.55,69327.35,69485.35,0
2026-02-10 19:00:00,69483.7,69513.05,69285.35,69347.25,0
2026-02-10 19:05:00,69349.05,69425.45,69302.35,69421.05,0
2026-02-10 19:10:00,69424.15,69475.75,69299.55,69374.55,0
2026-02-10 19:15:00,69374.55,69651.15,69325.85,69592.65,0
2026-02-10 19:20:00,69589.85,69724.95,69550.05,69642.95,0
2026-02-10 19:25:00,69640.25,69792.55,69596.05,69646.55,0
2026-02-10 19:30:00,69644.65,69924.95,69605.65,69775.85,0
2026-02-10 19:35:00,69771.85,69900.15,69720.75,69817.95,0
2026-02-10 19:40:00,69814.25,69968.05,69782.45,69853.15,0
2026-02-10 19:45:00,69853.55,69915.95,69800.35,69823.35,0
2026-02-10 19:50:00,69823.65,69901.55,69675.05,69719.65,0
2026-02-10 19:55:00,69720.75,69899.55,69692.45,69899.55,0
2026-02-10 20:00:00,69901.75,69914.15,69715.85,69715.85,0
2026-02-10 20:05:00,69715.85,69733.05,69536.45,69639.65,0
2026-02-10 20:10:00,69643.25,69666.05,69531.85,69556.55,0
2026-02-10 20:15:00,69553.95,69571.45,69458.75,69517.35,0
2026-02-10 20:20:00,69522.05,69535.75,69189.25,69310.15,0
2026-02-10 20:25:00,69313.35,69362.95,68851.75,68875.65,0
2026-02-10 20:30:00,68869.55,69085.95,68754.35,68781.75,0
2026-02-10 20:35:00,68775.95,69060.05,68775.45,68960.15,0
2026-02-10 20:40:00,68951.3,69052.15,68930.75,68967.65,0
2026-02-10 20:45:00,68969.25,69005.35,68590.05,68710.45,0
2026-02-10 20:50:00,68720.7,68849.95,68681.05,68820.45,0
2026-02-10 20:55:00,68815.75,69020.35,68768.45,68873.75,0
2026-02-10 21:00:00,68871.85,68965.75,68666.45,68693.05,0
2026-02-10 21:05:00,68689.15,68886.95,68684.35,68878.15,0
2026-02-10 21:10:00,68879.85,68950.55,68816.05,68891.25,0
2026-02-10 21:15:00,68890.3,68934.55,68701.15,68811.25,0
2026-02-10 21:20:00,68814.25,68875.75,68794.95,68841.45,0
2026-02-10 21:25:00,68839.55,68910.85,68706.85,68910.85,0
2026-02-10 21:30:00,68907.25,69054.05,68862.95,68961.95,0
2026-02-10 21:35:00,68959.15,69261.45,68953.75,69202.55,0
2026-02-10 21:40:00,69199.35,69207.15,69116.25,69182.25,0
2026-02-10 21:45:00,69183.65,69282.15,69115.85,69191.75,0
2026-02-10 21:50:00,69191.75,69196.95,69028.15,69036.55,0
2026-02-10 21:55:00,69037.15,69059.95,68977.75,69040.15,0
2026-02-10 22:00:00,69035.25,69115.15,68934.85,68967.45,0
2026-02-10 22:05:00,68970.35,69022.65,68915.95,68937.45,0
2026-02-10 22:10:00,68937.35,68970.65,68705.75,68736.65,0
2026-02-10 22:15:00,68734.65,68855.75,68734.65,68848.85,0
2026-02-10 22:20:00,68842.6,68884.45,68745.65,68745.65,0
2026-02-10 22:25:00,68759.75,68839.25,68687.05,68790.75,0
2026-02-10 22:30:00,68786.25,68932.35,68641.05,68658.95,0
2026-02-10 22:35:00,68660.55,68817.25,68599.05,68800.75,0
2026-02-10 22:40:00,68801.35,68873.35,68780.65,68873.35,0
2026-02-10 22:45:00,68875.55,68952.85,68783.75,68846.15,0
2026-02-10 22:50:00,68843.65,68873.35,68681.85,68819.7,0
2026-02-10 22:55:00,68811.65,68813.05,68699.6,68741.15,0
2026-02-10 23:00:00,68729.45,68965.75,68705.85,68900.45,0
2026-02-10 23:05:00,68901.25,68992.75,68865.05,68897.25,0
2026-02-10 23:10:00,68897.25,68907.95,68800.65,68810.35,0
2026-02-10 23:15:00,68810.75,68903.65,68790.35,68888.95,0
2026-02-10 23:20:00,68893.95,68907.65,68747.05,68778.65,0
2026-02-10 23:25:00,68780.55,68824.15,68622.25,68622.25,0
2026-02-10 23:30:00,68618.85,68620.05,68353.05,68474.95,0
2026-02-10 23:35:00,68471.35,68537.25,68418.05,68452.25,0
2026-02-10 23:40:00,68450.65,68481.05,68332.45,68439.55,0
2026-02-10 23:45:00,68441.65,68573.55,68435.05,68544.25,0
2026-02-10 23:50:00,68545.45,68659.15,68545.45,68645.95,0
2026-02-10 23:55:00,68667.7,68707.95,68586.25,68633.75,0
2026-02-11 00:00:00,68635.45,68744.45,68611.5,68744.45,0
2026-02-11 00:05:00,68744.7,68772.45,68575.05,68588.65,0
2026-02-11 00:10:00,68590.65,68683.35,68586.55,68593.95,0
2026-02-11 00:15:00,68596.95,68676.45,68588.35,68591.75,0
2026-02-11 00:20:00,68591.75,68654.65,68575.25,68614.85,0
2026-02-11 00:25:00,68614.85,68674.95,68542.95,68660.55,0
2026-02-11 00:30:00,68660.55,68739.25,68634.55,68738.45,0
2026-02-11 00:35:00,68738.45,68811.05,68689.95,68811.05,0
2026-02-11 00:40:00,68812.55,68835.35,68639.75,68639.75,0
2026-02-11 00:45:00,68640.95,68717.85,68603.55,68637.75,0
2026-02-11 00:50:00,68641.05,68643.75,68613.35,68615.45,0
2026-02-11 00:55:00,68616.55,68742.05,68616.55,68675.05,0
2026-02-11 01:00:00,68659.0,68739.85,68632.35,68667.45,0
2026-02-11 01:05:00,68667.15,68667.15,68565.95,68598.45,0
2026-02-11 01:10:00,68598.45,68696.35,68598.45,68690.05,0
2026-02-11 01:15:00,68668.45,68668.45,68482.55,68596.55,0
2026-02-11 01:20:00,68596.65,68663.25,68532.75,68559.95,0
2026-02-11 01:25:00,68561.45,68652.45,68557.75,68635.15,0
2026-02-11 01:30:00,68635.15,68671.15,68562.85,68614.75,0
2026-02-11 01:35:00,68612.45,68744.95,68612.15,68705.95,0
2026-02-11 01:40:00,68705.25,68762.95,68657.55,68755.35,0
2026-02-11 01:45:00,68753.35,68819.75,68694.35,68819.75,0
2026-02-11 01:50:00,68819.75,68834.95,68747.95,68793.85,0
2026-02-11 01:55:00,68793.85,68821.55,68772.05,68819.25,0
2026-02-11 02:00:00,68815.05,68849.95,68778.95,68793.05,0
2026-02-11 02:05:00,68792.75,68949.95,68789.55,68883.65,0
2026-02-11 02:10:00,68883.65,68888.05,68758.85,68771.25,0
2026-02-11 02:15:00,68771.25,68998.25,68771.25,68989.15,0
2026-02-11 02:20:00,68984.25,69085.75,68938.75,69016.75,0
2026-02-11 02:25:00,69016.15,69219.65,69002.85,69164.35,0
2026-02-11 02:30:00,69162.75,69162.75,69051.85,69102.65,0
2026-02-11 02:35:00,69101.95,69197.65,69070.85,69072.95,0
2026-02-11 02:40:00,69074.75,69097.85,68990.55,69037.95,0
2026-02-11 02:45:00,69037.95,69103.85,69008.05,69090.95,0
2026-02-11 02:50:00,69091.35,69187.45,69067.35,69187.45,0
2026-02-11 02:55:00,69187.45,69210.85,69149.55,69165.65,0
2026-02-11 03:00:00,69171.15,69274.95,69157.35,69252.85,0
2026-02-11 03:05:00,69252.85,69252.85,69096.25,69128.45,0
2026-02-11 03:10:00,69128.45,69208.05,69061.85,69202.15,0
2026-02-11 03:15:00,69196.35,69243.95,69141.55,69149.55,0
2026-02-11 03:20:00,69146.95,69146.95,68949.25,68974.85,0
2026-02-11 03:25:00,68975.05,68991.95,68906.05,68928.25,0
2026-02-11 03:30:00,68931.05,68971.15,68882.85,68936.85,0
2026-02-11 03:35:00,68936.85,69005.95,68912.15,68912.15,0
2026-02-11 03:40:00,68923.9,69086.65,68923.9,69048.65,0
2026-02-11 03:45:00,69047.35,69086.55,68978.75,69009.35,0
2026-02-11 03:50:00,69014.5,69097.05,68994.65,69034.15,0
2026-02-11 03:55:00,69030.7,69042.95,68926.35,68967.75,0
2026-02-11 04:00:00,68963.65,69138.75,68954.15,69062.35,0
2026-02-11 04:05:00,69059.95,69081.75,68995.65,69059.95,0
2026-02-11 04:10:00,69062.35,69097.35,68916.85,68916.85,0
2026-02-11 04:15:00,68919.75,69024.95,68919.75,68992.45,0
2026-02-11 04:20:00,68993.15,69105.85,68964.75,69006.55,0
2026-02-11 04:25:00,69004.35,69088.25,68978.55,69037.85,0
2026-02-11 04:30:00,69039.25,69104.75,69000.85,69065.55,0
2026-02-11 04:35:00,69070.65,69093.85,69000.15,69000.15,0
2026-02-11 04:40:00,69002.95,69019.35,68844.25,68844.25,0
2026-02-11 04:45:00,68843.55,68848.05,68587.45,68610.85,0
2026-02-11 04:50:00,68605.45,68705.95,68603.75,68643.45,0
2026-02-11 04:55:00,68647.25,68688.45,68587.45,68657.55,0
2026-02-11 05:00:00,68659.05,68690.65,68527.05,68576.95,0
2026-02-11 05:05:00,68577.95,68698.25,68549.95,68684.15,0
2026-02-11 05:10:00,68689.45,68730.25,68495.75,68504.55,0
2026-02-11 05:15:00,68500.45,68533.95,68063.35,68075.55,0
2026-02-11 05:20:00,68077.25,68243.05,67987.05,68220.65,0
2026-02-11 05:25:00,68224.75,68372.55,68200.95,68261.95,0
2026-02-11 05:30:00,68258.65,68399.25,68228.15,68302.75,0
2026-02-11 05:35:00,68306.05,68418.75,68302.15,68368.85,0
2026-02-11 05:40:00,68361.35,68528.55,68360.05,68404.35,0
2026-02-11 05:45:00,68410.15,68505.95,68339.65,68376.85,0
2026-02-11 05:50:00,68376.0,68410.95,68245.55,68255.35,0
2026-02-11 05:55:00,68259.55,68295.35,68145.25,68160.85,0
2026-02-11 06:00:00,68160.85,68277.45,68158.15,68245.15,0
2026-02-11 06:05:00,68248.45,68300.55,68144.55,68218.35,0
2026-02-11 06:10:00,68218.25,68236.45,67994.95,68014.35,0
2026-02-11 06:15:00,68017.55,68154.65,67966.15,68125.35,0
2026-02-11 06:20:00,68134.85,68149.05,67662.15,67815.25,0
2026-02-11 06:25:00,67817.25,67892.85,67520.85,67549.75,0
2026-02-11 06:30:00,67551.35,67680.95,67475.05,67553.45,0
2026-02-11 06:35:00,67548.95,67694.65,67404.35,67449.15,0
2026-02-11 06:40:00,67453.95,67528.45,67335.05,67484.75,0
2026-02-11 06:45:00,67479.65,67659.35,67467.25,67574.95,0
2026-02-11 06:50:00,67571.85,67659.75,67354.05,67426.15,0
2026-02-11 06:55:00,67428.95,67595.25,67381.4,67565.45,0
2026-02-11 07:00:00,67570.55,67766.95,67545.15,67701.45,0
2026-02-11 07:05:00,67695.95,67746.75,67675.85,67742.35,0
2026-02-11 07:10:00,67727.35,67769.45,67636.75,67693.15,0
2026-02-11 07:15:00,67694.95,67781.85,67635.05,67641.05,0
2026-02-11 07:20:00,67641.05,67764.25,67618.15,67651.05,0
2026-02-11 07:25:00,67654.75,67676.35,67520.65,67561.25,0
2026-02-11 07:30:00,67556.6,67563.35,67378.95,67392.35,0
2026-02-11 07:35:00,67390.25,67566.95,67366.75,67531.85,0
2026-02-11 07:40:00,67528.65,67554.4,67371.85,67416.45,0
2026-02-11 07:45:00,67410.35,67511.55,67384.75,67494.05,0
2026-02-11 07:50:00,67498.25,67560.15,67437.15,67529.85,0
2026-02-11 07:55:00,67526.85,67537.55,67372.55,67379.45,0
2026-02-11 08:00:00,67385.75,67471.35,67375.05,67425.65,0
2026-02-11 08:05:00,67425.9,67462.35,67080.35,67086.95,0
2026-02-11 08:10:00,67082.95,67163.45,66795.35,66899.05,0
2026-02-11 08:15:00,66891.45,67011.55,66669.4,66870.35,0
2026-02-11 08:20:00,66883.85,67086.95,66788.05,67053.55,0
2026-02-11 08:25:00,67061.25,67146.55,67053.55,67096.45,0
2026-02-11 08:30:00,67100.45,67152.65,66946.45,66958.35,0
2026-02-11 08:35:00,66951.0,67064.05,66949.95,66993.25,0
2026-02-11 08:40:00,66992.9,67013.55,66822.35,66829.15,0
2026-02-11 08:45:00,66831.95,66878.45,66678.85,66715.25,0
2026-02-11 08:50:00,66715.75,66772.45,66531.15,66735.95,0
2026-02-11 08:55:00,66736.95,66824.95,66707.05,66800.15,0
2026-02-11 09:00:00,66788.55,66826.55,66701.65,66769.05,0
2026-02-11 09:05:00,66774.95,66949.95,66715.65,66743.05,0
2026-02-11 09:10:00,66742.25,66753.35,66623.25,66725.85,0
2026-02-11 09:15:00,66723.55,66851.85,66641.25,66812.85,0
2026-02-11 09:20:00,66811.45,66851.45,66689.35,66807.95,0
2026-02-11 09:25:00,66807.95,66988.65,66765.75,66980.15,0
2026-02-11 09:30:00,66976.55,67068.25,66917.95,67043.45,0
2026-02-11 09:35:00,67051.15,67188.95,67051.15,67102.95,0
2026-02-11 09:40:00,67107.85,67136.55,66992.05,67136.55,0
2026-02-11 09:45:00,67132.85,67150.15,67063.65,67063.65,0
2026-02-11 09:50:00,67069.35,67237.95,67064.05,67175.65,0
2026-02-11 09:55:00,67168.35,67168.35,66997.05,67008.75,0
2026-02-11 10:00:00,67010.35,67084.45,66975.05,67006.35,0
2026-02-11 10:05:00,67011.05,67107.45,66839.55,66898.45,0
2026-02-11 10:10:00,66892.15,67013.25,66816.55,66881.05,0
2026-02-11 10:15:00,66887.25,66992.65,66793.05,66978.35,0
2026-02-11 10:20:00,66977.15,67063.2,66960.75,66980.15,0
2026-02-11 10:25:00,66978.05,67014.55,66810.65,66897.95,0
2026-02-11 10:30:00,66888.85,66933.35,66770.05,66916.85,0
2026-02-11 10:35:00,66916.95,67034.25,66901.95,66952.55,0
2026-02-11 10:40:00,66954.95,67017.55,66911.95,67008.75,0
2026-02-11 10:45:00,67006.25,67016.95,66927.35,66927.35,0
2026-02-11 10:50:00,66927.35,67011.55,66896.65,66922.35,0
2026-02-11 10:55:00,66928.95,66995.65,66881.85,66955.85,0
2026-02-11 11:00:00,66962.45,67087.35,66960.45,67002.95,0
2026-02-11 11:05:00,67007.85,67032.15,66812.05,66832.75,0
2026-02-11 11:10:00,66837.55,66911.65,66826.85,66906.65,0
2026-02-11 11:15:00,66887.8,66943.15,66783.05,66805.95,0
2026-02-11 11:20:00,66811.95,66879.55,66779.75,66824.55,0
2026-02-11 11:25:00,66827.65,66957.25,66827.65,66957.25,0
2026-02-11 11:30:00,66959.35,66987.05,66886.15,66895.55,0
2026-02-11 11:35:00,66900.35,66955.75,66838.25,66845.35,0
2026-02-11 11:40:00,66845.35,66873.85,66777.25,66829.85,0
2026-02-11 11:45:00,66831.25,66835.25,66699.95,66732.85,0
2026-02-11 11:50:00,66736.05,66845.05,66736.05,66826.45,0
2026-02-11 11:55:00,66824.05,66859.65,66783.65,66853.45,0
2026-02-11 12:00:00,66851.95,66853.15,66657.15,66692.15,0
2026-02-11 12:05:00,66694.95,66735.15,66617.05,66669.25,0
2026-02-11 12:10:00,66654.55,66806.35,66654.55,66721.75,0
2026-02-11 12:15:00,66726.15,66750.65,66659.15,66681.25,0
2026-02-11 12:20:00,66681.25,66786.15,66647.75,66729.05,0
2026-02-11 12:25:00,66731.95,66862.85,66691.25,66840.25,0
2026-02-11 12:30:00,66845.45,66853.55,66635.75,66643.55,0
2026-02-11 12:35:00,66637.45,66697.05,66531.75,66682.95,0
2026-02-11 12:40:00,66687.45,66743.15,66648.75,66700.35,0
2026-02-11 12:45:00,66701.45,66754.35,66572.95,66592.05,0
2026-02-11 12:50:00,66594.15,66701.85,66384.75,66474.35,0
2026-02-11 12:55:00,66480.85,66571.25,66352.65,66510.75,0
2026-02-11 13:00:00,66506.95,66674.95,66479.75,66663.65,0
2026-02-11 13:05:00,66672.05,66685.65,66580.25,66641.15,0
2026-02-11 13:10:00,66632.95,66698.45,66618.55,66637.15,0
2026-02-11 13:15:00,66637.15,66821.95,66606.35,66817.85,0
2026-02-11 13:20:00,66818.9,67039.65,66818.9,66998.15,0
2026-02-11 13:25:00,66999.55,67085.95,66966.75,66969.25,0
2026-02-11 13:30:00,66966.75,67003.15,66862.75,66931.25,0
2026-02-11 13:35:00,66928.95,67025.45,66925.05,66930.15,0
2026-02-11 13:40:00,66925.15,66930.15,66876.15,66900.05,0
2026-02-11 13:45:00,66904.25,67020.25,66904.25,66971.45,0
2026-02-11 13:50:00,66971.85,67070.65,66965.25,67017.95,0
2026-02-11 13:55:00,67015.85,67040.55,67006.15,67035.55,0
2026-02-11 14:00:00,67033.35,67069.75,66934.05,66942.75,0
2026-02-11 14:05:00,66948.75,67273.95,66948.75,67212.65,0
2026-02-11 14:10:00,67208.85,67208.85,67038.55,67077.65,0
2026-02-11 14:15:00,67077.35,67190.05,67061.45,67159.95,0
2026-02-11 14:20:00,67158.05,67405.45,67155.95,67370.75,0
2026-02-11 14:25:00,67365.05,67372.25,67194.65,67202.45,0
2026-02-11 14:30:00,67202.95,67247.05,67155.05,67209.65,0
2026-02-11 14:35:00,67207.75,67281.35,67133.35,67136.35,0
2026-02-11 14:40:00,67135.85,67139.05,67005.05,67064.35,0
2026-02-11 14:45:00,67064.35,67079.95,67012.65,67069.35,0
2026-02-11 14:50:00,67070.25,67148.75,66991.05,67116.35,0
2026-02-11 14:55:00,67108.45,67150.05,67054.95,67110.85,0
2026-02-11 15:00:00,67108.45,67164.75,67061.95,67072.75,0
2026-02-11 15:05:00,67070.55,67189.65,66935.05,66959.75,0
2026-02-11 15:10:00,66958.55,66958.55,66815.05,66900.55,0
2026-02-11 15:15:00,66900.55,66900.55,66780.05,66807.85,0
2026-02-11 15:20:00,66807.45,66993.65,66805.65,66914.85,0
2026-02-11 15:25:00,66913.35,67012.25,66802.95,67012.05,0
2026-02-11 15:30:00,67004.95,67636.05,66860.3,67497.55,0
2026-02-11 15:35:00,67496.75,67496.75,67216.15,67432.05,0
2026-02-11 15:40:00,67431.95,67431.95,67125.15,67200.95,0
2026-02-11 15:45:00,67203.25,67351.15,67187.85,67238.25,0
2026-02-11 15:50:00,67234.45,67290.85,66894.15,67060.85,0
2026-02-11 15:55:00,67061.35,67528.95,67061.35,67433.85,0
2026-02-11 16:00:00,67432.25,67859.55,67414.25,67850.35,0
2026-02-11 16:05:00,67847.05,67994.75,67683.45,67982.25,0
2026-02-11 16:10:00,67983.05,68788.7,67946.85,68423.45,0
2026-02-11 16:15:00,68429.75,68549.55,68190.45,68276.95,0
2026-02-11 16:20:00,68272.75,68272.75,67906.75,67950.15,0
2026-02-11 16:25:00,67953.05,68070.95,67915.45,67973.75,0
2026-02-11 16:30:00,67977.85,68218.85,67600.25,67662.05,0
2026-02-11 16:35:00,67654.05,67681.15,67157.45,67214.55,0
2026-02-11 16:40:00,67219.45,67324.95,66916.85,67208.85,0
2026-02-11 16:45:00,67198.25,67402.65,66817.75,66885.85,0
2026-02-11 16:50:00,66886.65,67064.95,66735.05,66906.05,0
2026-02-11 16:55:00,66897.35,67026.55,66408.35,66560.15,0
2026-02-11 17:00:00,66570.15,66772.55,66295.05,66397.45,0
2026-02-11 17:05:00,66392.05,66560.55,65823.15,65910.35,0
2026-02-11 17:10:00,65898.75,66126.65,65719.35,66063.75,0
2026-02-11 17:15:00,66072.45,66389.45,65865.55,66182.65,0
2026-02-11 17:20:00,66186.65,66512.45,66067.85,66132.25,0
2026-02-11 17:25:00,66125.55,66328.85,65862.85,66162.25,0
2026-02-11 17:30:00,66157.35,66381.95,66077.85,66318.35,0
2026-02-11 17:35:00,66328.65,66472.05,66207.25,66367.35,0
2026-02-11 17:40:00,66369.15,66784.15,66360.45,66729.5,0
2026-02-11 17:45:00,66734.05,66789.65,66147.95,66155.45,0
2026-02-11 17:50:00,66167.55,66566.15,66026.05,66505.15,0
2026-02-11 17:55:00,66499.3,66664.55,66422.25,66492.45,0
2026-02-11 18:00:00,66489.95,66634.75,66385.15,66525.95,0
2026-02-11 18:05:00,66531.65,66693.55,66478.05,66653.65,0
2026-02-11 18:10:00,66653.15,67211.35,66627.15,67125.55,0
2026-02-11 18:15:00,67118.05,67161.05,66859.55,66972.25,0
2026-02-11 18:20:00,66970.95,67160.95,66830.15,66885.35,0
2026-02-11 18:25:00,66887.45,66971.95,66547.85,66576.65,0
2026-02-11 18:30:00,66564.95,66707.45,66535.05,66602.75,0
2026-02-11 18:35:00,66604.55,66635.75,66130.05,66311.45,0
2026-02-11 18:40:00,66311.95,66434.65,66091.65,66103.25,0
2026-02-11 18:45:00,66107.65,66285.85,65925.05,66008.75,0
2026-02-11 18:50:00,66007.2,66169.45,65949.85,66137.75,0
2026-02-11 18:55:00,66130.75,66188.15,66005.05,66008.75,0
2026-02-11 19:00:00,66005.05,66090.25,65851.05,65963.65,0
2026-02-11 19:05:00,65969.75,66210.05,65962.15,66196.55,0
2026-02-11 19:10:00,66197.4,66326.55,66124.05,66236.55,0
2026-02-11 19:15:00,66241.5,66439.55,66241.5,66348.15,0
2026-02-11 19:20:00,66354.35,66614.95,66354.35,66471.05,0
2026-02-11 19:25:00,66475.6,66721.85,66475.6,66629.05,0
2026-02-11 19:30:00,66626.15,66792.45,66556.85,66727.55,0
2026-02-11 19:35:00,66736.15,66890.85,66709.75,66713.25,0
2026-02-11 19:40:00,66701.65,66769.15,66514.25,66587.45,0
2026-02-11 19:45:00,66590.65,66631.95,66418.05,66618.95,0
2026-02-11 19:50:00,66624.55,66754.95,66562.05,66652.05,0
2026-02-11 19:55:00,66656.05,66661.05,66485.35,66489.55,0
2026-02-11 20:00:00,66495.45,66534.85,66342.95,66344.85,0
2026-02-11 20:05:00,66348.35,66348.35,66190.55,66229.95,0
2026-02-11 20:10:00,66223.85,66446.15,66125.05,66434.95,0
2026-02-11 20:15:00,66432.05,66779.95,66423.75,66747.35,0
2026-02-11 20:20:00,66741.25,66933.75,66640.85,66903.35,0
2026-02-11 20:25:00,66898.3,67064.95,66825.65,66894.45,0
2026-02-11 20:30:00,66898.15,66944.55,66777.05,66834.75,0
2026-02-11 20:35:00,66831.35,67122.35,66815.05,67068.95,0
2026-02-11 20:40:00,67069.35,67168.25,66917.35,67003.35,0
2026-02-11 20:45:00,67003.35,67199.6,66971.15,67199.6,0
2026-02-11 20:50:00,67201.15,67246.65,67054.95,67214.85,0
2026-02-11 20:55:00,67214.55,67282.55,67152.25,67249.95,0
2026-02-11 21:00:00,67249.95,67355.85,67082.75,67345.65,0
2026-02-11 21:05:00,67347.25,67649.9,67217.75,67438.15,0
2026-02-11 21:10:00,67445.05,67666.95,67378.85,67611.85,0
2026-02-11 21:15:00,67614.15,67740.35,67458.85,67486.15,0
2026-02-11 21:20:00,67481.45,67626.45,67389.85,67559.25,0
2026-02-11 21:25:00,67559.65,67602.15,67393.0,67409.45,0
2026-02-11 21:30:00,67406.25,67449.55,67275.05,67449.55,0
2026-02-11 21:35:00,67445.55,67687.75,67410.75,67624.25,0
2026-02-11 21:40:00,67631.05,67836.95,67617.05,67767.15,0
2026-02-11 21:45:00,67760.45,67808.85,67587.85,67616.75,0
2026-02-11 21:50:00,67620.35,67690.65,67500.75,67554.35,0
2026-02-11 21:55:00,67560.85,67598.55,67498.85,67561.55,0
2026-02-11 22:00:00,67560.4,67707.65,67508.95,67601.45,0
2026-02-11 22:05:00,67596.25,67602.25,67403.05,67509.45,0
2026-02-11 22:10:00,67502.05,67635.65,67477.45,67629.05,0
2026-02-11 22:15:00,67625.75,67734.45,67538.25,67560.95,0
2026-02-11 22:20:00,67559.95,67598.55,67403.05,67427.85,0
2026-02-11 22:25:00,67431.45,67449.55,67179.65,67189.65,0
2026-02-11 22:30:00,67182.05,67305.25,67151.15,67295.25,0
2026-02-11 22:35:00,67287.75,67414.95,67250.75,67359.95,0
2026-02-11 22:40:00,67360.85,67404.15,67269.15,67279.55,0
2026-02-11 22:45:00,67272.25,67627.65,67264.75,67606.95,0
2026-02-11 22:50:00,67603.75,67617.95,67475.05,67479.85,0
2026-02-11 22:55:00,67473.95,67622.65,67473.55,67537.25,0
2026-02-11 23:00:00,67538.25,67571.35,67381.85,67474.35,0
2026-02-11 23:05:00,67484.15,67694.85,67484.15,67663.05,0
2026-02-11 23:10:00,67663.05,67735.75,67632.55,67664.85,0
2026-02-11 23:15:00,67664.85,67707.25,67571.55,67655.05,0
2026-02-11 23:20:00,67663.2,67967.55,67557.25,67918.55,0
2026-02-11 23:25:00,67935.65,68208.05,67889.75,68173.75,0
2026-02-11 23:30:00,68166.95,68244.55,67945.75,68072.05,0
2026-02-11 23:35:00,68076.85,68319.55,68076.85,68116.65,0
2026-02-11 23:40:00,68116.4,68152.35,67904.95,67967.55,0
2026-02-11 23:45:00,67976.05,67996.95,67868.85,67891.75,0
2026-02-11 23:50:00,67891.05,67966.95,67863.65,67863.65,0
2026-02-11 23:55:00,67863.65,67895.35,67773.65,67784.55,0
2026-02-12 00:00:00,67790.85,67837.15,67676.15,67749.65,0
2026-02-12 00:05:00,67752.85,67849.75,67740.35,67740.35,0
2026-02-12 00:10:00,67740.35,67746.25,67564.05,67640.45,0
2026-02-12 00:15:00,67640.45,67752.25,67621.85,67621.85,0
2026-02-12 00:20:00,67614.15,67636.45,67512.65,67540.95,0
2026-02-12 00:25:00,67540.95,67558.65,67362.25,67543.15,0
2026-02-12 00:30:00,67543.55,67574.45,67452.55,67518.95,0
2026-02-12 00:35:00,67509.15,67539.45,67368.75,67517.75,0
2026-02-12 00:40:00,67515.05,67670.65,67511.45,67603.65,0
2026-02-12 00:45:00,67602.05,67688.35,67522.75,67630.05,0
2026-02-12 00:50:00,67628.4,67628.4,67398.05,67422.05,0
2026-02-12 00:55:00,67419.75,67478.05,67385.15,67398.65,0
2026-02-12 01:00:00,67403.05,67420.65,67221.25,67384.35,0
2026-02-12 01:05:00,67384.35,67534.55,67329.85,67348.85,0
2026-02-12 01:10:00,67351.55,67387.15,67215.05,67301.15,0
2026-02-12 01:15:00,67300.15,67372.65,67241.05,67241.05,0
2026-02-12 01:20:00,67246.25,67285.35,66873.15,66915.95,0
2026-02-12 01:25:00,66916.25,67061.9,66871.05,66991.25,0
2026-02-12 01:30:00,66998.35,67064.05,66872.75,66872.75,0
2026-02-12 01:35:00,66870.25,67045.15,66766.65,67045.15,0
2026-02-12 01:40:00,67047.55,67105.15,66960.85,67058.55,0
2026-02-12 01:45:00,67065.45,67065.45,66880.55,66898.45,0
2026-02-12 01:50:00,66902.15,67006.75,66861.05,67004.45,0
2026-02-12 01:55:00,66999.55,67087.05,66959.25,67050.45,0
2026-02-12 02:00:00,67058.55,67186.75,67024.45,67086.25,0
2026-02-12 02:05:00,67080.45,67337.45,67080.45,67324.95,0
2026-02-12 02:10:00,67324.95,67358.95,67298.85,67340.65,0
2026-02-12 02:15:00,67334.65,67405.45,67308.75,67351.45,0
2026-02-12 02:20:00,67350.45,67380.05,67294.75,67380.05,0
2026-02-12 02:25:00,67387.15,67485.75,67310.45,67376.05,0
2026-02-12 02:30:00,67387.15,67480.25,67362.55,67434.55,0
2026-02-12 02:35:00,67430.95,67678.15,67408.15,67480.75,0
2026-02-12 02:40:00,67485.8,67572.65,67485.8,67561.15,0
2026-02-12 02:45:00,67555.95,67661.95,67473.35,67500.75,0
2026-02-12 02:50:00,67501.85,67534.55,67467.35,67509.85,0
2026-02-12 02:55:00,67509.85,67580.95,67435.35,67435.35,0
2026-02-12 03:00:00,67438.15,67587.15,67438.15,67520.95,0
2026-02-12 03:05:00,67513.65,67591.15,67441.95,67502.45,0
2026-02-12 03:10:00,67501.85,67677.35,67488.45,67677.35,0
2026-02-12 03:15:00,67672.25,67741.95,67590.75,67618.95,0
2026-02-12 03:20:00,67617.05,67628.55,67535.15,67600.15,0
2026-02-12 03:25:00,67600.15,67862.95,67600.15,67784.95,0
2026-02-12 03:30:00,67787.85,67839.95,67736.95,67775.05,0
2026-02-12 03:35:00,67771.85,68021.45,67738.15,67886.55,0
2026-02-12 03:40:00,67880.25,67952.15,67810.35,67836.85,0
2026-02-12 03:45:00,67832.15,67851.95,67646.85,67654.45,0
2026-02-12 03:50:00,67654.45,67708.15,67584.25,67616.45,0
2026-02-12 03:55:00,67618.45,67696.85,67592.05,67671.35,0
2026-02-12 04:00:00,67669.15,67679.55,67535.15,67568.65,0
2026-02-12 04:05:00,67568.65,67774.95,67540.85,67694.45,0
2026-02-12 04:10:00,67701.05,67705.85,67472.85,67472.85,0
2026-02-12 04:15:00,67475.65,67494.55,67386.55,67455.25,0
2026-02-12 04:20:00,67447.75,67560.15,67435.15,67518.75,0
2026-02-12 04:25:00,67520.95,67535.05,67394.45,67501.35,0
2026-02-12 04:30:00,67495.35,67713.85,67450.05,67707.85,0
2026-02-12 04:35:00,67714.25,67724.95,67634.35,67639.45,0
2026-02-12 04:40:00,67645.95,67733.75,67642.95,67717.85,0
2026-02-12 04:45:00,67720.55,67728.15,67618.15,67728.15,0
2026-02-12 04:50:00,67728.15,67728.75,67527.05,67566.75,0
2026-02-12 04:55:00,67566.15,67566.15,67398.75,67414.65,0
2026-02-12 05:00:00,67414.65,67522.65,67333.35,67504.15,0
2026-02-12 05:05:00,67504.15,67529.75,67434.55,67470.15,0
2026-02-12 05:10:00,67473.75,67535.85,67437.95,67468.35,0
2026-02-12 05:15:00,67473.75,67501.45,67359.35,67366.65,0
2026-02-12 05:20:00,67366.65,67422.55,67316.05,67358.95,0
2026-02-12 05:25:00,67357.65,67363.45,67287.85,67360.95,0
2026-02-12 05:30:00,67370.15,67451.25,67307.25,67435.65,0
2026-02-12 05:35:00,67438.2,67454.45,67371.05,67454.45,0
2026-02-12 05:40:00,67455.35,67516.25,67429.95,67478.45,0
2026-02-12 05:45:00,67477.2,67534.95,67438.25,67468.85,0
2026-02-12 05:50:00,67460.65,67514.25,67416.55,67502.15,0
2026-02-12 05:55:00,67502.15,67573.85,67475.95,67556.65,0
2026-02-12 06:00:00,67552.55,67607.85,67469.95,67510.65,0
2026-02-12 06:05:00,67505.15,67589.45,67476.85,67571.15,0
2026-02-12 06:10:00,67567.05,67658.45,67544.75,67556.35,0
2026-02-12 06:15:00,67543.95,67569.55,67272.75,67359.15,0
2026-02-12 06:20:00,67359.15,67402.35,67243.55,67270.85,0
2026-02-12 06:25:00,67272.35,67301.65,67176.65,67192.05,0
2026-02-12 06:30:00,67192.05,67222.05,67041.05,67168.65,0
2026-02-12 06:35:00,67175.15,67275.95,67155.25,67248.65,0
2026-02-12 06:40:00,67248.65,67268.85,67172.75,67212.05,0
2026-02-12 06:45:00,67206.55,67260.05,67153.55,67184.35,0
2026-02-12 06:50:00,67184.35,67234.55,67027.55,67059.95,0
2026-02-12 06:55:00,67057.35,67107.95,66975.95,66996.65,0
2026-02-12 07:00:00,66996.55,67156.35,66956.25,67142.55,0
2026-02-12 07:05:00,67139.95,67185.35,66987.0,66995.75,0
2026-02-12 07:10:00,66996.85,67023.75,66743.25,66781.95,0
2026-02-12 07:15:00,66782.65,66847.45,66645.55,66683.45,0
2026-02-12 07:20:00,66680.65,66871.95,66672.85,66860.15,0
2026-02-12 07:25:00,66858.75,66964.95,66797.25,66855.05,0
2026-02-12 07:30:00,66852.25,67092.95,66833.65,67064.85,0
2026-02-12 07:35:00,67058.65,67058.65,66925.05,66966.95,0
2026-02-12 07:40:00,66970.95,67113.45,66970.95,67068.65,0
2026-02-12 07:45:00,67068.65,67116.15,66999.45,66999.45,0
2026-02-12 07:50:00,66996.55,67068.45,66979.65,67037.85,0
2026-02-12 07:55:00,67037.85,67144.35,67037.85,67121.85,0
2026-02-12 08:00:00,67120.75,67150.95,66997.75,67008.15,0
2026-02-12 08:05:00,67010.05,67057.75,66987.15,67054.25,0
2026-02-12 08:10:00,67054.25,67225.85,67042.45,67088.25,0
2026-02-12 08:15:00,67091.75,67196.75,67091.45,67105.05,0
2026-02-12 08:20:00,67100.65,67187.85,67062.55,67175.95,0
2026-02-12 08:25:00,67177.85,67335.55,67177.85,67269.25,0
2026-02-12 08:30:00,67269.95,67333.45,67195.45,67213.45,0
2026-02-12 08:35:00,67203.45,67239.15,67130.35,67231.85,0
2026-02-12 08:40:00,67228.65,67306.15,67178.45,67215.55,0
2026-02-12 08:45:00,67213.75,67288.75,67156.65,67192.65,0
2026-02-12 08:50:00,67195.65,67205.75,67094.95,67107.55,0
2026-02-12 08:55:00,67109.85,67119.55,67061.65,67105.65,0
2026-02-12 09:00:00,67094.95,67134.85,66966.45,67056.55,0
2026-02-12 09:05:00,67053.25,67053.25,66946.85,66982.75,0
2026-02-12 09:10:00,66982.75,66982.75,66913.25,66968.75,0
2026-02-12 09:15:00,66968.75,67068.85,66929.35,67060.55,0
2026-02-12 09:20:00,67063.15,67195.25,67051.65,67195.25,0
2026-02-12 09:25:00,67198.55,67306.05,67188.75,67198.65,0
2026-02-12 09:30:00,67202.0,67222.35,67141.85,67143.15,0
2026-02-12 09:35:00,67143.95,67199.55,67109.25,67187.85,0
2026-02-12 09:40:00,67184.35,67231.85,67104.45,67107.55,0
2026-02-12 09:45:00,67099.35,67147.05,67065.15,67122.55,0
2026-02-12 09:50:00,67123.85,67173.75,67093.15,67093.15,0
2026-02-12 09:55:00,67085.25,67213.15,67085.25,67188.75,0
2026-02-12 10:00:00,67190.25,67278.95,67145.75,67154.45,0
2026-02-12 10:05:00,67149.45,67320.95,67058.45,67278.65,0
2026-02-12 10:10:00,67274.75,67280.65,67175.05,67226.05,0
2026-02-12 10:15:00,67221.05,67221.05,67041.75,67048.95,0
2026-02-12 10:20:00,67048.95,67100.85,66989.45,67057.65,0
2026-02-12 10:25:00,67065.45,67065.45,66871.05,66910.65,0
2026-02-12 10:30:00,66911.55,66999.85,66890.65,66956.15,0
2026-02-12 10:35:00,66957.75,67020.85,66926.05,66965.75,0
2026-02-12 10:40:00,66966.35,67047.35,66944.85,66950.85,0
2026-02-12 10:45:00,66951.15,67013.35,66944.55,66977.95,0
2026-02-12 10:50:00,66977.95,67082.95,66977.95,67081.85,0
2026-02-12 10:55:00,67088.35,67132.65,67054.45,67113.45,0
2026-02-12 11:00:00,67115.95,67122.35,67022.75,67100.15,0
2026-02-12 11:05:00,67099.45,67104.95,67022.75,67044.65,0
2026-02-12 11:10:00,67044.65,67208.55,67037.95,67165.65,0
2026-02-12 11:15:00,67163.5,67240.45,67140.15,67192.55,0
2026-02-12 11:20:00,67187.15,67263.85,67183.25,67254.05,0
2026-02-12 11:25:00,67251.55,67296.95,67207.45,67271.95,0
2026-02-12 11:30:00,67267.85,67447.15,67221.75,67436.45,0
2026-02-12 11:35:00,67433.45,67445.65,67335.65,67347.75,0
2026-02-12 11:40:00,67347.75,67431.55,67335.65,67404.55,0
2026-02-12 11:45:00,67402.8,67441.15,67332.45,67349.35,0
2026-02-12 11:50:00,67349.35,67534.25,67325.85,67482.05,0
2026-02-12 11:55:00,67480.15,67677.55,67464.15,67528.85,0
2026-02-12 12:00:00,67528.25,67601.45,67491.95,67530.55,0
2026-02-12 12:05:00,67530.55,67607.85,67498.35,67517.15,0
2026-02-12 12:10:00,67517.15,67547.95,67457.05,67547.95,0
2026-02-12 12:15:00,67544.05,67544.05,67448.05,67478.75,0
2026-02-12 12:20:00,67480.05,67504.95,67385.65,67399.95,0
2026-02-12 12:25:00,67399.95,67588.45,67399.95,67588.35,0
2026-02-12 12:30:00,67585.95,67824.95,67582.35,67709.85,0
2026-02-12 12:35:00,67709.75,67788.05,67678.75,67714.95,0
2026-02-12 12:40:00,67716.95,67720.05,67616.15,67642.75,0
2026-02-12 12:45:00,67642.75,67889.15,67630.35,67820.65,0
2026-02-12 12:50:00,67817.25,67897.45,67765.85,67878.65,0
2026-02-12 12:55:00,67887.55,68012.55,67830.95,67994.85,0
2026-02-12 13:00:00,68006.85,68099.95,67913.95,68024.45,0
2026-02-12 13:05:00,68021.25,68087.95,67903.15,67917.45,0
2026-02-12 13:10:00,67917.45,67917.45,67718.05,67886.85,0
2026-02-12 13:15:00,67886.85,67989.55,67813.15,67919.45,0
2026-02-12 13:20:00,67923.45,68077.75,67907.85,68074.95,0
2026-02-12 13:25:00,68072.25,68241.05,68007.45,68186.85,0
2026-02-12 13:30:00,68184.75,68269.45,68096.15,68155.85,0
2026-02-12 13:35:00,68153.05,68154.45,68055.05,68120.7,0
2026-02-12 13:40:00,68120.75,68120.75,68013.15,68069.15,0
2026-02-12 13:45:00,68069.15,68103.55,68015.45,68066.05,0
2026-02-12 13:50:00,68060.65,68145.15,67988.35,68091.75,0
2026-02-12 13:55:00,68086.75,68155.75,68053.75,68057.25,0
2026-02-12 14:00:00,68054.55,68149.05,67916.05,67918.5,0
2026-02-12 14:05:00,67916.65,67964.85,67864.75,67914.95,0
2026-02-12 14:10:00,67914.95,68032.35,67911.85,68006.15,0
2026-02-12 14:15:00,68007.85,68025.05,67886.85,67906.95,0
2026-02-12 14:20:00,67906.95,67959.35,67830.15,67836.15,0
2026-02-12 14:25:00,67836.15,67989.75,67834.15,67961.65,0
2026-02-12 14:30:00,67961.55,67983.45,67839.35,67857.15,0
2026-02-12 14:35:00,67861.05,67900.15,67832.85,67882.15,0
2026-02-12 14:40:00,67888.75,67944.55,67828.55,67852.05,0
2026-02-12 14:45:00,67853.7,67891.25,67777.95,67889.15,0
2026-02-12 14:50:00,67887.85,67922.45,67736.05,67765.85,0
2026-02-12 14:55:00,67761.15,67848.15,67696.65,67841.95,0
2026-02-12 15:00:00,67837.15,67865.55,67715.35,67743.45,0
2026-02-12 15:05:00,67743.45,67803.75,67659.55,67794.75,0
2026-02-12 15:10:00,67791.75,67842.45,67756.75,67823.45,0
2026-02-12 15:15:00,67819.8,68050.25,67814.95,67971.45,0
2026-02-12 15:20:00,67972.65,68028.55,67923.05,67926.35,0
2026-02-12 15:25:00,67924.15,67924.15,67667.25,67747.75,0
2026-02-12 15:30:00,67744.85,67984.25,67706.55,67933.45,0
2026-02-12 15:35:00,67931.75,67965.95,67872.75,67909.15,0
2026-02-12 15:40:00,67910.95,68144.65,67910.95,68094.45,0
2026-02-12 15:45:00,68092.55,68135.25,67955.65,67988.35,0
2026-02-12 15:50:00,67988.85,68097.45,67959.75,68032.45,0
2026-02-12 15:55:00,68032.45,68374.25,68032.45,68358.85,0
2026-02-12 16:00:00,68353.25,68399.95,67964.55,67985.75,0
2026-02-12 16:05:00,67988.45,68016.55,67835.05,67961.45,0
2026-02-12 16:10:00,67965.75,68086.95,67965.75,67986.15,0
2026-02-12 16:15:00,67995.35,67995.35,67846.85,67937.65,0
2026-02-12 16:20:00,67933.85,68057.85,67898.25,67923.75,0
2026-02-12 16:25:00,67929.45,67988.65,67888.05,67973.95,0
2026-02-12 16:30:00,67966.65,68266.95,67872.75,68178.35,0
2026-02-12 16:35:00,68179.45,68216.35,67718.95,67845.55,0
2026-02-12 16:40:00,67863.35,68023.55,67585.05,67603.45,0
2026-02-12 16:45:00,67598.25,67778.45,67473.95,67611.65,0
2026-02-12 16:50:00,67624.75,67974.95,67594.95,67962.15,0
2026-02-12 16:55:00,67958.55,67966.65,67547.05,67551.15,0
2026-02-12 17:00:00,67566.85,67791.15,67254.15,67274.35,0
2026-02-12 17:05:00,67280.45,67395.95,67061.05,67148.75,0
2026-02-12 17:10:00,67144.8,67431.95,66993.75,67393.05,0
2026-02-12 17:15:00,67390.05,67662.35,67331.75,67459.55,0
2026-02-12 17:20:00,67459.95,67926.95,67459.95,67794.75,0
2026-02-12 17:25:00,67798.95,67872.65,67650.55,67832.55,0
2026-02-12 17:30:00,67836.75,67982.95,67583.05,67632.95,0
2026-02-12 17:35:00,67623.85,67661.45,67231.05,67318.45,0
2026-02-12 17:40:00,67322.95,67458.95,67219.45,67375.65,0
2026-02-12 17:45:00,67380.65,67521.95,67288.55,67445.05,0
2026-02-12 17:50:00,67445.95,67490.95,67123.45,67123.45,0
2026-02-12 17:55:00,67109.25,67184.25,67039.25,67105.25,0
2026-02-12 18:00:00,67107.1,67199.75,66939.15,67176.35,0
2026-02-12 18:05:00,67169.05,67203.55,66575.05,66660.65,0
2026-02-12 18:10:00,66661.55,66845.05,66458.35,66523.75,0
2026-02-12 18:15:00,66519.35,66766.25,66418.05,66518.75,0
2026-02-12 18:20:00,66511.85,66595.75,66173.65,66260.55,0
2026-02-12 18:25:00,66255.85,66358.65,65958.45,66035.85,0
2026-02-12 18:30:00,66032.85,66165.05,65910.5,66151.95,0
2026-02-12 18:35:00,66148.65,66502.95,66148.65,66333.05,0
2026-02-12 18:40:00,66339.15,66512.95,66228.65,66246.35,0
2026-02-12 18:45:00,66245.65,66341.75,65989.75,66134.55,0
2026-02-12 18:50:00,66140.05,66192.15,65525.15,65612.95,0
2026-02-12 18:55:00,65620.65,65859.55,65572.75,65825.65,0
2026-02-12 19:00:00,65817.55,65964.45,65660.35,65839.05,0
2026-02-12 19:05:00,65840.15,65970.15,65635.95,65915.55,0
2026-02-12 19:10:00,65910.75,65928.95,65534.85,65709.15,0
2026-02-12 19:15:00,65705.75,65843.65,65581.05,65609.85,0
2026-02-12 19:20:00,65612.45,66058.35,65612.45,66058.35,0
2026-02-12 19:25:00,66057.55,66239.95,65972.75,66101.65,0
2026-02-12 19:30:00,66106.75,66113.55,65813.25,65922.75,0
2026-02-12 19:35:00,65918.15,66174.65,65797.35,65922.95,0
2026-02-12 19:40:00,65924.55,66034.95,65881.45,65951.95,0
2026-02-12 19:45:00,65955.75,66018.7,65744.25,65787.85,0
2026-02-12 19:50:00,65784.85,65898.1,65539.05,65576.05,0
2026-02-12 19:55:00,65582.25,65602.4,65320.15,65378.25,0
2026-02-12 20:00:00,65381.85,65635.45,65336.85,65602.55,0
2026-02-12 20:05:00,65604.55,65764.25,65558.25,65635.15,0
2026-02-12 20:10:00,65645.45,65728.65,65555.75,65663.85,0
2026-02-12 20:15:00,65669.25,65692.15,65203.45,65229.85,0
2026-02-12 20:20:00,65210.95,65471.75,65210.95,65364.85,0
2026-02-12 20:25:00,65357.85,65524.95,65209.05,65278.05,0
2026-02-12 20:30:00,65272.85,65322.25,65082.15,65237.85,0
2026-02-12 20:35:00,65240.35,65508.15,65234.65,65476.55,0
2026-02-12 20:40:00,65476.4,65483.65,65361.85,65407.65,0
2026-02-12 20:45:00,65401.25,65669.25,65375.55,65579.65,0
2026-02-12 20:50:00,65573.05,65664.55,65509.65,65587.15,0
2026-02-12 20:55:00,65591.25,65674.95,65482.95,65560.95,0
2026-02-12 21:00:00,65562.95,65722.65,65480.65,65492.6,0
2026-02-12 21:05:00,65496.55,65596.05,65351.65,65358.75,0
2026-02-12 21:10:00,65361.35,65469.05,65240.05,65419.35,0
2026-02-12 21:15:00,65416.15,65601.25,65383.15,65572.45,0
2026-02-12 21:20:00,65572.4,65934.95,65553.25,65913.25,0
2026-02-12 21:25:00,65911.15,65915.65,65700.45,65746.05,0
2026-02-12 21:30:00,65744.15,66011.85,65734.25,65858.45,0
2026-02-12 21:35:00,65854.6,66081.05,65800.05,65943.25,0
2026-02-12 21:40:00,65944.25,65995.45,65875.15,65954.45,0
2026-02-12 21:45:00,65958.25,66071.35,65922.85,66024.65,0
2026-02-12 21:50:00,66031.15,66099.95,65847.15,65865.25,0
2026-02-12 21:55:00,65869.55,65952.65,65751.05,65765.55,0
2026-02-12 22:00:00,65771.35,65926.75,65716.25,65913.65,0
2026-02-12 22:05:00,65916.25,66017.65,65807.45,65814.75,0
2026-02-12 22:10:00,65808.75,65814.45,65581.05,65679.65,0
2026-02-12 22:15:00,65682.95,65777.25,65617.35,65697.05,0
2026-02-12 22:20:00,65692.95,65698.45,65531.45,65579.85,0
2026-02-12 22:25:00,65585.05,65606.05,65456.35,65481.05,0
2026-02-12 22:30:00,65445.45,65556.15,65365.95,65467.45,0
2026-02-12 22:35:00,65473.55,65614.05,65454.35,65606.95,0
2026-02-12 22:40:00,65603.05,65652.25,65454.25,65516.05,0
2026-02-12 22:45:00,65520.55,65559.85,65312.15,65355.25,0
2026-02-12 22:50:00,65343.95,65440.95,65188.25,65388.25,0
2026-02-12 22:55:00,65381.85,65449.45,65336.55,65405.85,0
2026-02-12 23:00:00,65403.25,65622.65,65403.25,65612.85,0
2026-02-12 23:05:00,65601.75,65612.45,65510.55,65593.55,0
2026-02-12 23:10:00,65594.95,65649.95,65554.15,65648.05,0
2026-02-12 23:15:00,65650.95,65764.95,65599.95,65759.85,0
2026-02-12 23:20:00,65757.05,65772.65,65451.65,65499.15,0
2026-02-12 23:25:00,65500.45,65586.25,65468.25,65583.95,0
2026-02-12 23:30:00,65585.15,65734.15,65546.65,65731.35,0
2026-02-12 23:35:00,65732.65,65825.05,65722.15,65754.55,0
2026-02-12 23:40:00,65751.55,65817.75,65697.65,65793.85,0
2026-02-12 23:45:00,65795.95,65804.05,65708.95,65749.45,0
2026-02-12 23:50:00,65750.75,65872.35,65750.75,65854.85,0
2026-02-12 23:55:00,65854.75,65857.85,65735.55,65818.25,0
2026-02-13 00:00:00,65818.05,65855.85,65751.35,65855.85,0
2026-02-13 00:05:00,65851.95,65851.95,65714.75,65786.65,0
2026-02-13 00:10:00,65786.65,65853.85,65710.45,65786.75,0
2026-02-13 00:15:00,65783.55,65787.45,65649.05,65700.95,0
2026-02-13 00:20:00,65703.4,65822.45,65616.55,65822.45,0
2026-02-13 00:25:00,65819.75,65920.55,65731.35,65920.55,0
2026-02-13 00:30:00,65924.95,65980.85,65894.45,65915.95,0
2026-02-13 00:35:00,65917.75,66038.25,65916.55,65926.45,0
2026-02-13 00:40:00,65923.35,66174.65,65859.05,66174.05,0
2026-02-13 00:45:00,66174.05,66374.85,66162.25,66314.75,0
2026-02-13 00:50:00,66312.35,66312.35,66212.45,66233.05,0
2026-02-13 00:55:00,66233.05,66315.35,66151.05,66262.05,0
2026-02-13 01:00:00,66266.4,66413.2,66170.45,66342.55,0
2026-02-13 01:05:00,66345.95,66447.15,66297.25,66417.25,0
2026-02-13 01:10:00,66421.45,66421.45,66226.45,66285.85,0
2026-02-13 01:15:00,66282.95,66343.15,66232.55,66329.45,0
2026-02-13 01:20:00,66323.25,66434.15,66293.25,66408.55,0
2026-02-13 01:25:00,66411.25,66464.55,66338.05,66371.45,0
2026-02-13 01:30:00,66373.15,66457.45,66274.95,66355.55,0
2026-02-13 01:35:00,66358.25,66361.75,66191.95,66203.35,0
2026-02-13 01:40:00,66204.85,66266.45,66178.85,66215.75,0
2026-02-13 01:45:00,66210.95,66249.35,66140.25,66207.75,0
2026-02-13 01:50:00,66209.75,66232.25,66157.75,66225.05,0
2026-02-13 01:55:00,66227.55,66285.85,66205.85,66247.65,0
2026-02-13 02:00:00,66245.95,66457.95,66136.55,66424.35,0
2026-02-13 02:05:00,66414.35,66499.95,66372.75,66403.85,0
2026-02-13 02:10:00,66404.65,66437.95,66332.85,66349.85,0
2026-02-13 02:15:00,66350.1,66356.05,66146.25,66148.55,0
2026-02-13 02:20:00,66153.3,66197.05,66071.05,66112.35,0
2026-02-13 02:25:00,66117.25,66117.25,65976.05,66002.85,0
2026-02-13 02:30:00,66005.75,66082.75,65872.75,65940.65,0
2026-02-13 02:35:00,65946.05,66080.05,65906.15,66057.25,0
2026-02-13 02:40:00,66053.35,66114.45,65921.55,65921.55,0
2026-02-13 02:45:00,65928.25,65974.95,65843.65,65949.15,0
2026-02-13 02:50:00,65943.15,66019.95,65839.95,65989.05,0
2026-02-13 02:55:00,65986.35,66040.75,65884.85,65884.85,0
2026-02-13 03:00:00,65885.95,66044.75,65885.95,66019.95,0
2026-02-13 03:05:00,66022.35,66243.55,66002.15,66165.45,0
2026-02-13 03:10:00,66167.0,66236.65,66126.15,66224.95,0
2026-02-13 03:15:00,66227.45,66270.45,66175.45,66191.05,0
2026-02-13 03:20:00,66194.95,66232.65,66094.45,66094.45,0
2026-02-13 03:25:00,66090.35,66252.65,66054.05,66197.55,0
2026-02-13 03:30:00,66204.45,66358.45,66204.45,66339.05,0
2026-02-13 03:35:00,66341.05,66449.95,66294.05,66427.35,0
2026-02-13 03:40:00,66431.85,66480.95,66392.55,66392.55,0
2026-02-13 03:45:00,66396.75,66592.85,66396.75,66529.95,0
2026-02-13 03:50:00,66528.15,66555.35,66368.75,66394.35,0
2026-02-13 03:55:00,66394.35,66424.75,66302.75,66424.75,0
2026-02-13 04:00:00,66425.9,66473.15,66358.35,66470.55,0
2026-02-13 04:05:00,66461.45,66522.65,66399.15,66522.65,0
2026-02-13 04:10:00,66525.45,66551.25,66465.05,66540.85,0
2026-02-13 04:15:00,66528.6,66528.6,66432.25,66450.85,0
2026-02-13 04:20:00,66452.75,66511.75,66355.05,66504.55,0
2026-02-13 04:25:00,66505.75,66632.45,66502.95,66506.95,0
2026-02-13 04:30:00,66508.25,66609.55,66477.25,66571.55,0
2026-02-13 04:35:00,66572.45,66596.25,66466.75,66482.95,0
2026-02-13 04:40:00,66482.95,66604.95,66436.35,66563.15,0
2026-02-13 04:45:00,66552.9,66609.55,66516.85,66516.85,0
2026-02-13 04:50:00,66516.95,66694.15,66516.95,66660.35,0
2026-02-13 04:55:00,66664.95,66734.65,66638.05,66642.25,0
2026-02-13 05:00:00,66646.75,66753.05,66633.85,66686.15,0
2026-02-13 05:05:00,66686.15,66686.15,66475.05,66530.15,0
2026-02-13 05:10:00,66532.05,66559.65,66489.95,66496.25,0
2026-02-13 05:15:00,66502.15,66579.55,66464.05,66575.55,0
2026-02-13 05:20:00,66575.55,66586.45,66522.75,66536.75,0
2026-02-13 05:25:00,66536.15,66655.15,66533.05,66654.35,0
2026-02-13 05:30:00,66654.35,66774.95,66621.95,66621.95,0
2026-02-13 05:35:00,66619.25,66681.85,66589.55,66681.85,0
2026-02-13 05:40:00,66675.25,66704.95,66611.55,66612.95,0
2026-02-13 05:45:00,66615.85,66655.35,66493.55,66508.95,0
2026-02-13 05:50:00,66509.95,66548.35,66433.55,66543.45,0
2026-02-13 05:55:00,66540.05,66540.05,66438.45,66536.05,0
2026-02-13 06:00:00,66533.05,66574.95,66457.2,66458.05,0
2026-02-13 06:05:00,66458.65,66508.65,66411.05,66494.15,0
2026-02-13 06:10:00,66491.05,66514.05,66417.65,66511.45,0
2026-02-13 06:15:00,66504.85,66649.25,66471.85,66617.95,0
2026-02-13 06:20:00,66607.55,66619.35,66419.45,66481.95,0
2026-02-13 06:25:00,66481.5,66496.35,66422.75,66422.75,0
2026-02-13 06:30:00,66429.95,66431.05,66360.05,66395.95,0
2026-02-13 06:35:00,66398.45,66453.05,66386.05,66415.45,0
2026-02-13 06:40:00,66413.05,66415.95,66322.75,66338.75,0
2026-02-13 06:45:00,66334.65,66350.55,66281.15,66318.05,0
2026-02-13 06:50:00,66318.05,66395.55,66318.05,66394.35,0
2026-02-13 06:55:00,66394.35,66422.65,66290.45,66305.55,0
2026-02-13 07:00:00,66308.05,66422.65,66298.45,66380.15,0
2026-02-13 07:05:00,66384.35,66413.75,66200.05,66260.85,0
2026-02-13 07:10:00,66263.75,66306.35,66219.45,66219.45,0
2026-02-13 07:15:00,66222.65,66317.15,66206.75,66311.65,0
2026-02-13 07:20:00,66315.35,66382.65,66275.95,66275.95,0
2026-02-13 07:25:00,66280.75,66340.45,66232.15,66293.55,0
2026-02-13 07:30:00,66288.95,66397.35,66283.55,66377.95,0
2026-02-13 07:35:00,66374.55,66445.35,66346.05,66395.45,0
2026-02-13 07:40:00,66387.15,66442.95,66323.25,66442.85,0
2026-02-13 07:45:00,66442.95,66474.95,66403.45,66459.25,0
2026-02-13 07:50:00,66443.8,66443.8,66345.85,66345.85,0
2026-02-13 07:55:00,66342.95,66351.75,66151.05,66151.05,0
2026-02-13 08:00:00,66152.5,66249.45,66135.05,66206.85,0
2026-02-13 08:05:00,66206.85,66263.45,66191.85,66230.95,0
2026-02-13 08:10:00,66229.85,66287.85,66206.65,66207.65,0
2026-02-13 08:15:00,66206.75,66279.25,66175.05,66175.05,0
2026-02-13 08:20:00,66176.95,66237.35,66012.65,66072.95,0
2026-02-13 08:25:00,66074.35,66097.85,66022.75,66097.85,0
2026-02-13 08:30:00,66092.05,66092.05,65980.05,66049.95,0
2026-02-13 08:35:00,66049.95,66098.95,66016.65,66024.05,0
2026-02-13 08:40:00,66033.35,66084.95,66027.15,66061.45,0
2026-02-13 08:45:00,66062.95,66107.65,66016.65,66048.45,0
2026-02-13 08:50:00,66059.55,66201.95,66059.55,66195.45,0
2026-02-13 08:55:00,66195.45,66374.95,66175.85,66339.95,0
2026-02-13 09:00:00,66341.35,66465.05,66311.05,66435.05,0
2026-02-13 09:05:00,66434.65,66454.65,66348.95,66363.85,0
2026-02-13 09:10:00,66362.75,66545.55,66362.75,66508.45,0
2026-02-13 09:15:00,66508.25,66545.55,66415.05,66438.35,0
2026-02-13 09:20:00,66439.25,66474.95,66396.85,66474.85,0
2026-02-13 09:25:00,66472.55,66501.2,66406.05,66495.05,0
2026-02-13 09:30:00,66487.45,66487.45,66300.95,66324.55,0
2026-02-13 09:35:00,66329.25,66343.25,66151.05,66202.25,0
2026-02-13 09:40:00,66202.45,66208.35,66097.85,66097.85,0
2026-02-13 09:45:00,66099.65,66150.25,66046.85,66123.15,0
2026-02-13 09:50:00,66117.85,66285.55,66025.45,66285.45,0
2026-02-13 09:55:00,66285.55,66303.95,66134.05,66185.75,0
2026-02-13 10:00:00,66189.05,66339.85,66164.55,66313.75,0
2026-02-13 10:05:00,66315.25,66472.45,66257.35,66266.05,0
2026-02-13 10:10:00,66269.05,66332.05,66236.45,66236.45,0
2026-02-13 10:15:00,66233.65,66309.85,66178.45,66302.85,0
2026-02-13 10:20:00,66302.75,66393.35,66242.25,66270.25,0
2026-02-13 10:25:00,66272.45,66419.65,66272.45,66388.55,0
2026-02-13 10:30:00,66388.55,66450.15,66348.05,66433.25,0
2026-02-13 10:35:00,66437.75,66513.35,66394.15,66400.15,0
2026-02-13 10:40:00,66402.95,66485.35,66375.05,66485.35,0
2026-02-13 10:45:00,66490.45,66724.95,66490.45,66636.45,0
2026-02-13 10:50:00,66632.25,66680.65,66580.85,66655.35,0
2026-02-13 10:55:00,66650.65,66672.65,66558.35,66672.65,0
2026-02-13 11:00:00,66670.85,66701.85,66582.25,66636.75,0
2026-02-13 11:05:00,66638.55,66770.75,66606.45,66750.25,0
2026-02-13 11:10:00,66750.05,66824.95,66625.05,66656.45,0
2026-02-13 11:15:00,66648.85,66762.35,66603.25,66699.95,0
2026-02-13 11:20:00,66698.75,66814.85,66646.65,66760.75,0
2026-02-13 11:25:00,66757.45,66793.95,66698.75,66793.95,0
2026-02-13 11:30:00,66788.6,66881.15,66741.25,66874.45,0
2026-02-13 11:35:00,66872.35,66913.05,66797.05,66828.35,0
2026-02-13 11:40:00,66828.35,66886.05,66786.15,66828.45,0
2026-02-13 11:45:00,66833.15,67036.35,66833.15,66976.35,0
2026-02-13 11:50:00,66977.75,67001.15,66914.75,66937.3,0
2026-02-13 11:55:00,66940.75,66959.95,66895.85,66933.95,0
2026-02-13 12:00:00,66933.55,66938.15,66815.25,66831.75,0
2026-02-13 12:05:00,66829.65,66878.05,66794.65,66804.35,0
2026-02-13 12:10:00,66804.35,66882.05,66804.35,66882.05,0
2026-02-13 12:15:00,66881.45,67059.8,66860.05,66975.75,0
2026-02-13 12:20:00,66972.3,66972.3,66772.75,66801.05,0
2026-02-13 12:25:00,66802.75,66891.25,66796.85,66883.85,0
2026-02-13 12:30:00,66879.45,66994.95,66817.45,66946.25,0
2026-02-13 12:35:00,66942.75,67022.35,66922.75,66925.15,0
2026-02-13 12:40:00,66922.75,67093.85,66920.75,67002.85,0
2026-02-13 12:45:00,67002.85,67026.95,66943.65,67007.35,0
2026-02-13 12:50:00,67007.25,67068.25,66953.55,67017.05,0
2026-02-13 12:55:00,67017.75,67034.85,66947.15,66950.45,0
2026-02-13 13:00:00,66951.55,66960.05,66823.55,66910.65,0
2026-02-13 13:05:00,66914.75,67000.65,66865.25,66886.15,0
2026-02-13 13:10:00,66879.35,66904.55,66818.05,66858.45,0
2026-02-13 13:15:00,66856.8,66917.85,66837.45,66907.45,0
2026-02-13 13:20:00,66905.05,66942.15,66856.55,66873.05,0
2026-02-13 13:25:00,66869.05,66985.05,66859.35,66955.05,0
2026-02-13 13:30:00,66955.05,66975.45,66755.85,66824.65,0
2026-02-13 13:35:00,66822.25,66980.95,66800.95,66926.45,0
2026-02-13 13:40:00,66924.35,67000.95,66900.45,66967.15,0
2026-02-13 13:45:00,66972.15,67018.55,66937.25,66985.05,0
2026-02-13 13:50:00,66985.05,67045.65,66974.45,67035.05,0
2026-02-13 13:55:00,67031.85,67203.55,67012.25,67147.45,0
2026-02-13 14:00:00,67142.55,67155.55,66982.15,66995.55,0
2026-02-13 14:05:00,66996.35,67025.55,66918.15,67011.75,0
2026-02-13 14:10:00,67011.95,67063.55,66954.05,66959.95,0
2026-02-13 14:15:00,66957.15,67018.35,66897.45,66975.05,0
2026-02-13 14:20:00,66971.35,67046.85,66971.35,66987.25,0
2026-02-13 14:25:00,66984.85,67100.05,66968.85,67073.75,0
2026-02-13 14:30:00,67072.55,67084.35,67019.15,67036.15,0
2026-02-13 14:35:00,67034.75,67109.15,67008.75,67050.95,0
2026-02-13 14:40:00,67056.45,67105.55,67029.15,67069.75,0
2026-02-13 14:45:00,67068.65,67085.55,66976.65,67081.55,0
2026-02-13 14:50:00,67085.95,67189.95,67008.55,67189.95,0
2026-02-13 14:55:00,67190.85,67190.85,67032.45,67052.75,0
2026-02-13 15:00:00,67056.75,67165.35,67045.75,67120.75,0
2026-02-13 15:05:00,67119.45,67133.05,66915.25,66957.45,0
2026-02-13 15:10:00,66953.15,66991.95,66922.75,66949.05,0
2026-02-13 15:15:00,66949.15,67093.35,66943.45,67072.15,0
2026-02-13 15:20:00,67072.05,67251.8,66996.95,67210.25,0
2026-02-13 15:25:00,67213.35,67409.65,67204.25,67315.35,0
2026-02-13 15:30:00,67321.95,67599.65,67282.65,67484.95,0
2026-02-13 15:35:00,67480.85,67487.85,67215.85,67278.05,0
2026-02-13 15:40:00,67279.65,67369.35,67172.75,67302.25,0
2026-02-13 15:45:00,67300.75,67322.65,67085.85,67257.55,0
2026-02-13 15:50:00,67260.95,67390.35,67225.75,67330.65,0
2026-02-13 15:55:00,67333.55,67398.45,67239.55,67247.05,0
2026-02-13 16:00:00,67239.55,67286.45,67118.65,67140.95,0
2026-02-13 16:05:00,67141.75,67236.05,67102.95,67203.95,0
2026-02-13 16:10:00,67205.05,67280.85,67118.55,67134.95,0
2026-02-13 16:15:00,67137.55,67338.55,67137.55,67305.45,0
2026-02-13 16:20:00,67300.35,67313.25,67199.55,67200.95,0
2026-02-13 16:25:00,67199.65,67372.65,67170.65,67287.75,0
2026-02-13 16:30:00,67292.05,67568.45,67175.05,67517.75,0
2026-02-13 16:35:00,67515.75,67566.95,67270.15,67360.15,0
2026-02-13 16:40:00,67360.05,67366.85,66837.15,67302.45,0
2026-02-13 16:45:00,67305.85,67995.45,67305.85,67846.05,0
2026-02-13 16:50:00,67846.25,67924.95,67586.95,67657.05,0
2026-02-13 16:55:00,67662.45,67842.55,67601.25,67709.55,0
2026-02-13 17:00:00,67717.25,68043.35,67682.25,67810.45,0
2026-02-13 17:05:00,67810.85,68236.45,67666.15,68236.45,0
2026-02-13 17:10:00,68233.15,68572.65,68154.95,68354.25,0
2026-02-13 17:15:00,68361.45,68556.95,68177.65,68213.25,0
2026-02-13 17:20:00,68209.85,68354.45,68101.05,68303.55,0
2026-02-13 17:25:00,68304.95,68874.95,68269.85,68874.95,0
2026-02-13 17:30:00,68877.75,69202.75,68852.15,69034.75,0
2026-02-13 17:35:00,69035.7,69281.95,68927.95,68939.45,0
2026-02-13 17:40:00,68937.35,68981.65,68696.55,68704.25,0
2026-02-13 17:45:00,68708.95,68778.65,68356.05,68410.45,0
2026-02-13 17:50:00,68411.75,68692.65,68379.95,68600.85,0
2026-02-13 17:55:00,68604.05,68682.55,68438.05,68669.45,0
2026-02-13 18:00:00,68670.15,68770.95,68519.05,68701.65,0
2026-02-13 18:05:00,68697.75,69138.05,68688.95,69012.85,0
2026-02-13 18:10:00,69016.25,69056.75,68785.65,69026.65,0
2026-02-13 18:15:00,69034.65,69143.45,68947.55,68947.55,0
2026-02-13 18:20:00,68952.05,69012.85,68803.85,68852.35,0
2026-02-13 18:25:00,68858.75,69105.95,68828.85,69055.95,0
2026-02-13 18:30:00,69053.15,69444.05,68952.65,69156.65,0
2026-02-13 18:35:00,69161.05,69344.35,69149.05,69318.65,0
2026-02-13 18:40:00,69323.25,69330.25,69180.95,69214.35,0
2026-02-13 18:45:00,69210.85,69236.05,69007.15,69015.45,0
2026-02-13 18:50:00,69013.25,69158.4,68963.05,69153.05,0
2026-02-13 18:55:00,69148.95,69192.45,68877.45,68930.85,0
2026-02-13 19:00:00,68933.95,69015.95,68825.15,68891.35,0
2026-02-13 19:05:00,68885.05,68974.95,68612.45,68621.25,0
2026-02-13 19:10:00,68620.85,68952.95,68613.95,68952.95,0
2026-02-13 19:15:00,68958.8,69055.45,68834.05,68921.95,0
2026-02-13 19:20:00,68924.35,69114.95,68897.25,68987.15,0
2026-02-13 19:25:00,68987.55,69021.45,68865.45,68943.3,0
2026-02-13 19:30:00,68947.65,69144.35,68927.35,69071.15,0
2026-02-13 19:35:00,69072.05,69119.25,68977.55,69114.35,0
2026-02-13 19:40:00,69111.65,69199.95,69079.95,69100.15,0
2026-02-13 19:45:00,69095.65,69218.75,68979.65,69101.25,0
2026-02-13 19:50:00,69097.15,69134.95,68997.15,69050.95,0
2026-02-13 19:55:00,69054.7,69094.55,68978.05,69008.45,0
2026-02-13 20:00:00,69011.45,69068.65,68870.95,69012.15,0
2026-02-13 20:05:00,69044.85,69162.45,68938.65,69141.55,0
2026-02-13 20:10:00,69136.55,69186.95,68985.85,68985.85,0
2026-02-13 20:15:00,68982.95,69060.05,68894.45,68972.55,0
2026-02-13 20:20:00,68964.25,69135.45,68964.25,69060.15,0
2026-02-13 20:25:00,69060.15,69105.95,68960.55,69050.95,0
2026-02-13 20:30:00,69050.05,69122.65,68970.25,69039.25,0
2026-02-13 20:35:00,69011.3,69251.15,69006.65,69232.55,0
2026-02-13 20:40:00,69231.15,69267.95,69139.95,69237.15,0
2026-02-13 20:45:00,69238.65,69380.95,69125.55,69142.85,0
2026-02-13 20:50:00,69139.65,69239.05,69122.15,69183.85,0
2026-02-13 20:55:00,69185.95,69188.05,69056.7,69097.25,0
2026-02-13 21:00:00,69104.45,69158.25,68937.35,68953.95,0
2026-02-13 21:05:00,68958.85,69065.65,68946.95,69061.45,0
2026-02-13 21:10:00,69057.35,69163.55,69052.35,69133.95,0
2026-02-13 21:15:00,69133.95,69168.35,69035.35,69163.95,0
2026-02-13 21:20:00,69163.35,69204.95,69139.55,69193.75,0
2026-02-13 21:25:00,69184.85,69194.55,68975.05,68977.15,0
2026-02-13 21:30:00,68986.15,69060.05,68941.85,68982.95,0
2026-02-13 21:35:00,68987.55,69094.55,68967.45,68989.05,0
2026-02-13 21:40:00,68987.25,69027.55,68889.15,68901.35,0
2026-02-13 21:45:00,68910.95,69002.55,68909.25,68976.55,0
2026-02-13 21:50:00,68980.05,69052.45,68959.85,68959.85,0
2026-02-13 21:55:00,68964.65,69056.25,68898.0,68901.25,0
2026-02-13 22:00:00,68906.55,68936.35,68831.25,68879.35,0
2026-02-13 22:05:00,68880.75,68944.05,68852.15,68852.15,0
2026-02-13 22:10:00,68856.05,68932.95,68769.45,68771.05,0
2026-02-13 22:15:00,68777.15,68840.95,68684.35,68832.35,0
2026-02-13 22:20:00,68830.05,68886.55,68768.85,68861.05,0
2026-02-13 22:25:00,68858.15,68886.55,68722.55,68789.55,0
2026-02-13 22:30:00,68787.05,68920.25,68747.55,68765.85,0
2026-02-13 22:35:00,68769.25,68892.95,68690.05,68794.15,0
2026-02-13 22:40:00,68791.65,68831.25,68733.75,68810.05,0
2026-02-13 22:45:00,68804.9,68835.35,68736.35,68808.75,0
2026-02-13 22:50:00,68806.05,68824.85,68695.85,68721.75,0
2026-02-13 22:55:00,68708.2,68763.35,68642.85,68738.35,0
2026-02-13 23:00:00,68744.15,68872.35,68693.65,68867.05,0
2026-02-13 23:05:00,68868.05,68983.25,68867.05,68951.95,0
2026-02-13 23:10:00,68951.95,68997.35,68917.85,68971.05,0
2026-02-13 23:15:00,68971.05,69047.35,68891.15,68891.15,0
2026-02-13 23:20:00,68891.15,68935.85,68843.05,68883.35,0
2026-02-13 23:25:00,68891.95,68979.75,68855.45,68873.05,0
2026-02-13 23:30:00,68873.05,68892.25,68798.05,68824.45,0
2026-02-13 23:35:00,68821.55,68836.95,68775.75,68795.45,0
2026-02-13 23:40:00,68800.25,68915.15,68800.25,68915.15,0
2026-02-13 23:45:00,68914.05,68915.15,68785.15,68899.95,0
2026-02-13 23:50:00,68899.95,68899.95,68771.05,68789.55,0
2026-02-13 23:55:00,68781.05,68887.55,68770.25,68870.35,0
2026-02-14 00:00:00,68870.35,68901.35,68801.65,68867.95,0
2026-02-14 00:05:00,68842.75,68938.45,68838.35,68917.85,0
2026-02-14 00:10:00,68917.85,68970.45,68695.05,68709.75,0
2026-02-14 00:15:00,68713.35,68826.35,68713.35,68763.75,0
2026-02-14 00:20:00,68755.55,68852.85,68755.55,68789.55,0
2026-02-14 00:25:00,68792.15,68856.65,68792.15,68848.25,0
2026-02-14 00:30:00,68844.25,68881.65,68778.75,68856.05,0
2026-02-14 00:35:00,68856.05,68856.05,68773.05,68773.05,0
2026-02-14 00:40:00,68770.75,68877.05,68762.35,68850.65,0
2026-02-14 00:45:00,68850.65,68879.55,68790.75,68874.25,0
2026-02-14 00:50:00,68873.95,68977.25,68842.75,68949.45,0
2026-02-14 00:55:00,68949.45,68968.65,68815.15,68968.65,0
2026-02-14 01:00:00,68966.75,68975.85,68892.65,68964.25,0
2026-02-14 01:05:00,68958.35,68958.35,68810.85,68910.75,0
2026-02-14 01:10:00,68914.25,68945.85,68887.95,68897.05,0
2026-02-14 01:15:00,68899.85,68967.35,68867.05,68867.95,0
2026-02-14 01:20:00,68862.75,68903.45,68852.05,68859.95,0
2026-02-14 01:25:00,68859.95,68934.05,68859.95,68879.85,0
2026-02-14 01:30:00,68883.25,68953.95,68883.25,68953.95,0
2026-02-14 01:35:00,68953.95,68953.95,68834.35,68840.65,0
2026-02-14 01:40:00,68840.65,68878.75,68790.85,68824.35,0
2026-02-14 01:45:00,68825.45,68924.15,68825.45,68873.75,0
2026-02-14 01:50:00,68880.65,68884.35,68805.35,68843.65,0
2026-02-14 01:55:00,68842.35,68899.75,68808.1,68825.95,0
2026-02-14 02:00:00,68825.95,68869.75,68794.85,68853.85,0
2026-02-14 02:05:00,68855.25,68856.85,68760.95,68784.85,0
2026-02-14 02:10:00,68784.85,68856.05,68755.15,68856.05,0
2026-02-14 02:15:00,68856.05,68856.05,68759.95,68846.15,0
2026-02-14 02:20:00,68843.35,68843.35,68737.95,68767.85,0
2026-02-14 02:25:00,68767.85,68871.25,68755.55,68871.25,0
2026-02-14 02:30:00,68871.15,68970.55,68858.65,68935.75,0
2026-02-14 02:35:00,68932.85,68953.05,68898.05,68906.35,0
2026-02-14 02:40:00,68906.35,69007.95,68902.75,68997.05,0
2026-02-14 02:45:00,68995.95,69051.65,68950.45,69050.15,0
2026-02-14 02:50:00,69045.85,69111.15,69007.95,69093.65,0
2026-02-14 02:55:00,69090.75,69090.75,68990.25,69074.15,0
2026-02-14 03:00:00,69066.05,69066.05,68952.75,68987.15,0
2026-02-14 03:05:00,68984.65,69019.55,68959.55,69019.55,0
2026-02-14 03:10:00,69015.15,69077.55,68952.75,69061.15,0
2026-02-14 03:15:00,69053.85,69087.65,68966.75,69062.85,0
2026-02-14 03:20:00,69058.75,69060.55,68947.95,69003.25,0
2026-02-14 03:25:00,69003.25,69032.85,68950.65,69024.55,0
2026-02-14 03:30:00,69017.05,69033.95,68931.85,69019.25,0
2026-02-14 03:35:00,69018.65,69018.65,68958.45,68970.55,0
2026-02-14 03:40:00,68970.15,69011.65,68955.95,68955.95,0
2026-02-14 03:45:00,68959.65,69001.15,68931.75,68931.75,0
2026-02-14 03:50:00,68931.75,68987.85,68917.95,68920.55,0
2026-02-14 03:55:00,68913.65,68946.15,68896.35,68935.05,0
2026-02-14 04:00:00,68935.05,68951.55,68888.05,68951.55,0
2026-02-14 04:05:00,68948.95,68958.65,68919.95,68945.45,0
2026-02-14 04:10:00,68945.45,68981.35,68937.55,68959.75,0
2026-02-14 04:15:00,68958.15,68966.85,68908.05,68932.95,0
2026-02-14 04:20:00,68928.05,68928.05,68843.05,68848.15,0
2026-02-14 04:25:00,68849.05,68880.75,68838.85,68880.75,0
2026-02-14 04:30:00,68879.85,68899.25,68849.85,68899.25,0
2026-02-14 04:35:00,68899.95,68917.55,68841.15,68917.55,0
2026-02-14 04:40:00,68916.95,68924.95,68869.55,68924.85,0
2026-02-14 04:45:00,68919.95,68919.95,68864.95,68864.95,0
2026-02-14 04:50:00,68864.95,68869.15,68819.65,68869.15,0
2026-02-14 04:55:00,68869.15,68905.35,68847.45,68849.75,0
2026-02-14 05:00:00,68849.75,68887.35,68819.25,68835.05,0
2026-02-14 05:05:00,68835.05,68872.45,68829.05,68856.95,0
2026-02-14 05:10:00,68856.95,68894.25,68856.95,68883.55,0
2026-02-14 05:15:00,68883.35,68883.35,68827.55,68857.55,0
2026-02-14 05:20:00,68857.35,68865.25,68835.25,68854.55,0
2026-02-14 05:25:00,68854.55,68922.25,68843.25,68908.75,0
2026-02-14 05:30:00,68908.75,68959.05,68900.75,68944.15,0
2026-02-14 05:35:00,68942.35,68973.55,68895.45,68920.95,0
2026-02-14 05:40:00,68917.55,68931.65,68906.25,68923.65,0
2026-02-14 05:45:00,68923.65,68923.65,68868.65,68906.35,0
2026-02-14 05:50:00,68906.35,68930.95,68876.65,68930.95,0
2026-02-14 05:55:00,68930.95,68993.15,68930.95,68948.55,0
2026-02-14 06:00:00,68948.55,68969.15,68907.95,68913.85,0
2026-02-14 06:05:00,68913.85,68927.65,68863.75,68863.75,0
2026-02-14 06:10:00,68863.75,68870.65,68836.15,68866.95,0
2026-02-14 06:15:00,68863.55,68903.15,68863.55,68884.45,0
2026-02-14 06:20:00,68881.05,68887.05,68845.15,68860.55,0
2026-02-14 06:25:00,68865.05,68891.05,68845.05,68884.85,0
2026-02-14 06:30:00,68886.05,68894.95,68868.25,68869.65,0
2026-02-14 06:35:00,68869.65,68870.55,68841.55,68842.25,0
2026-02-14 06:40:00,68842.25,68844.55,68800.95,68831.15,0
2026-02-14 06:45:00,68831.15,68831.15,68799.65,68813.35,0
2026-02-14 06:50:00,68813.35,68813.35,68767.95,68771.95,0
2026-02-14 06:55:00,68771.95,68815.75,68760.85,68767.45,0
2026-02-14 07:00:00,68764.65,68823.45,68739.65,68822.05,0
2026-02-14 07:05:00,68822.05,68835.55,68779.85,68779.85,0
2026-02-14 07:10:00,68779.85,68862.35,68779.85,68840.45,0
2026-02-14 07:15:00,68836.85,68868.25,68830.65,68865.75,0
2026-02-14 07:20:00,68867.65,68883.45,68852.65,68867.95,0
2026-02-14 07:25:00,68862.75,68879.15,68842.05,68842.05,0
2026-02-14 07:30:00,68842.05,68852.35,68811.65,68811.65,0
2026-02-14 07:35:00,68811.65,68819.45,68756.35,68759.85,0
2026-02-14 07:40:00,68761.05,68819.2,68761.05,68803.55,0
2026-02-14 07:45:00,68800.95,68822.35,68769.1,68800.05,0
2026-02-14 07:50:00,68806.25,68814.65,68744.75,68749.15,0
2026-02-14 07:55:00,68751.55,68758.65,68732.15,68744.75,0
2026-02-14 08:00:00,68744.75,68776.25,68743.85,68770.35,0
2026-02-14 08:05:00,68770.35,68776.25,68708.05,68718.55,0
2026-02-14 08:10:00,68718.55,68758.55,68708.05,68758.55,0
2026-02-14 08:15:00,68758.55,68844.45,68758.55,68819.25,0
2026-02-14 08:20:00,68817.45,68825.55,68787.05,68795.65,0
2026-02-14 08:25:00,68795.65,68865.85,68795.65,68865.85,0
2026-02-14 08:30:00,68865.85,68886.35,68837.15,68839.35,0
2026-02-14 08:35:00,68839.35,68884.05,68831.85,68879.85,0
2026-02-14 08:40:00,68882.45,68884.05,68845.45,68849.45,0
2026-02-14 08:45:00,68849.45,68872.55,68838.65,68872.55,0
2026-02-14 08:50:00,68872.55,68906.75,68872.25,68888.65,0
2026-02-14 08:55:00,68887.8,68912.15,68876.45,68909.65,0
2026-02-14 09:00:00,68909.65,68917.85,68884.45,68893.05,0
2026-02-14 09:05:00,68893.05,68904.15,68875.05,68898.05,0
2026-02-14 09:10:00,68898.05,68902.55,68876.75,68876.75,0
2026-02-14 09:15:00,68876.75,68904.35,68869.15,68895.05,0
2026-02-14 09:20:00,68892.95,68917.85,68866.35,68917.85,0
2026-02-14 09:25:00,68917.85,68938.15,68916.95,68932.65,0
2026-02-14 09:30:00,68932.65,68977.85,68920.65,68971.85,0
2026-02-14 09:35:00,68971.85,68971.85,68932.15,68953.35,0
2026-02-14 09:40:00,68953.25,69163.15,68950.65,69152.75,0
2026-02-14 09:45:00,69148.45,69222.45,69105.35,69222.45,0
2026-02-14 09:50:00,69217.95,69321.15,69199.25,69281.45,0
2026-02-14 09:55:00,69285.65,69289.85,69172.35,69182.45,0
2026-02-14 10:00:00,69182.45,69431.55,69180.65,69374.65,0
2026-02-14 10:35:00,69590.45,69709.65,69589.65,69642.45,0
2026-02-14 10:40:00,69639.05,69684.25,69587.25,69639.05,0
2026-02-14 10:45:00,69638.15,69847.25,69633.55,69771.25,0
2026-02-14 10:50:00,69776.15,69792.25,69675.05,69764.15,0
2026-02-14 10:55:00,69760.35,69760.35,69684.25,69721.95,0
2026-02-14 11:00:00,69726.35,69877.85,69722.45,69824.35,0
2026-02-14 11:05:00,69822.45,69841.75,69754.85,69754.85,0
2026-02-14 11:10:00,69761.25,69780.45,69662.65,69686.15,0
2026-02-14 11:15:00,69684.85,69732.45,69618.95,69730.45,0
2026-02-14 11:20:00,69729.35,69737.75,69577.95,69583.15,0
2026-02-14 11:25:00,69586.85,69623.65,69540.65,69564.95,0
2026-02-14 11:30:00,69564.95,69637.85,69564.95,69583.65,0
2026-02-14 11:35:00,69585.25,69693.55,69585.25,69681.95,0
2026-02-14 11:40:00,69677.95,69737.45,69664.05,69699.15,0
2026-02-14 11:45:00,69699.15,69733.95,69678.95,69678.95,0
2026-02-14 11:50:00,69678.95,69706.85,69670.85,69697.55,0
2026-02-14 11:55:00,69697.55,69722.15,69671.15,69688.95,0
2026-02-14 12:00:00,69686.55,69686.55,69561.65,69592.75,0
2026-02-14 12:05:00,69592.75,69634.95,69588.15,69619.35,0
2026-02-14 12:10:00,69619.35,69633.45,69602.35,69617.65,0
2026-02-14 12:15:00,69617.65,69634.95,69582.85,69591.95,0
2026-02-14 12:20:00,69590.55,69610.95,69569.65,69607.05,0
2026-02-14 12:25:00,69607.05,69607.05,69550.85,69589.95,0
2026-02-14 12:30:00,69589.35,69617.45,69585.35,69605.95,0
2026-02-14 12:35:00,69605.95,69650.85,69605.95,69613.95,0
2026-02-14 12:40:00,69613.95,69613.95,69578.15,69579.65,0
2026-02-14 12:45:00,69579.65,69612.05,69579.65,69596.45,0
2026-02-14 12:50:00,69596.45,69639.95,69596.45,69598.55,0
2026-02-14 12:55:00,69601.25,69652.45,69601.25,69644.85,0
2026-02-14 13:00:00,69645.05,69766.15,69645.05,69735.05,0
2026-02-14 13:05:00,69735.05,69812.55,69703.25,69792.05,0
2026-02-14 13:10:00,69795.15,70141.25,69780.35,70070.25,0
2026-02-14 13:15:00,70067.3,70092.45,69952.65,70026.75,0
2026-02-14 13:20:00,70022.55,70451.95,70013.05,70303.55,0
2026-02-14 13:25:00,70305.85,70305.85,70095.85,70169.35,0
2026-02-14 13:30:00,70168.05,70237.55,70037.55,70142.25,0
2026-02-14 13:35:00,70142.25,70174.95,70100.65,70131.45,0
2026-02-14 13:40:00,70134.4,70291.95,70118.55,70283.85,0
2026-02-14 13:45:00,70283.85,70322.85,70197.05,70270.35,0
2026-02-14 13:50:00,70281.75,70417.85,70270.25,70410.95,0
2026-02-14 13:55:00,70416.45,70535.15,70367.05,70480.45,0
2026-02-14 14:00:00,70478.35,70509.65,70371.05,70396.65,0
2026-02-14 14:05:00,70389.85,70444.65,70358.35,70444.65,0
2026-02-14 14:10:00,70444.65,70464.95,70339.35,70464.95,0
2026-02-14 14:15:00,70467.35,70472.95,70278.25,70319.65,0
2026-02-14 14:20:00,70319.65,70447.45,70319.65,70367.65,0
2026-02-14 14:25:00,70367.65,70423.95,70305.95,70335.65,0
2026-02-14 14:30:00,70333.05,70343.05,70223.35,70223.35,0
2026-02-14 14:35:00,70229.75,70277.15,69988.25,70050.25,0
2026-02-14 14:40:00,70048.6,70095.95,69997.95,70071.25,0
2026-02-14 14:45:00,70072.65,70097.85,69758.55,69819.55,0
2026-02-14 14:50:00,69812.55,69890.95,69645.55,69720.75,0
2026-02-14 14:55:00,69720.75,69836.95,69602.95,69621.35,0
2026-02-14 15:00:00,69615.55,69693.85,69403.05,69438.85,0
2026-02-14 15:05:00,69431.85,69637.15,69421.65,69637.15,0
2026-02-14 15:10:00,69640.25,69709.15,69589.15,69691.65,0
2026-02-14 15:15:00,69692.65,69754.75,69345.95,69460.65,0
2026-02-14 15:20:00,69450.15,69529.95,69202.95,69372.75,0
2026-02-14 15:25:00,69372.75,69420.65,69232.95,69249.55,0
2026-02-14 15:30:00,69246.75,69452.55,69245.05,69438.75,0
2026-02-14 15:35:00,69443.35,69544.6,69404.15,69418.05,0
2026-02-14 15:40:00,69421.25,69441.85,69300.55,69424.45,0
2026-02-14 15:45:00,69424.45,69568.55,69377.85,69468.65,0
2026-02-14 15:50:00,69473.05,69530.55,69288.15,69302.75,0
2026-02-14 15:55:00,69302.75,69444.95,69299.15,69444.95,0
2026-02-14 16:00:00,69438.3,69462.85,69311.35,69462.85,0
2026-02-14 16:05:00,69465.45,69483.85,69329.0,69370.95,0
2026-02-14 16:10:00,69374.95,69441.95,69374.95,69440.65,0
2026-02-14 16:15:00,69445.65,69533.15,69445.65,69512.95,0
2026-02-14 16:20:00,69512.95,69620.35,69380.65,69387.45,0
2026-02-14 16:25:00,69388.55,69434.15,69375.05,69434.15,0
2026-02-14 16:30:00,69434.15,69581.05,69434.15,69561.55,0
2026-02-14 16:35:00,69557.95,69642.95,69522.75,69640.95,0
2026-02-14 16:40:00,69633.95,69661.85,69587.95,69655.25,0
2026-02-14 16:45:00,69655.25,69655.25,69560.15,69570.35,0
2026-02-14 16:50:00,69571.55,69810.05,69571.55,69752.65,0
2026-02-14 16:55:00,69750.95,69842.15,69674.85,69683.55,0
2026-02-14 17:00:00,69686.35,69774.95,69634.55,69738.55,0
2026-02-14 17:05:00,69738.55,69753.85,69684.85,69753.75,0
2026-02-14 17:10:00,69745.55,69745.55,69590.25,69590.25,0
2026-02-14 17:15:00,69587.6,69792.85,69541.25,69783.55,0
2026-02-14 17:20:00,69783.55,69934.95,69736.65,69934.95,0
2026-02-14 17:25:00,69937.85,70034.05,69817.95,69847.25,0
2026-02-14 17:30:00,69841.25,69934.65,69841.25,69934.65,0
2026-02-14 17:35:00,69930.65,69939.85,69746.55,69834.15,0
2026-02-14 17:40:00,69833.95,69847.85,69751.75,69845.45,0
2026-02-14 17:45:00,69845.45,69873.85,69794.65,69807.65,0
2026-02-14 17:50:00,69807.65,69826.35,69697.95,69740.25,0
2026-02-14 17:55:00,69738.55,69812.95,69708.95,69763.85,0
2026-02-14 18:00:00,69764.0,69793.85,69680.45,69793.85,0
2026-02-14 18:05:00,69791.45,69791.45,69626.05,69638.75,0
2026-02-14 18:10:00,69642.75,69713.95,69627.75,69667.75,0
2026-02-14 18:15:00,69667.25,69667.25,69454.85,69454.85,0
2026-02-14 18:20:00,69452.45,69452.45,69307.45,69314.05,0
2026-02-14 18:25:00,69317.55,69454.75,69317.55,69407.75,0
2026-02-14 18:30:00,69403.65,69465.05,69265.05,69459.85,0
2026-02-14 18:35:00,69460.95,69580.15,69397.95,69535.45,0
2026-02-14 18:40:00,69535.45,69640.35,69481.75,69624.15,0
2026-02-14 18:45:00,69617.05,69652.55,69522.75,69629.45,0
2026-02-14 18:50:00,69626.05,69764.85,69555.55,69713.55,0
2026-02-14 18:55:00,69713.25,69757.85,69680.45,69734.75,0
2026-02-14 19:00:00,69734.25,69736.25,69633.85,69646.05,0
2026-02-14 19:05:00,69651.45,69730.05,69587.85,69667.85,0
2026-02-14 19:10:00,69661.55,69841.95,69633.25,69837.45,0
2026-02-14 19:15:00,69833.35,69866.75,69733.15,69816.45,0
2026-02-14 19:20:00,69836.55,69902.75,69787.95,69872.45,0
2026-02-14 19:25:00,69869.25,69897.95,69794.75,69800.45,0
2026-02-14 19:30:00,69794.85,69854.55,69757.95,69757.95,0
2026-02-14 19:35:00,69757.95,69774.45,69637.95,69774.45,0
2026-02-14 19:40:00,69772.75,69787.15,69733.25,69755.45,0
2026-02-14 19:45:00,69758.55,69792.95,69654.35,69691.15,0
2026-02-14 19:50:00,69697.15,69734.25,69679.55,69718.45,0
2026-02-14 19:55:00,69711.25,69724.85,69667.95,69715.05,0
2026-02-14 20:00:00,69715.05,69777.35,69644.85,69755.55,0
2026-02-14 20:05:00,69755.55,69834.65,69722.85,69722.85,0
2026-02-14 20:10:00,69726.15,69787.85,69716.15,69740.15,0
2026-02-14 20:15:00,69738.85,69817.25,69701.25,69800.45,0
2026-02-14 20:20:00,69799.15,69814.15,69749.05,69763.55,0
2026-02-14 20:25:00,69763.55,69764.95,69714.65,69717.75,0
2026-02-14 20:30:00,69713.25,69781.45,69677.85,69746.05,0
2026-02-14 20:35:00,69746.05,69757.85,69659.85,69753.85,0
2026-02-14 20:40:00,69750.15,69783.15,69701.75,69706.95,0
2026-02-14 20:45:00,69710.85,69770.75,69675.05,69755.15,0
2026-02-14 20:50:00,69759.75,69760.65,69704.75,69719.55,0
2026-02-14 20:55:00,69719.55,69746.45,69713.75,69745.65,0
2026-02-14 21:00:00,69745.65,69802.45,69685.75,69802.45,0
2026-02-14 21:05:00,69802.45,69834.65,69754.55,69767.05,0
2026-02-14 21:10:00,69767.05,69787.85,69730.15,69730.15,0
2026-02-14 21:15:00,69731.55,69782.95,69589.15,69778.05,0
2026-02-14 21:20:00,69778.05,69824.15,69711.85,69801.75,0
2026-02-14 21:25:00,69801.05,69854.95,69740.75,69814.65,0
2026-02-14 21:30:00,69818.15,69874.95,69812.55,69833.95,0
2026-02-14 21:35:00,69828.05,69847.85,69779.25,69847.85,0
2026-02-14 21:40:00,69846.35,69855.25,69805.05,69855.25,0
2026-02-14 21:45:00,69848.75,69890.65,69798.65,69874.65,0
2026-02-14 21:50:00,69874.65,69874.65,69835.75,69841.85,0
2026-02-14 21:55:00,69835.75,69855.55,69796.95,69855.55,0
2026-02-14 22:00:00,69854.7,69969.75,69820.65,69941.55,0
2026-02-14 22:05:00,69941.55,69941.55,69783.75,69799.65,0
2026-02-14 22:10:00,69795.25,69837.45,69779.95,69800.55,0
2026-02-14 22:15:00,69798.75,69852.25,69787.95,69787.95,0
2026-02-14 22:20:00,69789.45,69884.75,69717.35,69867.55,0
2026-02-14 22:25:00,69867.55,69874.95,69776.05,69801.65,0
2026-02-14 22:30:00,69798.75,69845.55,69784.75,69845.55,0
2026-02-14 22:35:00,69847.25,69877.85,69803.95,69877.85,0
2026-02-14 22:40:00,69876.05,69952.95,69857.55,69927.25,0
2026-02-14 22:45:00,69927.25,69996.7,69916.45,69972.85,0
2026-02-14 22:50:00,69972.85,69983.05,69916.75,69955.05,0
2026-02-14 22:55:00,69955.05,70011.65,69955.05,69998.25,0
2026-02-14 23:00:00,69998.25,70174.95,69998.25,70153.85,0
2026-02-14 23:05:00,70152.65,70219.45,70087.95,70180.85,0
2026-02-14 23:10:00,70179.45,70199.85,70132.75,70188.95,0
2026-02-14 23:15:00,70190.05,70233.35,70125.05,70199.75,0
2026-02-14 23:20:00,70192.85,70192.85,70005.25,70005.25,0
2026-02-14 23:25:00,70005.95,70020.65,69957.45,69974.05,0
2026-02-14 23:30:00,69978.45,69997.25,69850.05,69918.35,0
2026-02-14 23:35:00,69911.55,69911.55,69664.85,69722.75,0
2026-02-14 23:40:00,69719.55,69853.35,69644.75,69834.55,0
2026-02-14 23:45:00,69841.95,69864.05,69795.15,69829.95,0
2026-02-14 23:50:00,69829.95,69907.45,69782.35,69907.45,0
2026-02-14 23:55:00,69903.65,69913.35,69856.65,69913.05,0
2026-02-15 00:00:00,69902.05,69925.95,69877.95,69925.95,0
2026-02-15 00:05:00,69923.65,69923.65,69840.95,69840.95,0
2026-02-15 00:10:00,69840.95,70020.05,69826.35,69984.65,0
2026-02-15 00:15:00,69984.65,69984.65,69844.25,69877.35,0
2026-02-15 00:20:00,69877.35,69900.35,69758.35,69858.25,0
2026-02-15 00:25:00,69860.45,69924.65,69840.15,69915.05,0
2026-02-15 00:30:00,69915.85,69964.35,69896.55,69907.95,0
2026-02-15 00:35:00,69911.15,70012.15,69911.15,69987.35,0
2026-02-15 00:40:00,69987.35,70004.25,69932.45,69963.15,0
2026-02-15 00:45:00,69963.15,70076.55,69944.65,69944.65,0
2026-02-15 00:50:00,69950.15,70045.85,69941.65,69980.35,0
2026-02-15 00:55:00,69979.95,70000.25,69919.95,69939.55,0
2026-02-15 01:00:00,69939.35,69987.85,69907.95,69922.15,0
2026-02-15 01:05:00,69923.95,69983.15,69902.25,69904.45,0
2026-02-15 01:10:00,69910.85,69959.85,69886.85,69959.55,0
2026-02-15 01:15:00,69955.15,70000.85,69862.05,69883.75,0
2026-02-15 01:20:00,69890.95,69895.45,69699.65,69790.55,0
2026-02-15 01:25:00,69790.55,69816.45,69697.95,69805.15,0
2026-02-15 01:30:00,69802.55,69836.65,69769.05,69811.55,0
2026-02-15 01:35:00,69808.35,69824.15,69747.95,69820.15,0
2026-02-15 01:40:00,69817.65,69828.25,69787.95,69791.45,0
2026-02-15 01:45:00,69795.35,69843.65,69769.45,69782.65,0
2026-02-15 01:50:00,69789.65,69817.85,69765.75,69782.15,0
2026-02-15 01:55:00,69780.75,69801.25,69753.75,69801.25,0
2026-02-15 02:00:00,69796.75,69803.85,69746.55,69786.95,0
2026-02-15 02:05:00,69789.65,69841.15,69750.65,69754.65,0
2026-02-15 02:10:00,69749.15,69787.85,69652.95,69659.65,0
2026-02-15 02:15:00,69659.65,69747.05,69617.65,69747.05,0
2026-02-15 02:20:00,69743.45,69744.45,69627.95,69663.65,0
2026-02-15 02:25:00,69662.35,69671.55,69634.65,69666.65,0
2026-02-15 02:30:00,69663.75,69734.45,69644.55,69659.75,0
2026-02-15 02:35:00,69660.55,69676.25,69610.65,69616.65,0
2026-02-15 02:40:00,69613.75,69675.65,69600.55,69605.95,0
2026-02-15 02:45:00,69606.65,69674.15,69575.85,69643.95,0
2026-02-15 02:50:00,69650.05,69717.95,69633.95,69712.15,0
2026-02-15 02:55:00,69717.85,69775.15,69700.55,69750.65,0
2026-02-15 03:00:00,69748.55,69824.45,69724.45,69785.45,0
2026-02-15 03:05:00,69787.15,69861.75,69787.15,69861.75,0
2026-02-15 03:10:00,69861.75,69886.05,69834.25,69885.05,0
2026-02-15 03:15:00,69877.15,69878.05,69807.75,69807.75,0
2026-02-15 03:20:00,69807.75,69812.45,69528.65,69553.75,0
2026-02-15 03:25:00,69556.85,69616.65,69432.25,69505.05,0
2026-02-15 03:30:00,69504.45,69594.05,69491.25,69491.25,0
2026-02-15 03:35:00,69503.35,69618.65,69428.65,69576.65,0
2026-02-15 03:40:00,69579.45,69649.45,69321.25,69382.75,0
2026-02-15 03:45:00,69386.25,69484.55,69367.95,69484.55,0
2026-02-15 03:50:00,69484.65,69581.35,69484.65,69569.45,0
2026-02-15 03:55:00,69565.35,69696.55,69557.85,69687.25,0
2026-02-15 04:00:00,69686.65,69709.65,69577.95,69623.85,0
2026-02-15 04:05:00,69626.85,69734.25,69460.85,69486.25,0
2026-02-15 04:10:00,69486.25,69540.85,69444.75,69516.05,0
2026-02-15 04:15:00,69516.05,69599.15,69502.25,69502.25,0
2026-02-15 04:20:00,69503.65,69519.75,69375.05,69407.65,0
2026-02-15 04:25:00,69410.15,69460.35,69385.45,69443.85,0
2026-02-15 04:30:00,69444.2,69462.95,69350.95,69462.95,0
2026-02-15 04:35:00,69462.5,69524.65,69328.7,69513.85,0
2026-02-15 04:40:00,69513.05,69541.75,69459.15,69488.85,0
2026-02-15 04:45:00,69488.85,69554.15,69412.15,69428.15,0
2026-02-15 04:50:00,69425.25,69505.45,69425.25,69489.95,0
2026-02-15 04:55:00,69491.65,69535.85,69458.95,69458.95,0
2026-02-15 05:00:00,69460.15,69547.85,69460.15,69535.75,0
2026-02-15 05:05:00,69535.75,69574.95,69501.55,69568.35,0
2026-02-15 05:10:00,69561.25,69564.05,69440.55,69440.55,0
2026-02-15 05:15:00,69442.35,69554.95,69442.35,69541.25,0
2026-02-15 05:20:00,69541.25,69563.95,69493.95,69493.95,0
2026-02-15 05:25:00,69491.95,69522.15,69420.95,69420.95,0
2026-02-15 05:30:00,69421.55,69514.95,69348.35,69349.35,0
2026-02-15 05:35:00,69353.65,69387.45,69226.55,69357.55,0
2026-02-15 05:40:00,69353.95,69392.15,69301.95,69333.45,0
2026-02-15 05:45:00,69339.15,69962.55,69339.15,69871.95,0
2026-02-15 05:50:00,69878.95,69958.65,69852.55,69902.85,0
2026-02-15 05:55:00,69905.55,69970.15,69865.25,69929.05,0
2026-02-15 06:00:00,69935.75,70115.45,69925.25,69989.25,0
2026-02-15 06:05:00,69995.35,70361.05,69932.95,70243.25,0
2026-02-15 06:10:00,70246.45,70423.55,70237.95,70397.55,0
2026-02-15 06:15:00,70406.25,70489.65,70243.05,70283.85,0
2026-02-15 06:20:00,70279.85,70279.85,70159.45,70180.45,0
2026-02-15 06:25:00,70180.45,70265.1,70142.65,70170.75,0
2026-02-15 06:30:00,70176.95,70349.95,70170.95,70286.35,0
2026-02-15 06:35:00,70284.75,70327.85,70165.85,70184.05,0
2026-02-15 06:40:00,70184.05,70235.35,70180.15,70205.45,0
2026-02-15 06:45:00,70205.45,70318.05,70192.15,70280.55,0
2026-02-15 06:50:00,70278.45,70287.55,70155.45,70155.65,0
2026-02-15 06:55:00,70152.05,70158.75,70090.55,70158.75,0
2026-02-15 07:00:00,70158.75,70196.85,70102.05,70124.75,0
2026-02-15 07:05:00,70119.95,70267.85,70116.85,70219.95,0
2026-02-15 07:10:00,70210.15,70212.95,70164.65,70174.65,0
2026-02-15 07:15:00,70176.05,70442.65,70139.15,70390.35,0
2026-02-15 07:20:00,70390.35,70447.85,70269.65,70320.65,0
2026-02-15 07:25:00,70320.65,70333.75,70292.15,70303.55,0
2026-02-15 07:30:00,70304.35,70395.15,70267.95,70367.65,0
2026-02-15 07:35:00,70362.75,70362.75,70261.15,70265.85,0
2026-02-15 07:40:00,70265.85,70360.75,70249.35,70334.65,0
2026-02-15 07:45:00,70333.65,70422.55,70285.35,70335.45,0
2026-02-15 07:50:00,70335.45,70364.65,70280.45,70280.45,0
2026-02-15 07:55:00,70280.45,70289.95,70238.45,70241.15,0
2026-02-15 08:00:00,70241.15,70260.95,70193.25,70218.95,0
2026-02-15 08:05:00,70219.45,70259.35,70217.75,70221.85,0
2026-02-15 08:10:00,70218.35,70223.05,70156.85,70206.95,0
2026-02-15 08:15:00,70206.05,70271.55,70178.65,70262.35,0
2026-02-15 08:20:00,70260.65,70361.4,70247.95,70348.15,0
2026-02-15 08:25:00,70355.65,70510.15,70340.25,70352.95,0
2026-02-15 08:30:00,70353.7,70445.35,70335.75,70424.95,0
2026-02-15 08:35:00,70425.95,70507.85,70392.05,70392.05,0
2026-02-15 08:40:00,70392.05,70406.45,70341.05,70341.05,0
2026-02-15 08:45:00,70336.35,70398.05,70279.05,70279.95,0
2026-02-15 08:50:00,70282.55,70345.75,70261.65,70345.75,0
2026-02-15 08:55:00,70337.85,70382.25,70332.95,70377.95,0
2026-02-15 09:00:00,70372.75,70386.55,70313.75,70386.55,0
2026-02-15 09:05:00,70387.85,70398.35,70286.05,70290.55,0
2026-02-15 09:10:00,70285.25,70408.05,70277.95,70386.95,0
2026-02-15 09:15:00,70391.4,70843.45,70365.45,70751.95,0
2026-02-15 09:20:00,70760.65,70849.15,70605.35,70621.75,0
2026-02-15 09:25:00,70619.25,70663.75,70565.95,70648.55,0
2026-02-15 09:30:00,70649.85,70814.85,70557.45,70750.45,0
2026-02-15 09:35:00,70770.3,70900.55,70728.05,70751.45,0
2026-02-15 09:40:00,70749.85,70823.25,70710.35,70711.65,0
2026-02-15 09:45:00,70709.45,70757.95,70663.75,70681.55,0
2026-02-15 09:50:00,70684.75,70747.85,70655.75,70656.05,0
2026-02-15 09:55:00,70652.8,70801.45,70652.8,70797.05,0
2026-02-15 10:00:00,70801.45,70862.45,70786.65,70825.75,0
2026-02-15 10:05:00,70822.95,70946.95,70822.95,70880.55,0
2026-02-15 10:10:00,70884.55,70925.85,70706.45,70708.85,0
2026-02-15 10:15:00,70712.75,70802.15,70693.85,70800.35,0
2026-02-15 10:20:00,70800.35,70800.35,70752.95,70761.95,0
2026-02-15 10:25:00,70766.25,70772.95,70535.05,70535.05,0
2026-02-15 10:30:00,70535.05,70580.35,70159.45,70248.55,0
2026-02-15 10:35:00,70246.25,70335.85,70153.35,70227.05,0
2026-02-15 10:40:00,70227.05,70334.85,70227.05,70300.95,0
2026-02-15 10:45:00,70300.25,70428.35,70263.05,70393.05,0
2026-02-15 10:50:00,70389.95,70428.35,70323.65,70409.45,0
2026-02-15 10:55:00,70410.85,70424.95,70383.35,70418.25,0
2026-02-15 11:00:00,70418.25,70484.05,70353.95,70462.55,0
2026-02-15 11:05:00,70461.95,70627.85,70398.85,70618.95,0
2026-02-15 11:10:00,70620.85,70640.25,70548.15,70548.15,0
2026-02-15 11:15:00,70542.45,70574.05,70480.05,70480.05,0
2026-02-15 11:20:00,70480.15,70573.25,70480.15,70542.65,0
2026-02-15 11:25:00,70548.95,70604.25,70540.05,70600.65,0
2026-02-15 11:30:00,70598.95,70598.95,70509.45,70569.65,0
2026-02-15 11:35:00,70568.85,70606.05,70452.15,70466.65,0
2026-02-15 11:40:00,70466.65,70492.55,70421.55,70476.75,0
2026-02-15 11:45:00,70476.75,70494.05,70453.55,70468.45,0
2026-02-15 11:50:00,70468.45,70468.45,70338.95,70367.15,0
2026-02-15 11:55:00,70367.05,70406.75,70357.95,70393.35,0
2026-02-15 12:00:00,70393.35,70436.05,70347.65,70366.25,0
2026-02-15 12:05:00,70370.35,70375.65,70180.05,70312.75,0
2026-02-15 12:10:00,70315.85,70327.85,70267.95,70272.85,0
2026-02-15 12:15:00,70269.9,70311.45,70194.05,70301.85,0
2026-02-15 12:20:00,70300.45,70424.95,70290.05,70392.25,0
2026-02-15 12:25:00,70392.2,70428.35,70369.65,70408.25,0
2026-02-15 12:30:00,70402.65,70402.65,70297.95,70349.75,0
2026-02-15 12:35:00,70347.05,70357.85,70268.95,70283.45,0
2026-02-15 12:40:00,70285.25,70431.05,70285.25,70431.05,0
2026-02-15 12:45:00,70427.05,70493.45,70392.85,70479.95,0
2026-02-15 12:50:00,70479.95,70496.95,70447.95,70488.55,0
2026-02-15 12:55:00,70488.55,70488.55,70397.65,70401.95,0
2026-02-15 13:00:00,70401.95,70447.85,70391.65,70444.25,0
2026-02-15 13:05:00,70438.25,70522.75,70417.95,70450.45,0
2026-02-15 13:10:00,70454.45,70470.05,70391.35,70400.55,0
2026-02-15 13:15:00,70406.25,70458.35,70377.75,70377.75,0
2026-02-15 13:20:00,70388.35,70427.95,70334.6,70345.05,0
2026-02-15 13:25:00,70345.05,70366.85,70327.95,70364.65,0
2026-02-15 13:30:00,70364.65,70366.15,70302.45,70302.45,0
2026-02-15 13:35:00,70303.65,70342.55,70279.25,70325.05,0
2026-02-15 13:40:00,70323.05,70346.75,70269.85,70338.75,0
2026-02-15 13:45:00,70331.55,70367.45,70297.95,70342.35,0
2026-02-15 13:50:00,70334.65,70334.65,70245.85,70251.35,0
2026-02-15 13:55:00,70256.45,70295.65,70250.35,70272.55,0
2026-02-15 14:00:00,70272.55,70304.05,70215.25,70281.15,0
2026-02-15 14:05:00,70281.15,70281.15,70187.15,70201.15,0
2026-02-15 14:10:00,70186.65,70216.95,70141.75,70205.45,0
2026-02-15 14:15:00,70208.85,70251.75,70031.15,70151.65,0
2026-02-15 14:20:00,70151.55,70343.45,70112.85,70299.75,0
2026-02-15 14:25:00,70299.75,70367.05,70260.45,70343.25,0
2026-02-15 14:30:00,70343.25,70401.45,70291.65,70336.85,0
2026-02-15 14:35:00,70336.85,70336.85,70119.15,70160.55,0
2026-02-15 14:40:00,70160.55,70239.05,70160.55,70234.95,0
2026-02-15 14:45:00,70233.05,70233.05,69954.35,69971.05,0
2026-02-15 14:50:00,69975.95,69991.15,69508.05,69586.95,0
2026-02-15 14:55:00,69588.85,69651.55,69289.35,69291.85,0
2026-02-15 15:00:00,69289.05,69530.95,69271.05,69410.95,0
2026-02-15 15:05:00,69406.65,69502.75,69314.35,69416.35,0
2026-02-15 15:10:00,69418.05,69501.95,69372.65,69490.05,0
2026-02-15 15:15:00,69488.95,69596.95,69484.85,69596.95,0
2026-02-15 15:20:00,69594.05,69594.05,69378.65,69403.15,0
2026-02-15 15:25:00,69399.65,69421.75,68991.65,69022.95,0
2026-02-15 15:30:00,69030.35,69152.15,68905.95,68966.85,0
2026-02-15 15:35:00,68970.35,69029.95,68905.45,68983.35,0
2026-02-15 15:40:00,68982.05,69039.35,68862.45,68907.65,0
2026-02-15 15:45:00,68903.45,69048.35,68825.05,68880.55,0
2026-02-15 15:50:00,68885.35,68917.65,68750.05,68818.75,0
2026-02-15 15:55:00,68826.85,68985.65,68804.65,68917.35,0
2026-02-15 16:00:00,68913.35,69049.75,68899.55,68995.25,0
2026-02-15 16:05:00,68997.95,69097.85,68969.95,68981.35,0
2026-02-15 16:10:00,68986.05,69013.25,68822.45,68939.95,0
2026-02-15 16:15:00,68942.15,69055.75,68931.95,68931.95,0
2026-02-15 16:20:00,68938.55,69060.05,68938.55,69058.55,0
2026-02-15 16:25:00,69059.7,69074.65,68994.25,69070.75,0
2026-02-15 16:30:00,69072.35,69122.55,68955.55,68999.75,0
2026-02-15 16:35:00,69001.15,69149.95,68971.65,69120.55,0
2026-02-15 16:40:00,69116.95,69198.05,69098.95,69148.05,0
2026-02-15 16:45:00,69149.95,69180.55,69067.95,69086.85,0
2026-02-15 16:50:00,69086.85,69105.45,69029.7,69105.45,0
2026-02-15 16:55:00,69096.95,69154.45,69085.85,69154.45,0
2026-02-15 17:00:00,69153.05,69214.45,69083.65,69163.35,0
2026-02-15 17:05:00,69152.55,69220.55,69093.55,69163.85,0
2026-02-15 17:10:00,69184.9,69239.45,69174.75,69187.45,0
2026-02-15 17:15:00,69184.15,69184.15,68961.15,68981.25,0
2026-02-15 17:20:00,68981.25,68994.95,68918.45,68926.05,0
2026-02-15 17:25:00,68930.85,68998.95,68863.05,68868.55,0
2026-02-15 17:30:00,68862.25,68977.85,68858.05,68949.35,0
2026-02-15 17:35:00,68949.35,69050.55,68875.05,69043.85,0
2026-02-15 17:40:00,69043.85,69059.55,68996.65,69053.15,0
2026-02-15 17:45:00,69044.25,69071.15,68999.35,69071.15,0
2026-02-15 17:50:00,69058.85,69060.55,68938.85,68942.65,0
2026-02-15 17:55:00,68938.65,69078.15,68936.85,69077.95,0
2026-02-15 18:00:00,69074.35,69074.35,68960.35,68970.45,0
2026-02-15 18:05:00,68973.65,69006.25,68767.05,68837.45,0
2026-02-15 18:10:00,68833.45,68967.85,68826.65,68967.85,0
2026-02-15 18:15:00,68965.25,69047.65,68940.55,68954.75,0
2026-02-15 18:20:00,68955.85,69031.05,68846.95,68864.45,0
2026-02-15 18:25:00,68866.45,69051.95,68866.45,69051.95,0
2026-02-15 18:30:00,69051.95,69076.45,68977.95,68977.95,0
2026-02-15 18:35:00,68977.95,68998.05,68897.55,68928.25,0
2026-02-15 18:40:00,68932.05,69017.35,68932.05,69009.15,0
2026-02-15 18:45:00,69009.15,69062.65,68985.85,68985.85,0
2026-02-15 18:50:00,69002.4,69022.55,68986.35,69011.15,0
2026-02-15 18:55:00,69015.75,69033.95,68991.75,68991.75,0
2026-02-15 19:00:00,69003.25,69054.65,68967.65,68967.65,0
2026-02-15 19:05:00,68960.65,69063.75,68937.25,69024.05,0
2026-02-15 19:10:00,69018.75,69046.15,68994.45,69046.15,0
2026-02-15 19:15:00,69030.0,69030.0,68917.25,68917.25,0
2026-02-15 19:20:00,68920.05,68970.35,68912.45,68949.95,0
2026-02-15 19:25:00,68949.95,68964.75,68892.05,68964.75,0
2026-02-15 19:30:00,68961.75,68978.95,68878.95,68954.95,0
2026-02-15 19:35:00,68956.75,69033.95,68953.05,69015.25,0
2026-02-15 19:40:00,69015.25,69023.95,68800.45,68805.95,0
2026-02-15 19:45:00,68803.15,68803.15,68185.05,68273.45,0
2026-02-15 19:50:00,68278.75,68652.95,68274.95,68535.25,0
2026-02-15 19:55:00,68538.55,68645.55,68439.55,68614.65,0
2026-02-15 20:00:00,68612.65,68636.65,68425.05,68469.45,0
2026-02-15 20:05:00,68469.45,68674.85,68412.15,68636.15,0
2026-02-15 20:10:00,68636.15,68723.05,68627.55,68669.45,0
2026-02-15 20:15:00,68662.65,68750.65,68641.05,68704.95,0
2026-02-15 20:20:00,68705.45,68767.15,68705.45,68738.95,0
2026-02-15 20:25:00,68738.95,68742.75,68533.15,68534.95,0
2026-02-15 20:30:00,68531.5,68618.65,68458.25,68553.65,0
2026-02-15 20:35:00,68546.95,68638.95,68363.85,68604.25,0
2026-02-15 20:40:00,68604.25,68697.75,68554.15,68686.65,0
2026-02-15 20:45:00,68691.95,68691.95,68374.95,68397.85,0
2026-02-15 20:50:00,68402.05,68484.75,68384.95,68445.05,0
2026-02-15 20:55:00,68445.05,68445.05,68329.05,68424.85,0
2026-02-15 21:00:00,68424.85,68501.65,68244.65,68244.65,0
2026-02-15 21:05:00,68233.05,68284.95,68048.55,68122.15,0
2026-02-15 21:10:00,68120.25,68309.95,68064.65,68159.35,0
2026-02-15 21:15:00,68162.75,68220.85,68079.65,68125.95,0
2026-02-15 21:20:00,68128.2,68511.0,68128.2,68498.55,0
2026-02-15 21:25:00,68498.05,68530.85,68438.55,68522.55,0
2026-02-15 21:30:00,68524.55,68524.55,68355.35,68400.15,0
2026-02-15 21:35:00,68400.15,68417.25,68222.25,68265.25,0
2026-02-15 21:40:00,68257.65,68316.05,68178.95,68217.95,0
2026-02-15 21:45:00,68221.45,68396.05,68216.95,68338.45,0
2026-02-15 21:50:00,68338.45,68414.55,68287.45,68299.25,0
2026-02-15 21:55:00,68300.75,68350.65,68266.75,68266.75,0
2026-02-15 22:00:00,68267.35,68306.75,68101.4,68161.75,0
2026-02-15 22:05:00,68164.25,68364.95,68164.25,68335.25,0
2026-02-15 22:10:00,68336.35,68420.15,68313.15,68393.25,0
2026-02-15 22:15:00,68392.05,68442.25,68273.25,68312.95,0
2026-02-15 22:20:00,68314.0,68381.65,68296.95,68340.25,0
2026-02-15 22:25:00,68344.35,68465.65,68339.35,68460.25,0
2026-02-15 22:30:00,68459.55,68481.65,68399.05,68479.85,0
2026-02-15 22:35:00,68479.85,68536.85,68451.15,68458.55,0
2026-02-15 22:40:00,68477.0,68488.75,68420.55,68481.45,0
2026-02-15 22:45:00,68481.25,68481.25,68425.15,68425.15,0
2026-02-15 22:50:00,68426.55,68426.55,68375.05,68402.65,0
2026-02-15 22:55:00,68402.65,68444.85,68402.65,68425.05,0
2026-02-15 23:00:00,68429.45,68638.95,68429.45,68632.25,0
2026-02-15 23:05:00,68633.35,68685.05,68585.05,68680.45,0
2026-02-15 23:10:00,68680.45,68744.15,68674.45,68712.55,0
2026-02-15 23:15:00,68712.55,68745.65,68632.45,68703.45,0
2026-02-15 23:20:00,68700.65,68747.25,68700.65,68740.75,0
2026-02-15 23:25:00,68744.45,68779.95,68659.75,68765.75,0
2026-02-15 23:30:00,68769.95,68931.95,68743.85,68823.75,0
2026-02-15 23:35:00,68823.75,68823.75,68715.55,68774.85,0
2026-02-15 23:40:00,68774.85,68774.95,68701.55,68711.55,0
2026-02-15 23:45:00,68709.0,68762.25,68684.15,68696.25,0
2026-02-15 23:50:00,68710.6,68847.55,68710.6,68832.85,0
2026-02-15 23:55:00,68832.85,68910.3,68824.95,68824.95,0
2026-02-16 00:00:00,68836.9,68895.05,68800.85,68873.65,0
2026-02-16 00:05:00,68871.85,68932.25,68859.35,68859.35,0
2026-02-16 00:10:00,68878.95,68900.95,68770.15,68770.15,0
2026-02-16 00:15:00,68773.45,68866.25,68770.15,68770.15,0
2026-02-16 00:20:00,68780.6,68924.85,68780.6,68924.85,0
2026-02-16 00:25:00,68930.25,69018.65,68930.25,68984.75,0
2026-02-16 00:30:00,68983.35,69057.45,68941.75,68968.45,0
2026-02-16 00:35:00,68970.35,69014.95,68950.05,69008.35,0
2026-02-16 00:40:00,69001.65,69015.25,68943.75,69015.25,0
2026-02-16 00:45:00,68988.35,69053.75,68898.35,68962.75,0
2026-02-16 00:50:00,68958.45,68980.85,68894.25,68940.45,0
2026-02-16 00:55:00,68942.95,68974.85,68901.45,68974.85,0
2026-02-16 01:00:00,68958.45,68964.05,68540.35,68658.95,0
2026-02-16 01:05:00,68660.05,68662.75,68303.35,68356.15,0
2026-02-16 01:10:00,68362.95,68548.25,68354.05,68465.85,0
2026-02-16 01:15:00,68468.05,68554.55,68364.85,68490.65,0
2026-02-16 01:20:00,68483.25,68524.85,68398.45,68524.85,0
2026-02-16 01:25:00,68518.2,68646.85,68503.75,68623.65,0
2026-02-16 01:30:00,68629.55,68778.95,68575.05,68636.25,0
2026-02-16 01:35:00,68637.25,68657.35,68526.85,68526.85,0
2026-02-16 01:40:00,68526.85,68673.15,68524.95,68656.95,0
2026-02-16 01:45:00,68650.95,68712.95,68642.65,68642.65,0
2026-02-16 01:50:00,68648.95,68754.85,68648.95,68750.15,0
2026-02-16 01:55:00,68755.65,68813.55,68752.25,68809.25,0
2026-02-16 02:00:00,68806.35,68806.35,68701.45,68720.95,0
2026-02-16 02:05:00,68724.85,68957.55,68713.05,68934.55,0
2026-02-16 02:10:00,68928.85,68982.85,68894.95,68915.05,0
2026-02-16 02:15:00,68920.15,69042.05,68852.85,68852.85,0
2026-02-16 02:20:00,68849.55,68862.65,68762.75,68763.35,0
2026-02-16 02:25:00,68766.45,68841.65,68740.3,68826.15,0
2026-02-16 02:30:00,68822.6,68916.35,68796.65,68902.65,0
2026-02-16 02:35:00,68903.85,68949.65,68817.45,68831.75,0
2026-02-16 02:40:00,68825.5,68854.35,68730.35,68730.35,0
2026-02-16 02:45:00,68728.35,68835.25,68673.65,68835.25,0
2026-02-16 02:50:00,68837.35,68927.15,68818.85,68886.35,0
2026-02-16 02:55:00,68887.05,68896.85,68809.75,68824.35,0
2026-02-16 03:00:00,68824.95,68938.35,68757.65,68902.95,0
2026-02-16 03:05:00,68902.95,68962.55,68895.65,68956.85,0
2026-02-16 03:10:00,68951.25,69016.15,68814.65,68831.65,0
2026-02-16 03:15:00,68831.65,68900.35,68818.15,68818.15,0
2026-02-16 03:20:00,68823.35,68831.85,68655.55,68684.05,0
2026-02-16 03:25:00,68685.8,68732.15,68631.25,68702.25,0
2026-02-16 03:30:00,68703.75,68745.25,68566.45,68571.05,0
2026-02-16 03:35:00,68567.65,68619.95,68443.95,68464.15,0
2026-02-16 03:40:00,68468.35,68569.65,68424.95,68565.15,0
2026-02-16 03:45:00,68565.45,68653.05,68548.35,68624.05,0
2026-02-16 03:50:00,68623.65,68629.85,68586.25,68605.55,0
2026-02-16 03:55:00,68606.65,68629.15,68574.95,68603.65,0
2026-02-16 04:00:00,68607.25,68697.85,68551.25,68682.05,0
2026-02-16 04:05:00,68683.15,68705.65,68558.05,68558.05,0
2026-02-16 04:10:00,68562.05,68574.85,68437.85,68545.65,0
2026-02-16 04:15:00,68545.55,68548.35,68428.35,68440.85,0
2026-02-16 04:20:00,68440.85,68442.05,68359.45,68403.85,0
2026-02-16 04:25:00,68404.75,68433.55,68305.85,68328.95,0
2026-02-16 04:30:00,68334.65,68423.55,68312.25,68417.95,0
2026-02-16 04:35:00,68423.05,68501.75,68413.35,68453.55,0
2026-02-16 04:40:00,68453.55,68482.25,68427.75,68431.25,0
2026-02-16 04:45:00,68435.15,68500.25,68326.95,68326.95,0
2026-02-16 04:50:00,68330.8,68384.65,68256.45,68275.65,0
2026-02-16 04:55:00,68277.95,68313.35,68215.35,68304.45,0
2026-02-16 05:00:00,68305.65,68366.55,68281.65,68281.65,0
2026-02-16 05:05:00,68285.05,68403.05,68285.05,68350.35,0
2026-02-16 05:10:00,68356.25,68428.25,68349.85,68356.35,0
2026-02-16 05:15:00,68356.65,68392.85,68325.95,68325.95,0
2026-02-16 05:20:00,68330.85,68362.35,68251.55,68273.95,0
2026-02-16 05:25:00,68277.75,68278.65,68148.55,68162.75,0
2026-02-16 05:30:00,68166.35,68218.55,68125.85,68176.35,0
2026-02-16 05:35:00,68176.35,68239.25,68176.35,68237.65,0
2026-02-16 05:40:00,68233.85,68342.35,68212.55,68331.75,0
2026-02-16 05:45:00,68332.05,68374.35,68298.65,68373.05,0
2026-02-16 05:50:00,68373.95,68444.15,68364.05,68380.65,0
2026-02-16 05:55:00,68385.45,68417.15,68367.55,68401.35,0
2026-02-16 06:00:00,68401.35,68509.95,68391.55,68492.95,0
2026-02-16 06:05:00,68492.75,68633.95,68462.05,68602.85,0
2026-02-16 06:10:00,68598.65,68640.75,68577.55,68611.85,0
2026-02-16 06:15:00,68617.75,68733.25,68590.35,68713.25,0
2026-02-16 06:20:00,68709.95,68765.85,68705.25,68749.65,0
2026-02-16 06:25:00,68745.35,68774.25,68721.35,68755.35,0
2026-02-16 06:30:00,68755.35,68791.35,68685.25,68690.45,0
2026-02-16 06:35:00,68689.85,68714.55,68662.55,68711.25,0
2026-02-16 06:40:00,68709.65,68709.65,68665.95,68672.75,0
2026-02-16 06:45:00,68672.75,68724.85,68666.65,68723.85,0
2026-02-16 06:50:00,68722.65,68841.65,68713.35,68826.25,0
2026-02-16 06:55:00,68826.25,68865.95,68825.65,68848.85,0
2026-02-16 07:00:00,68853.95,68873.35,68625.05,68642.35,0
2026-02-16 07:05:00,68640.25,68656.25,68610.35,68656.25,0
2026-02-16 07:10:00,68660.15,68664.05,68445.45,68448.75,0
2026-02-16 07:15:00,68452.25,68499.85,68447.55,68499.85,0
2026-02-16 07:20:00,68498.35,68499.75,68359.65,68374.45,0
2026-02-16 07:25:00,68374.45,68430.25,68356.15,68430.25,0
2026-02-16 07:30:00,68430.25,68470.85,68406.35,68411.25,0
2026-02-16 07:35:00,68414.65,68425.15,68268.05,68281.75,0
2026-02-16 07:40:00,68282.55,68331.45,68275.05,68319.15,0
2026-02-16 07:45:00,68322.65,68361.25,68307.65,68351.95,0
2026-02-16 07:50:00,68351.95,68382.35,68351.55,68382.35,0
2026-02-16 07:55:00,68382.35,68416.25,68362.45,68362.45,0
2026-02-16 08:00:00,68360.05,68421.75,68324.95,68415.55,0
2026-02-16 08:05:00,68415.05,68415.05,68365.05,68372.75,0
2026-02-16 08:10:00,68372.75,68380.95,68337.45,68340.85,0
2026-02-16 08:15:00,68340.85,68373.05,68294.95,68294.95,0
2026-02-16 08:20:00,68285.15,68306.35,68206.85,68290.95,0
2026-02-16 08:25:00,68290.95,68326.65,68244.25,68326.65,0
2026-02-16 08:30:00,68326.15,68509.55,68311.85,68452.75,0
2026-02-16 08:35:00,68449.25,68475.95,68435.75,68456.35,0
2026-02-16 08:40:00,68456.35,68458.55,68432.55,68445.65,0
2026-02-16 08:45:00,68448.85,68452.25,68374.95,68374.95,0
2026-02-16 08:50:00,68374.95,68428.15,68370.55,68406.25,0
2026-02-16 08:55:00,68405.25,68451.25,68403.45,68429.35,0
2026-02-16 09:00:00,68423.65,68423.65,68350.5,68415.75,0
2026-02-16 09:05:00,68415.75,68528.35,68415.75,68517.85,0
2026-02-16 09:10:00,68515.35,68593.95,68457.05,68585.45,0
2026-02-16 09:15:00,68589.75,68595.55,68552.45,68561.15,0
2026-02-16 09:20:00,68565.35,68587.15,68516.85,68579.25,0
2026-02-16 09:25:00,68579.25,68648.75,68546.55,68552.05,0
2026-02-16 09:30:00,68551.05,68587.45,68489.05,68581.05,0
2026-02-16 09:35:00,68582.55,68631.45,68463.45,68473.25,0
2026-02-16 09:40:00,68473.25,68488.05,68413.85,68481.25,0
2026-02-16 09:45:00,68483.75,68574.85,68483.75,68565.55,0
2026-02-16 09:50:00,68568.25,68599.75,68520.95,68539.65,0
2026-02-16 09:55:00,68538.95,68572.75,68520.55,68570.75,0
2026-02-16 10:00:00,68575.95,68616.35,68554.05,68610.95,0
2026-02-16 10:05:00,68613.45,68647.55,68607.05,68623.05,0
2026-02-16 10:10:00,68622.5,68623.65,68527.35,68528.05,0
2026-02-16 10:15:00,68527.35,68649.15,68519.25,68649.15,0
2026-02-16 10:20:00,68649.15,68720.95,68646.05,68703.35,0
2026-02-16 10:25:00,68715.95,68721.75,68687.85,68712.75,0
2026-02-16 10:30:00,68712.75,68727.75,68637.65,68705.25,0
2026-02-16 10:35:00,68702.65,68737.35,68608.05,68715.45,0
2026-02-16 10:40:00,68719.45,68749.05,68689.45,68747.35,0
2026-02-16 10:45:00,68747.35,68755.35,68703.55,68711.85,0
2026-02-16 10:50:00,68709.15,68736.05,68655.35,68728.35,0
2026-02-16 10:55:00,68728.35,68780.05,68720.25,68740.25,0
2026-02-16 11:00:00,68742.05,68940.75,68723.15,68935.35,0
2026-02-16 11:05:00,68933.35,68940.45,68781.25,68833.35,0
2026-02-16 11:10:00,68834.75,68891.75,68815.45,68865.75,0
2026-02-16 11:15:00,68868.75,68884.95,68777.85,68798.25,0
2026-02-16 11:20:00,68801.05,68833.15,68799.55,68820.45,0
2026-02-16 11:25:00,68821.85,68956.05,68821.85,68933.45,0
2026-02-16 11:30:00,68929.85,68979.95,68847.15,68947.85,0
2026-02-16 11:35:00,68947.85,69033.35,68947.85,69032.75,0
2026-02-16 11:40:00,69029.95,69032.95,68972.65,68999.05,0
2026-02-16 11:45:00,68999.05,69014.45,68911.35,68951.15,0
2026-02-16 11:50:00,68955.8,69015.65,68955.8,68976.15,0
2026-02-16 11:55:00,68975.05,69004.75,68953.05,68970.05,0
2026-02-16 12:00:00,68966.95,68966.95,68890.45,68898.65,0
2026-02-16 12:05:00,68898.65,68936.15,68858.25,68936.15,0
2026-02-16 12:10:00,68936.15,68936.15,68896.25,68922.95,0
2026-02-16 12:15:00,68924.65,68924.65,68865.85,68883.15,0
2026-02-16 12:20:00,68883.15,68907.55,68735.05,68754.85,0
2026-02-16 12:25:00,68754.85,68771.75,68673.05,68771.75,0
2026-02-16 12:30:00,68769.35,68868.85,68742.85,68863.95,0
2026-02-16 12:35:00,68866.45,68914.35,68774.95,68774.95,0
2026-02-16 12:40:00,68766.15,68774.25,68716.75,68762.35,0
2026-02-16 12:45:00,68762.35,68811.95,68739.35,68794.25,0
2026-02-16 12:50:00,68790.45,68818.75,68777.75,68787.55,0
2026-02-16 12:55:00,68788.95,68799.15,68769.95,68771.15,0
2026-02-16 13:00:00,68771.05,68795.15,68729.55,68795.15,0
2026-02-16 13:05:00,68795.15,68831.85,68649.3,68673.15,0
2026-02-16 13:10:00,68677.75,68681.85,68441.05,68491.85,0
2026-02-16 13:15:00,68493.25,68583.95,68445.55,68574.15,0
2026-02-16 13:20:00,68570.45,68574.15,68312.55,68394.95,0
2026-02-16 13:25:00,68394.95,68668.75,68394.95,68641.25,0
2026-02-16 13:30:00,68638.95,68693.75,68615.95,68664.1,0
2026-02-16 13:35:00,68667.45,68667.45,68600.35,68609.95,0
2026-02-16 13:40:00,68609.35,68611.15,68534.75,68553.15,0
2026-02-16 13:45:00,68551.75,68656.75,68551.65,68610.55,0
2026-02-16 13:50:00,68607.85,68795.85,68599.75,68789.85,0
2026-02-16 13:55:00,68794.05,68896.55,68780.65,68780.65,0
2026-02-16 14:00:00,68793.15,68932.55,68790.05,68903.15,0
2026-02-16 14:05:00,68899.75,68961.95,68836.75,68944.15,0
2026-02-16 14:10:00,68943.35,68958.05,68865.35,68875.85,0
2026-02-16 14:15:00,68876.35,68905.45,68789.65,68800.05,0
2026-02-16 14:20:00,68801.65,68897.25,68776.95,68861.55,0
2026-02-16 14:25:00,68861.55,69592.25,68861.55,69478.15,0
2026-02-16 14:30:00,69475.05,69503.85,69266.95,69439.25,0
2026-02-16 14:35:00,69435.85,69526.65,69281.65,69501.15,0
2026-02-16 14:40:00,69501.55,69521.45,69301.05,69410.45,0
2026-02-16 14:45:00,69417.15,69551.65,69342.65,69509.15,0
2026-02-16 14:50:00,69515.75,69818.95,69472.95,69707.85,0
2026-02-16 14:55:00,69707.75,69793.75,69664.85,69736.45,0
2026-02-16 15:00:00,69734.05,70095.95,69644.15,69906.65,0
2026-02-16 15:05:00,69911.95,70024.85,69688.35,69716.95,0
2026-02-16 15:10:00,69720.25,69729.65,69593.55,69633.85,0
2026-02-16 15:15:00,69633.85,69729.65,69578.05,69579.55,0
2026-02-16 15:20:00,69575.05,69607.35,69236.65,69264.05,0
2026-02-16 15:25:00,69254.85,69254.85,68492.05,68588.55,0
2026-02-16 15:30:00,68582.65,68865.35,68540.25,68552.15,0
2026-02-16 15:35:00,68545.55,68704.75,68247.35,68314.25,0
2026-02-16 15:40:00,68322.65,68481.65,68233.45,68410.75,0
2026-02-16 15:45:00,68415.25,68470.65,68250.05,68298.95,0
2026-02-16 15:50:00,68298.05,68401.95,68197.65,68253.15,0
2026-02-16 15:55:00,68255.65,68423.75,68229.05,68369.25,0
2026-02-16 16:00:00,68368.05,68420.15,68244.75,68395.35,0
2026-02-16 16:05:00,68395.45,68533.1,68388.45,68439.05,0
2026-02-16 16:10:00,68437.0,68440.15,68241.45,68391.95,0
2026-02-16 16:15:00,68391.75,68518.95,68348.25,68466.65,0
2026-02-16 16:20:00,68469.95,68624.05,68462.35,68621.65,0
2026-02-16 16:25:00,68620.15,68620.15,68237.35,68293.15,0
2026-02-16 16:30:00,68291.05,68537.35,68264.65,68445.95,0
2026-02-16 16:35:00,68446.95,68608.65,68391.45,68504.75,0
2026-02-16 16:40:00,68508.95,68551.55,68420.35,68483.15,0
2026-02-16 16:45:00,68487.75,68574.95,68365.35,68574.95,0
2026-02-16 16:50:00,68574.95,68693.25,68267.65,68276.95,0
2026-02-16 16:55:00,68267.9,68443.7,68258.55,68398.65,0
2026-02-16 17:00:00,68401.45,68558.85,68358.25,68493.85,0
2026-02-16 17:05:00,68495.4,68586.65,68460.35,68466.45,0
2026-02-16 17:10:00,68471.85,68532.65,68292.45,68313.65,0
2026-02-16 17:15:00,68312.45,68368.65,68269.55,68287.85,0
2026-02-16 17:20:00,68288.6,68374.85,68280.85,68300.65,0
2026-02-16 17:25:00,68300.65,68374.85,68207.55,68207.55,0
2026-02-16 17:30:00,68200.25,68224.95,67389.05,67408.85,0
2026-02-16 17:35:00,67398.05,67489.05,67275.05,67383.25,0
2026-02-16 17:40:00,67381.85,67474.95,67265.05,67421.65,0
2026-02-16 17:45:00,67415.45,67548.65,67330.05,67454.65,0
2026-02-16 17:50:00,67454.95,67688.35,67451.95,67606.25,0
2026-02-16 17:55:00,67613.15,67657.35,67472.85,67513.85,0
2026-02-16 18:00:00,67516.25,67649.95,67486.85,67647.35,0
2026-02-16 18:05:00,67650.35,67794.95,67650.35,67706.55,0
2026-02-16 18:10:00,67703.35,67815.15,67649.55,67712.05,0
2026-02-16 18:15:00,67704.95,67759.15,67555.65,67581.75,0
2026-02-16 18:20:00,67578.65,67746.25,67552.95,67674.15,0
2026-02-16 18:25:00,67677.75,67785.65,67618.75,67754.65,0
2026-02-16 18:30:00,67754.55,67805.35,67637.75,67648.15,0
2026-02-16 18:35:00,67643.15,67697.95,67628.75,67636.75,0
2026-02-16 18:40:00,67630.5,67897.75,67584.45,67897.75,0
2026-02-16 18:45:00,67891.05,67948.45,67826.85,67898.15,0
2026-02-16 18:50:00,67898.05,67912.35,67805.05,67831.85,0
2026-02-16 18:55:00,67829.85,67860.45,67775.05,67860.45,0
2026-02-16 19:00:00,67852.4,67939.95,67823.95,67854.95,0
2026-02-16 19:05:00,67861.65,67960.05,67749.85,67749.85,0
2026-02-16 19:10:00,67744.85,67780.15,67677.95,67723.55,0
2026-02-16 19:15:00,67726.55,67749.65,67575.05,67664.15,0
2026-02-16 19:20:00,67664.15,67826.05,67659.35,67804.05,0
2026-02-16 19:25:00,67804.05,67946.25,67804.05,67901.75,0
2026-02-16 19:30:00,67906.45,68039.65,67864.55,68030.25,0
2026-02-16 19:35:00,68025.4,68028.35,67967.25,68011.05,0
2026-02-16 19:40:00,68013.65,68049.45,67969.45,68004.25,0
2026-02-16 19:45:00,68004.05,68004.05,67875.05,67934.65,0
2026-02-16 19:50:00,67929.25,67944.45,67872.55,67934.45,0
2026-02-16 19:55:00,67937.75,67971.65,67907.05,67920.75,0
2026-02-16 20:00:00,67920.85,68007.75,67885.75,67989.05,0
2026-02-16 20:05:00,67989.05,68095.25,67989.05,68095.25,0
2026-02-16 20:10:00,68095.25,68137.25,68064.15,68103.15,0
2026-02-16 20:15:00,68089.5,68139.15,68045.05,68090.75,0
2026-02-16 20:20:00,68090.95,68197.75,68090.65,68150.45,0
2026-02-16 20:25:00,68154.25,68219.95,68045.25,68101.85,0
2026-02-16 20:30:00,68097.75,68109.65,68045.15,68106.85,0
2026-02-16 20:35:00,68101.25,68101.25,67941.95,67982.45,0
2026-02-16 20:40:00,67982.45,68010.65,67962.85,67972.45,0
2026-02-16 20:45:00,67974.65,68010.05,67867.55,67899.75,0
2026-02-16 20:50:00,67898.35,67975.15,67881.35,67955.55,0
2026-02-16 20:55:00,67955.55,67955.55,67803.35,67837.55,0
2026-02-16 21:00:00,67839.45,67910.05,67839.45,67859.35,0
2026-02-16 21:05:00,67863.25,67930.85,67855.35,67924.05,0
2026-02-16 21:10:00,67923.35,67960.85,67916.15,67960.85,0
2026-02-16 21:15:00,67958.35,67963.95,67860.95,67860.95,0
2026-02-16 21:20:00,67857.6,67972.25,67799.25,67972.25,0
2026-02-16 21:25:00,67973.05,68020.95,67939.85,67939.85,0
2026-02-16 21:30:00,67950.05,67995.35,67950.05,67982.85,0
2026-02-16 21:35:00,67980.55,68110.95,67975.25,68039.85,0
2026-02-16 21:40:00,68041.25,68086.75,68010.05,68075.95,0
2026-02-16 21:45:00,68075.85,68085.75,67958.65,67958.65,0
2026-02-16 21:50:00,67958.65,67976.05,67932.05,67976.05,0
2026-02-16 21:55:00,67974.95,67974.95,67876.15,67891.75,0
2026-02-16 22:00:00,67890.35,67919.95,67854.25,67917.55,0
2026-02-16 22:05:00,67914.45,67931.45,67806.05,67931.45,0
2026-02-16 22:10:00,67929.55,67938.75,67858.05,67938.75,0
2026-02-16 22:15:00,67938.55,68033.25,67899.45,67920.55,0
2026-02-16 22:20:00,67923.45,68074.85,67923.45,68044.55,0
2026-02-16 22:25:00,68043.95,68213.05,68039.85,68200.75,0
2026-02-16 22:30:00,68194.05,68209.95,68142.05,68209.95,0
2026-02-16 22:35:00,68209.35,68209.35,68084.35,68084.35,0
2026-02-16 22:40:00,68084.35,68263.65,68075.35,68214.15,0
2026-02-16 22:45:00,68214.05,68233.65,68186.95,68221.95,0
2026-02-16 22:50:00,68212.65,68469.55,68174.95,68381.85,0
2026-02-16 22:55:00,68386.7,68528.65,68371.55,68505.05,0
2026-02-16 23:00:00,68505.25,68541.95,68402.65,68428.75,0
2026-02-16 23:05:00,68435.45,68565.75,68430.55,68496.95,0
2026-02-16 23:10:00,68501.55,68545.55,68458.15,68545.55,0
2026-02-16 23:15:00,68548.25,68605.55,68475.55,68483.45,0
2026-02-16 23:20:00,68487.15,68592.75,68482.85,68482.85,0
2026-02-16 23:25:00,68480.45,68510.25,68435.25,68510.25,0
2026-02-16 23:30:00,68502.45,68563.55,68445.25,68517.65,0
2026-02-16 23:35:00,68517.55,68524.85,68432.65,68515.15,0
2026-02-16 23:40:00,68520.65,68524.85,68475.15,68524.85,0
2026-02-16 23:45:00,68523.45,68531.5,68439.35,68508.65,0
2026-02-16 23:50:00,68508.65,68516.25,68461.45,68495.65,0
2026-02-16 23:55:00,68498.95,68912.75,68497.15,68840.45,0
2026-02-17 00:00:00,68839.25,68870.45,68756.95,68768.95,0
2026-02-17 00:05:00,68758.65,68785.65,68654.25,68719.35,0
2026-02-17 00:10:00,68721.35,68832.65,68705.25,68733.55,0
2026-02-17 00:15:00,68732.85,68794.45,68698.05,68750.35,0
2026-02-17 00:20:00,68750.35,68797.35,68633.15,68658.65,0
2026-02-17 00:25:00,68658.65,68658.65,68561.15,68587.65,0
2026-02-17 00:30:00,68585.05,68688.25,68495.25,68660.25,0
2026-02-17 00:35:00,68660.25,68703.55,68613.35,68632.35,0
2026-02-17 00:40:00,68640.85,68653.25,68559.25,68576.95,0
2026-02-17 00:45:00,68576.9,68624.85,68507.05,68624.85,0
2026-02-17 00:50:00,68626.0,68651.35,68488.65,68651.35,0
2026-02-17 00:55:00,68648.45,68648.45,68562.05,68569.25,0
2026-02-17 01:00:00,68563.85,68652.75,68516.35,68652.75,0
2026-02-17 01:05:00,68650.85,68724.35,68591.55,68635.55,0
2026-02-17 01:10:00,68637.5,68736.15,68635.55,68715.55,0
2026-02-17 01:15:00,68712.65,68813.25,68676.75,68734.25,0
2026-02-17 01:20:00,68730.75,68734.25,68674.95,68734.25,0
2026-02-17 01:25:00,68737.25,68737.25,68619.45,68622.45,0
2026-02-17 01:30:00,68622.95,68706.35,68614.25,68617.45,0
2026-02-17 01:35:00,68613.15,68685.75,68599.85,68681.15,0
2026-02-17 01:40:00,68680.35,68710.75,68659.75,68659.75,0
2026-02-17 01:45:00,68664.45,68868.95,68664.45,68851.15,0
2026-02-17 01:50:00,68848.85,68962.55,68838.75,68962.55,0
2026-02-17 01:55:00,68960.15,68960.15,68814.35,68867.25,0
2026-02-17 02:00:00,68870.65,68890.35,68782.65,68800.85,0
2026-02-17 02:05:00,68803.65,68824.85,68736.75,68820.85,0
2026-02-17 02:10:00,68819.05,68884.85,68776.25,68881.65,0
2026-02-17 02:15:00,68880.3,68880.3,68676.65,68725.25,0
2026-02-17 02:20:00,68726.95,68789.65,68695.25,68759.65,0
2026-02-17 02:25:00,68759.65,68913.85,68737.75,68850.75,0
2026-02-17 02:30:00,68856.45,68885.15,68814.65,68842.25,0
2026-02-17 02:35:00,68848.85,68892.95,68846.35,68889.75,0
2026-02-17 02:40:00,68889.75,68937.25,68813.55,68849.05,0
2026-02-17 02:45:00,68849.05,69025.85,68839.35,69014.35,0
2026-02-17 02:50:00,69012.75,69025.25,68919.85,68928.55,0
2026-02-17 02:55:00,68929.45,68930.75,68811.15,68860.05,0
2026-02-17 03:00:00,68860.05,68940.55,68775.95,68787.95,0
2026-02-17 03:05:00,68790.15,68897.45,68760.65,68897.45,0
2026-02-17 03:10:00,68898.95,68974.95,68847.45,68909.75,0
2026-02-17 03:15:00,68908.15,68923.75,68814.05,68923.75,0
2026-02-17 03:20:00,68914.75,68932.85,68871.75,68932.85,0
2026-02-17 03:25:00,68928.1,68940.35,68840.05,68840.05,0
2026-02-17 03:30:00,68839.55,68963.65,68799.85,68955.35,0
2026-02-17 03:35:00,68954.45,68973.75,68900.05,68973.75,0
2026-02-17 03:40:00,68970.25,68970.25,68826.85,68832.45,0
2026-02-17 03:45:00,68838.65,68862.65,68800.05,68804.25,0
2026-02-17 03:50:00,68798.65,68812.65,68607.65,68611.65,0
2026-02-17 03:55:00,68611.65,68668.35,68542.35,68588.95,0
2026-02-17 04:00:00,68588.9,68622.95,68355.05,68519.45,0
2026-02-17 04:05:00,68520.55,68774.85,68480.45,68763.85,0
2026-02-17 04:10:00,68765.75,69213.45,68760.75,69102.75,0
2026-02-17 04:15:00,69096.35,69160.05,68970.65,68985.75,0
2026-02-17 04:20:00,68980.45,69097.85,68967.3,69092.85,0
2026-02-17 04:25:00,69087.05,69087.05,68992.15,69023.45,0
2026-02-17 04:30:00,69022.35,69054.75,68943.95,69042.25,0
2026-02-17 04:35:00,69033.35,69033.35,68885.45,68896.75,0
2026-02-17 04:40:00,68896.75,68965.85,68896.75,68923.15,0
2026-02-17 04:45:00,68923.15,68987.35,68907.65,68952.95,0
2026-02-17 04:50:00,68957.05,69022.95,68923.05,68925.15,0
2026-02-17 04:55:00,68932.65,68991.15,68812.45,68812.45,0
2026-02-17 05:00:00,68810.75,68838.25,68631.45,68634.05,0
2026-02-17 05:05:00,68639.15,68700.55,68615.95,68682.35,0
2026-02-17 05:10:00,68679.35,68712.55,68610.65,68702.25,0
2026-02-17 05:15:00,68699.45,68739.05,68646.25,68646.25,0
2026-02-17 05:20:00,68652.05,68741.45,68577.65,68581.45,0
2026-02-17 05:25:00,68582.15,68637.75,68560.25,68625.05,0
2026-02-17 05:30:00,68622.15,68640.55,68520.05,68639.65,0
2026-02-17 05:35:00,68636.25,68639.55,68465.45,68505.85,0
2026-02-17 05:40:00,68506.85,68572.05,68468.85,68547.05,0
2026-02-17 05:45:00,68545.0,68563.55,68477.75,68481.15,0
2026-02-17 05:50:00,68483.85,68555.85,68483.85,68555.85,0
2026-02-17 05:55:00,68555.85,68555.85,68445.45,68451.45,0
2026-02-17 06:00:00,68451.45,68506.05,68424.45,68496.35,0
2026-02-17 06:05:00,68496.35,68502.05,68368.95,68473.15,0
2026-02-17 06:10:00,68473.15,68595.55,68473.15,68557.45,0
2026-02-17 06:15:00,68557.45,68562.75,68457.35,68545.55,0
2026-02-17 06:20:00,68547.85,68685.05,68547.85,68659.45,0
2026-02-17 06:25:00,68657.45,68657.45,68567.85,68576.45,0
2026-02-17 06:30:00,68573.45,68573.45,68259.85,68350.15,0
2026-02-17 06:35:00,68351.05,68423.05,68348.25,68405.15,0
2026-02-17 06:40:00,68405.15,68425.75,68375.05,68405.35,0
2026-02-17 06:45:00,68405.35,68476.75,68384.65,68444.05,0
2026-02-17 06:50:00,68444.55,68450.35,68391.85,68391.85,0
2026-02-17 06:55:00,68391.4,68463.15,68364.45,68457.75,0
2026-02-17 07:00:00,68457.75,68488.65,68412.45,68481.25,0
2026-02-17 07:05:00,68481.25,68481.65,68354.95,68379.75,0
2026-02-17 07:10:00,68379.25,68438.95,68310.65,68327.95,0
2026-02-17 07:15:00,68327.95,68340.65,68142.55,68182.25,0
2026-02-17 07:20:00,68182.95,68190.55,67915.05,67996.95,0
2026-02-17 07:25:00,67998.45,68091.55,67965.65,68029.25,0
2026-02-17 07:30:00,68026.85,68059.65,67916.15,68008.25,0
2026-02-17 07:35:00,68009.35,68051.75,67870.85,68034.75,0
2026-02-17 07:40:00,68027.65,68173.85,68015.35,68138.55,0
2026-02-17 07:45:00,68138.55,68204.65,68089.55,68182.05,0
2026-02-17 07:50:00,68182.05,68240.7,68145.55,68195.35,0
2026-02-17 07:55:00,68192.05,68261.55,68179.15,68216.95,0
2026-02-17 08:00:00,68220.75,68258.05,68211.15,68238.75,0
2026-02-17 08:05:00,68238.75,68384.35,68238.75,68381.15,0
2026-02-17 08:10:00,68379.25,68428.25,68325.45,68349.75,0
2026-02-17 08:15:00,68351.35,68374.35,68329.25,68342.25,0
2026-02-17 08:20:00,68339.25,68367.05,68331.25,68340.65,0
2026-02-17 08:25:00,68340.65,68452.95,68275.15,68407.65,0
2026-02-17 08:30:00,68407.65,68430.55,68367.25,68416.35,0
2026-02-17 08:35:00,68416.15,68432.3,68383.95,68420.65,0
2026-02-17 08:40:00,68419.25,68497.15,68419.25,68430.35,0
2026-02-17 08:45:00,68429.65,68453.15,68377.35,68386.05,0
2026-02-17 08:50:00,68386.05,68427.95,68376.15,68418.05,0
2026-02-17 08:55:00,68418.05,68418.05,68378.65,68379.25,0
2026-02-17 09:00:00,68378.65,68381.75,68336.55,68364.05,0
2026-02-17 09:05:00,68364.05,68364.05,68254.05,68272.85,0
2026-02-17 09:10:00,68272.85,68320.85,68257.85,68295.95,0
2026-02-17 09:15:00,68295.3,68367.35,68267.55,68278.65,0
2026-02-17 09:20:00,68276.85,68313.75,68265.85,68281.85,0
2026-02-17 09:25:00,68287.75,68287.75,68175.05,68189.35,0
2026-02-17 09:30:00,68193.15,68242.35,68142.35,68208.35,0
2026-02-17 09:35:00,68206.95,68457.65,68204.75,68444.55,0
2026-02-17 09:40:00,68436.25,68458.35,68376.15,68387.65,0
2026-02-17 09:45:00,68385.45,68444.75,68355.45,68413.45,0
2026-02-17 09:50:00,68413.45,68451.45,68407.75,68431.65,0
2026-02-17 09:55:00,68438.45,68445.35,68352.85,68362.25,0
2026-02-17 10:00:00,68363.75,68452.65,68347.85,68411.85,0
2026-02-17 10:05:00,68411.85,68454.35,68357.35,68401.55,0
2026-02-17 10:10:00,68401.55,68452.25,68356.75,68366.45,0
2026-02-17 10:15:00,68363.55,68364.45,68251.75,68264.05,0
2026-02-17 10:20:00,68264.05,68315.45,68250.65,68273.85,0
2026-02-17 10:25:00,68273.85,68294.85,68254.65,68272.55,0
2026-02-17 10:30:00,68272.55,68326.05,68249.05,68249.05,0
2026-02-17 10:35:00,68244.15,68278.25,68125.05,68155.15,0
2026-02-17 10:40:00,68155.15,68211.25,68133.45,68196.75,0
2026-02-17 10:45:00,68196.75,68242.65,68187.75,68187.75,0
2026-02-17 10:50:00,68185.05,68189.65,68100.65,68144.75,0
2026-02-17 10:55:00,68149.05,68160.55,68127.25,68147.25,0
2026-02-17 11:00:00,68148.05,68274.65,68141.35,68274.65,0
2026-02-17 11:05:00,68274.65,68282.95,68178.85,68178.85,0
2026-02-17 11:10:00,68176.65,68176.65,68027.25,68079.25,0
2026-02-17 11:15:00,68078.55,68140.25,67963.55,68008.15,0
2026-02-17 11:20:00,68011.15,68071.85,67963.35,68010.55,0
2026-02-17 11:25:00,68014.15,68052.55,67976.05,68003.95,0
2026-02-17 11:30:00,68003.6,68060.35,67985.25,68014.25,0
2026-02-17 11:35:00,68011.15,68030.25,67985.25,67990.75,0
2026-02-17 11:40:00,67990.75,68070.55,67966.25,68049.75,0
2026-02-17 11:45:00,68049.75,68139.35,68020.85,68023.05,0
2026-02-17 11:50:00,68024.95,68130.55,68024.95,68106.65,0
2026-02-17 11:55:00,68106.65,68125.15,68078.95,68094.85,0
2026-02-17 12:00:00,68093.55,68143.55,68067.95,68076.35,0
2026-02-17 12:05:00,68074.45,68151.75,68073.35,68151.75,0
2026-02-17 12:10:00,68151.75,68171.05,68046.65,68107.95,0
2026-02-17 12:15:00,68103.65,68107.95,67770.95,67819.25,0
2026-02-17 12:20:00,67821.95,67943.15,67821.95,67918.05,0
2026-02-17 12:25:00,67915.95,67925.85,67871.35,67884.85,0
2026-02-17 12:30:00,67884.05,67917.75,67823.05,67859.85,0
2026-02-17 12:35:00,67859.85,67886.25,67744.05,67852.75,0
2026-02-17 12:40:00,67852.05,67852.75,67747.15,67761.45,0
2026-02-17 12:45:00,67764.75,67830.55,67719.65,67801.75,0
2026-02-17 12:50:00,67801.75,67801.75,67691.75,67761.95,0
2026-02-17 12:55:00,67757.75,67819.95,67757.05,67819.55,0
2026-02-17 13:00:00,67819.55,67890.55,67790.35,67791.55,0
2026-02-17 13:05:00,67775.05,67832.85,67660.15,67808.35,0
2026-02-17 13:10:00,67802.85,67879.75,67791.55,67865.25,0
2026-02-17 13:15:00,67868.35,67886.75,67792.55,67867.05,0
2026-02-17 13:20:00,67868.15,67910.95,67800.65,67813.95,0
2026-02-17 13:25:00,67809.0,67878.65,67709.25,67878.65,0
2026-02-17 13:30:00,67877.05,67897.15,67838.95,67838.95,0
2026-02-17 13:35:00,67837.35,67837.35,67738.75,67770.35,0
2026-02-17 13:40:00,67773.15,67789.35,67710.65,67714.85,0
2026-02-17 13:45:00,67712.65,67781.25,67690.45,67776.75,0
2026-02-17 13:50:00,67776.15,67843.75,67764.35,67832.55,0
2026-02-17 13:55:00,67833.25,67874.35,67804.75,67827.45,0
2026-02-17 14:00:00,67827.45,67888.85,67804.45,67888.85,0
2026-02-17 14:05:00,67885.75,68134.75,67872.95,68086.15,0
2026-02-17 14:10:00,68081.65,68091.85,68038.95,68046.65,0
2026-02-17 14:15:00,68048.15,68060.55,67995.75,68056.65,0
2026-02-17 14:20:00,68062.25,68132.95,68040.85,68068.25,0
2026-02-17 14:25:00,68065.35,68124.35,68034.25,68078.15,0
2026-02-17 14:30:00,68078.15,68123.45,68057.95,68095.85,0
2026-02-17 14:35:00,68100.55,68279.15,68086.05,68174.95,0
2026-02-17 14:40:00,68169.7,68194.75,68155.45,68157.85,0
2026-02-17 14:45:00,68157.85,68165.65,68060.25,68062.45,0
2026-02-17 14:50:00,68062.45,68062.45,67960.05,68020.25,0
2026-02-17 14:55:00,68012.65,68036.05,67837.25,67898.05,0
2026-02-17 15:00:00,67897.55,67931.55,67725.55,67750.25,0
2026-02-17 15:05:00,67747.15,67937.55,67709.25,67937.55,0
2026-02-17 15:10:00,67933.55,68091.05,67924.25,68073.05,0
2026-02-17 15:15:00,68074.4,68104.25,67960.95,68022.35,0
2026-02-17 15:20:00,68018.65,68326.85,68017.75,68318.45,0
2026-02-17 15:25:00,68315.15,68333.85,68074.75,68092.35,0
2026-02-17 15:30:00,68093.05,68099.95,67933.85,67979.15,0
2026-02-17 15:35:00,67980.85,68049.05,67979.95,68029.55,0
2026-02-17 15:40:00,68031.65,68033.25,67945.95,67992.45,0
2026-02-17 15:45:00,67992.45,68028.3,67962.25,68005.85,0
2026-02-17 15:50:00,68003.65,68336.05,67993.85,68187.35,0
2026-02-17 15:55:00,68188.25,68213.15,68068.75,68110.85,0
2026-02-17 16:00:00,68110.85,68181.15,68026.35,68181.15,0
2026-02-17 16:05:00,68179.15,68318.8,68152.55,68173.95,0
2026-02-17 16:10:00,68173.95,68177.45,68063.05,68075.95,0
2026-02-17 16:15:00,68074.95,68162.85,68058.35,68126.45,0
2026-02-17 16:20:00,68128.35,68135.75,67964.85,67998.45,0
2026-02-17 16:25:00,68000.25,68056.95,67992.55,68000.75,0
2026-02-17 16:30:00,68009.35,68221.95,67867.65,68058.75,0
2026-02-17 16:35:00,68061.25,68104.65,67447.85,67597.95,0
2026-02-17 16:40:00,67582.55,67607.95,66930.25,67074.25,0
2026-02-17 16:45:00,67080.15,67080.15,66781.15,67063.05,0
2026-02-17 16:50:00,67062.6,67089.75,66700.05,66855.15,0
2026-02-17 16:55:00,66855.45,67025.65,66772.35,66847.35,0
2026-02-17 17:00:00,66854.35,67099.95,66829.25,67070.65,0
2026-02-17 17:05:00,67075.95,67186.85,66899.25,67002.85,0
2026-02-17 17:10:00,67004.95,67109.55,66781.55,66781.55,0
2026-02-17 17:15:00,66785.45,67115.45,66762.25,67109.45,0
2026-02-17 17:20:00,67112.45,67137.15,66920.85,66950.45,0
2026-02-17 17:25:00,66952.05,66998.35,66710.05,66821.75,0
2026-02-17 17:30:00,66820.75,66872.35,66585.15,66700.75,0
2026-02-17 17:35:00,66708.55,66942.45,66704.75,66766.15,0
2026-02-17 17:40:00,66765.55,66981.25,66747.95,66981.25,0
2026-02-17 17:45:00,66978.15,67241.05,66966.25,67152.95,0
2026-02-17 17:50:00,67151.05,67374.95,67069.65,67270.65,0
2026-02-17 17:55:00,67261.05,67388.65,67248.05,67368.25,0
2026-02-17 18:00:00,67369.75,67820.45,67294.15,67732.55,0
2026-02-17 18:05:00,67740.35,67946.65,67677.45,67713.85,0
2026-02-17 18:10:00,67714.75,67756.95,67615.75,67727.45,0
2026-02-17 18:15:00,67709.95,67924.35,67685.25,67904.75,0
2026-02-17 18:20:00,67901.35,67912.75,67570.05,67705.25,0
2026-02-17 18:25:00,67704.25,67751.55,67482.15,67508.85,0
2026-02-17 18:30:00,67509.85,67849.95,67399.05,67823.85,0
2026-02-17 18:35:00,67823.15,68130.15,67813.95,67928.55,0
2026-02-17 18:40:00,67924.85,67938.55,67669.05,67678.75,0
2026-02-17 18:45:00,67682.15,67707.25,67526.55,67564.45,0
2026-02-17 18:50:00,67557.35,67726.75,67554.55,67667.1,0
2026-02-17 18:55:00,67675.55,67768.75,67478.45,67499.75,0
2026-02-17 19:00:00,67492.85,67673.15,67449.65,67545.55,0
2026-02-17 19:05:00,67544.45,67694.05,67472.85,67472.85,0
2026-02-17 19:10:00,67468.55,67490.85,67048.15,67236.25,0
2026-02-17 19:15:00,67233.55,67427.05,67190.85,67332.35,0
2026-02-17 19:20:00,67335.65,67376.55,67172.65,67265.35,0
2026-02-17 19:25:00,67263.15,67444.05,67252.95,67443.65,0
2026-02-17 19:30:00,67449.55,67472.0,67017.45,67133.85,0
2026-02-17 19:35:00,67140.15,67256.45,67107.25,67156.05,0
2026-02-17 19:40:00,67156.05,67156.05,66937.6,66983.15,0
2026-02-17 19:45:00,66977.05,67146.55,66862.15,67079.85,0
2026-02-17 19:50:00,67086.9,67264.85,67064.85,67143.25,0
2026-02-17 19:55:00,67139.65,67288.55,67093.45,67216.65,0
2026-02-17 20:00:00,67219.15,67235.75,67108.65,67144.35,0
2026-02-17 20:05:00,67147.95,67241.55,67098.05,67227.85,0
2026-02-17 20:10:00,67231.25,67365.05,67200.25,67319.35,0
2026-02-17 20:15:00,67313.95,67360.25,67209.75,67264.95,0
2026-02-17 20:20:00,67268.75,67790.55,67268.75,67647.85,0
2026-02-17 20:25:00,67645.55,67744.05,67586.55,67698.15,0
2026-02-17 20:30:00,67717.15,67829.95,67659.55,67761.35,0
2026-02-17 20:35:00,67756.05,67803.35,67661.55,67803.35,0
2026-02-17 20:40:00,67809.45,68073.65,67784.95,67943.95,0
2026-02-17 20:45:00,67945.95,68024.95,67820.55,67856.25,0
2026-02-17 20:50:00,67858.25,68012.0,67844.85,67986.65,0
2026-02-17 20:55:00,67987.55,68193.6,67979.75,68062.95,0
2026-02-17 21:00:00,68063.95,68095.75,67957.75,68028.75,0
2026-02-17 21:05:00,68028.9,68055.55,67962.15,68038.05,0
2026-02-17 21:10:00,68042.85,68169.95,67977.35,68149.35,0
2026-02-17 21:15:00,68148.6,68212.15,67858.65,67876.05,0
2026-02-17 21:20:00,67876.05,68074.95,67874.15,68032.05,0
2026-02-17 21:25:00,68025.85,68051.25,67833.55,67853.95,0
2026-02-17 21:30:00,67855.15,67903.05,67792.65,67841.65,0
2026-02-17 21:35:00,67837.95,67877.65,67764.75,67867.15,0
2026-02-17 21:40:00,67870.85,67968.35,67823.05,67966.65,0
2026-02-17 21:45:00,67962.85,68044.05,67865.35,67890.15,0
2026-02-17 21:50:00,67890.15,67910.45,67717.05,67811.85,0
2026-02-17 21:55:00,67810.85,67891.65,67757.25,67772.95,0
2026-02-17 22:00:00,67765.65,67823.45,67653.95,67723.75,0
2026-02-17 22:05:00,67724.55,67735.15,67516.25,67535.25,0
2026-02-17 22:10:00,67537.2,67599.25,67535.05,67578.05,0
2026-02-17 22:15:00,67579.35,67637.55,67511.05,67517.95,0
2026-02-17 22:20:00,67520.35,67622.95,67456.45,67595.85,0
2026-02-17 22:25:00,67590.55,67770.85,67586.25,67707.65,0
2026-02-17 22:30:00,67705.55,67716.85,67511.45,67675.85,0
2026-02-17 22:35:00,67678.65,67700.45,67566.75,67700.45,0
2026-02-17 22:40:00,67705.05,67899.05,67702.15,67831.05,0
2026-02-17 22:45:00,67828.45,67866.15,67737.85,67777.25,0
2026-02-17 22:50:00,67776.85,67818.95,67704.45,67756.75,0
2026-02-17 22:55:00,67760.85,67793.35,67717.85,67729.85,0
2026-02-17 23:00:00,67706.7,67758.55,67636.15,67715.85,0
2026-02-17 23:05:00,67718.95,67732.25,67644.15,67668.75,0
2026-02-17 23:10:00,67666.35,67871.15,67646.15,67861.75,0
2026-02-17 23:15:00,67859.75,67909.75,67702.65,67718.15,0
2026-02-17 23:20:00,67718.15,67732.55,67555.05,67580.45,0
2026-02-17 23:25:00,67581.15,67605.45,67551.15,67563.05,0
2026-02-17 23:30:00,67564.35,67564.95,67506.55,67546.75,0
2026-02-17 23:35:00,67545.75,67579.05,67518.65,67522.75,0
2026-02-17 23:40:00,67524.85,67585.25,67524.85,67567.55,0
2026-02-17 23:45:00,67565.05,67648.75,67538.95,67624.35,0
2026-02-17 23:50:00,67624.35,67624.35,67573.35,67604.45,0
2026-02-17 23:55:00,67604.45,67658.05,67604.45,67650.85,0
2026-02-18 00:00:00,67650.85,67665.25,67602.25,67625.75,0
2026-02-18 00:05:00,67625.75,67625.75,67495.35,67532.55,0
2026-02-18 00:10:00,67532.55,67570.45,67523.85,67564.55,0
2026-02-18 00:15:00,67564.55,67606.25,67500.15,67606.25,0
2026-02-18 00:20:00,67607.85,67644.05,67573.55,67627.55,0
2026-02-18 00:25:00,67624.1,67678.65,67598.25,67678.65,0
2026-02-18 00:30:00,67679.6,67704.45,67670.75,67676.65,0
2026-02-18 00:35:00,67679.1,67762.05,67679.1,67689.75,0
2026-02-18 00:40:00,67689.75,67714.35,67590.45,67599.85,0
2026-02-18 00:45:00,67599.85,67619.15,67551.15,67551.15,0
2026-02-18 00:50:00,67551.15,67587.75,67477.25,67584.25,0
2026-02-18 00:55:00,67578.35,67578.35,67499.75,67499.75,0
2026-02-18 01:00:00,67499.25,67513.45,67425.05,67474.05,0
2026-02-18 01:05:00,67474.05,67531.15,67358.85,67421.15,0
2026-02-18 01:10:00,67423.05,67453.05,67374.25,67441.75,0
2026-02-18 01:15:00,67439.05,67549.75,67426.05,67528.05,0
2026-02-18 01:20:00,67527.75,67594.95,67505.55,67542.05,0
2026-02-18 01:25:00,67538.35,67542.85,67409.65,67409.65,0
2026-02-18 01:30:00,67409.25,67434.35,67359.15,67434.35,0
2026-02-18 01:35:00,67434.35,67511.05,67411.65,67423.95,0
2026-02-18 01:40:00,67419.85,67505.65,67419.85,67502.45,0
2026-02-18 01:45:00,67506.95,67531.05,67466.15,67501.75,0
2026-02-18 01:50:00,67502.85,67557.75,67480.05,67482.85,0
2026-02-18 01:55:00,67482.85,67522.85,67459.65,67482.45,0
2026-02-18 02:00:00,67482.75,67557.15,67475.75,67510.95,0
2026-02-18 02:05:00,67510.95,67585.75,67510.95,67583.35,0
2026-02-18 02:10:00,67581.95,67601.65,67569.15,67596.25,0
2026-02-18 02:15:00,67593.55,67598.35,67511.35,67553.95,0
2026-02-18 02:20:00,67553.95,67586.65,67514.75,67514.75,0
2026-02-18 02:25:00,67514.25,67515.75,67418.05,67472.85,0
2026-02-18 02:30:00,67474.65,67580.25,67467.95,67553.15,0
2026-02-18 02:35:00,67555.05,67582.85,67548.35,67550.85,0
2026-02-18 02:40:00,67548.25,67568.75,67431.35,67431.35,0
2026-02-18 02:45:00,67431.35,67431.35,67301.45,67321.95,0
2026-02-18 02:50:00,67331.85,67349.05,67260.95,67278.45,0
2026-02-18 02:55:00,67279.85,67318.85,67271.95,67271.95,0
2026-02-18 03:00:00,67280.8,67350.85,67088.25,67115.85,0
2026-02-18 03:05:00,67102.95,67209.85,67048.75,67086.75,0
2026-02-18 03:10:00,67084.3,67149.45,67023.35,67067.25,0
2026-02-18 03:15:00,67080.25,67155.35,67080.25,67128.35,0
2026-02-18 03:20:00,67128.35,67212.35,67124.25,67124.25,0
2026-02-18 03:25:00,67120.25,67140.35,67014.05,67022.95,0
2026-02-18 03:30:00,67021.85,67038.85,66863.85,66894.55,0
2026-02-18 03:35:00,66891.35,67023.15,66887.05,66934.55,0
2026-02-18 03:40:00,66935.55,67160.0,66910.15,67141.55,0
2026-02-18 03:45:00,67143.65,67166.45,67076.05,67083.15,0
2026-02-18 03:50:00,67083.15,67138.55,67044.15,67055.75,0
2026-02-18 03:55:00,67055.75,67144.05,67031.95,67138.95,0
2026-02-18 04:00:00,67135.55,67230.15,67122.15,67211.05,0
2026-02-18 04:05:00,67209.2,67346.95,67178.45,67344.15,0
2026-02-18 04:10:00,67346.95,67371.45,67229.85,67248.55,0
2026-02-18 04:15:00,67248.55,67300.25,67227.15,67227.15,0
2026-02-18 04:20:00,67229.75,67298.95,67185.85,67188.45,0
2026-02-18 04:25:00,67194.05,67241.95,67185.65,67191.25,0
2026-02-18 04:30:00,67197.45,67328.95,67180.25,67309.75,0
2026-02-18 04:35:00,67309.75,67397.85,67309.75,67345.25,0
2026-02-18 04:40:00,67343.55,67365.75,67330.65,67339.35,0
2026-02-18 04:45:00,67345.95,67349.05,67238.85,67270.05,0
2026-02-18 04:50:00,67268.65,67343.05,67261.85,67318.35,0
2026-02-18 04:55:00,67318.05,67332.95,67296.75,67305.45,0
2026-02-18 05:00:00,67306.35,67444.05,67299.35,67440.75,0
2026-02-18 05:05:00,67440.75,67440.75,67355.95,67373.25,0
2026-02-18 05:10:00,67372.15,67393.75,67329.65,67393.15,0
2026-02-18 05:15:00,67393.15,67444.95,67380.15,67430.95,0
2026-02-18 05:20:00,67425.75,67479.95,67404.95,67479.95,0
2026-02-18 05:25:00,67476.55,67532.95,67443.55,67514.95,0
2026-02-18 05:30:00,67514.95,67579.35,67482.65,67567.65,0
2026-02-18 05:35:00,67567.65,67624.95,67551.15,67563.95,0
2026-02-18 05:40:00,67563.95,67606.25,67546.25,67598.25,0
2026-02-18 05:45:00,67594.95,67639.35,67546.65,67619.05,0
2026-02-18 05:50:00,67616.95,67640.75,67595.3,67596.55,0
2026-02-18 05:55:00,67605.25,67678.9,67590.85,67594.95,0
2026-02-18 06:00:00,67604.65,67619.55,67469.85,67481.25,0
2026-02-18 06:05:00,67481.25,67564.35,67470.35,67564.35,0
2026-02-18 06:10:00,67563.05,67688.15,67512.65,67532.15,0
2026-02-18 06:15:00,67528.65,67647.25,67527.35,67630.75,0
2026-02-18 06:20:00,67636.45,67649.15,67569.55,67634.75,0
2026-02-18 06:25:00,67630.25,67647.75,67602.55,67645.95,0
2026-02-18 06:30:00,67646.85,67734.95,67636.45,67713.45,0
2026-02-18 06:35:00,67713.05,67713.05,67603.35,67683.65,0
2026-02-18 06:40:00,67684.95,67695.85,67660.75,67661.85,0
2026-02-18 06:45:00,67664.95,67710.05,67625.05,67695.85,0
2026-02-18 06:50:00,67695.85,67873.85,67695.85,67815.35,0
2026-02-18 06:55:00,67819.5,67836.15,67772.45,67798.35,0
2026-02-18 07:00:00,67797.45,67797.65,67722.45,67741.55,0
2026-02-18 07:05:00,67738.95,67768.95,67721.05,67740.05,0
2026-02-18 07:10:00,67740.05,67866.25,67735.15,67844.75,0
2026-02-18 07:15:00,67844.75,67897.75,67823.25,67887.75,0
2026-02-18 07:20:00,67886.55,67911.05,67810.25,67885.95,0
2026-02-18 07:25:00,67883.15,67896.65,67682.25,67696.75,0
2026-02-18 07:30:00,67702.45,67732.65,67643.85,67679.15,0
2026-02-18 07:35:00,67681.65,67710.65,67670.05,67694.75,0
2026-02-18 07:40:00,67694.75,67696.55,67585.05,67612.85,0
2026-02-18 07:45:00,67612.85,67701.35,67575.95,67688.35,0
2026-02-18 07:50:00,67684.05,67684.05,67625.15,67631.35,0
2026-02-18 07:55:00,67631.35,67654.15,67594.15,67620.05,0
2026-02-18 08:00:00,67618.65,67634.15,67584.45,67634.15,0
2026-02-18 08:05:00,67634.15,67702.95,67621.05,67680.05,0
2026-02-18 08:10:00,67680.05,67767.55,67680.05,67767.55,0
2026-02-18 08:15:00,67774.75,67782.45,67725.75,67730.95,0
2026-02-18 08:20:00,67730.95,67846.55,67713.85,67842.95,0
2026-02-18 08:25:00,67842.05,67875.55,67831.45,67842.55,0
2026-02-18 08:30:00,67841.55,67841.55,67800.15,67813.85,0
2026-02-18 08:35:00,67813.85,67888.95,67795.05,67841.85,0
2026-02-18 08:40:00,67841.85,67924.95,67841.85,67890.15,0
2026-02-18 08:45:00,67885.95,67954.95,67877.35,67894.85,0
2026-02-18 08:50:00,67903.55,67905.25,67808.05,67822.55,0
2026-02-18 08:55:00,67823.35,67835.55,67789.65,67821.75,0
2026-02-18 09:00:00,67821.75,67858.35,67818.35,67831.85,0
2026-02-18 09:05:00,67831.85,67847.05,67768.05,67793.55,0
2026-02-18 09:10:00,67793.55,67804.45,67725.05,67727.95,0
2026-02-18 09:15:00,67725.15,67753.05,67716.65,67728.55,0
2026-02-18 09:20:00,67728.45,67748.35,67667.15,67672.75,0
2026-02-18 09:25:00,67672.75,67728.65,67672.05,67722.15,0
2026-02-18 09:30:00,67722.15,67776.05,67714.65,67752.75,0
2026-02-18 09:35:00,67749.95,67936.65,67734.35,67936.65,0
2026-02-18 09:40:00,67949.35,68078.45,67922.55,68039.15,0
2026-02-18 09:45:00,68039.15,68194.8,67996.45,68151.25,0
2026-02-18 09:50:00,68149.95,68160.55,68112.65,68142.45,0
2026-02-18 09:55:00,68139.75,68148.05,68086.05,68089.15,0
2026-02-18 10:00:00,68089.75,68182.05,68064.05,68104.85,0
2026-02-18 10:05:00,68112.95,68167.65,68108.15,68125.15,0
2026-02-18 10:10:00,68128.85,68250.15,68128.85,68195.65,0
2026-02-18 10:15:00,68194.65,68420.85,68176.35,68313.05,0
2026-02-18 10:20:00,68310.05,68363.15,68273.95,68356.05,0
2026-02-18 10:25:00,68354.95,68447.35,68248.65,68264.35,0
2026-02-18 10:30:00,68265.05,68285.85,68192.35,68235.85,0
2026-02-18 10:35:00,68233.3,68237.85,68102.85,68136.45,0
2026-02-18 10:40:00,68141.3,68179.55,68119.25,68145.85,0
2026-02-18 10:45:00,68147.85,68181.15,68132.15,68143.45,0
2026-02-18 10:50:00,68143.45,68196.95,68060.75,68080.25,0
2026-02-18 10:55:00,68080.25,68109.95,68044.15,68104.35,0
2026-02-18 11:00:00,68107.25,68121.65,68010.05,68022.65,0
2026-02-18 11:05:00,68023.25,68060.45,67984.35,68019.45,0
2026-02-18 11:10:00,68021.15,68189.95,68020.25,68169.15,0
2026-02-18 11:15:00,68169.15,68236.75,68158.65,68195.55,0
2026-02-18 11:20:00,68193.55,68197.05,68158.15,68169.45,0
2026-02-18 11:25:00,68175.55,68195.15,68127.95,68127.95,0
2026-02-18 11:30:00,68127.95,68196.05,68106.75,68191.95,0
2026-02-18 11:35:00,68191.95,68233.65,68187.95,68199.65,0
2026-02-18 11:40:00,68199.65,68254.05,68187.55,68254.05,0
2026-02-18 11:45:00,68250.45,68250.45,68166.05,68166.05,0
2026-02-18 11:50:00,68166.05,68217.75,68123.25,68184.25,0
2026-02-18 11:55:00,68184.25,68190.75,68135.35,68136.25,0
2026-02-18 12:00:00,68136.25,68141.45,68059.55,68077.55,0
2026-02-18 12:05:00,68073.25,68141.75,68062.85,68140.55,0
2026-02-18 12:10:00,68140.15,68163.15,68133.25,68140.15,0
2026-02-18 12:15:00,68138.35,68140.65,68023.35,68024.35,0
2026-02-18 12:20:00,68025.5,68037.05,67980.05,68020.05,0
2026-02-18 12:25:00,68018.45,68025.95,67955.05,68025.95,0
2026-02-18 12:30:00,68022.75,68022.75,67869.55,67894.75,0
2026-02-18 12:35:00,67895.1,67919.75,67861.35,67881.95,0
2026-02-18 12:40:00,67878.35,67898.75,67709.25,67758.65,0
2026-02-18 12:45:00,67761.65,67828.45,67731.55,67793.45,0
2026-02-18 12:50:00,67791.05,67831.65,67744.65,67816.05,0
2026-02-18 12:55:00,67813.35,67813.35,67744.45,67776.95,0
2026-02-18 13:00:00,67776.95,67780.05,67735.05,67754.55,0
2026-02-18 13:05:00,67754.55,67782.25,67120.65,67161.75,0
2026-02-18 13:10:00,67160.95,67397.75,67053.05,67367.75,0
2026-02-18 13:15:00,67362.65,67407.85,67199.45,67279.05,0
2026-02-18 13:20:00,67285.05,67379.25,67261.35,67365.85,0
2026-02-18 13:25:00,67366.25,67474.25,67313.15,67424.45,0
2026-02-18 13:30:00,67424.45,67487.15,67382.95,67435.35,0
2026-02-18 13:35:00,67435.35,67557.85,67428.05,67475.05,0
2026-02-18 13:40:00,67479.6,67534.95,67445.95,67530.45,0
2026-02-18 13:45:00,67529.2,67574.35,67445.65,67520.45,0
2026-02-18 13:50:00,67520.45,67535.55,67468.85,67515.25,0
2026-02-18 13:55:00,67514.05,67535.25,67333.85,67343.95,0
2026-02-18 14:00:00,67343.95,67511.15,67343.05,67451.55,0
2026-02-18 14:05:00,67455.15,67660.05,67442.15,67541.35,0
2026-02-18 14:10:00,67541.45,67633.15,67506.55,67563.95,0
2026-02-18 14:15:00,67564.75,67619.55,67535.45,67558.25,0
2026-02-18 14:20:00,67553.05,67554.95,67462.05,67499.25,0
2026-02-18 14:25:00,67500.75,67559.55,67498.75,67537.75,0
2026-02-18 14:30:00,67537.75,67560.35,67344.15,67358.05,0
2026-02-18 14:35:00,67358.35,67447.45,67316.05,67433.65,0
2026-02-18 14:40:00,67431.05,67543.05,67431.05,67517.85,0
2026-02-18 14:45:00,67514.35,67549.15,67492.35,67537.65,0
2026-02-18 14:50:00,67537.65,67573.75,67511.95,67511.95,0
2026-02-18 14:55:00,67510.45,67512.25,67423.65,67434.55,0
2026-02-18 15:00:00,67435.55,67516.75,67375.85,67377.25,0
2026-02-18 15:05:00,67377.25,67538.95,67354.55,67522.95,0
2026-02-18 15:10:00,67520.95,67558.95,67504.55,67507.05,0
2026-02-18 15:15:00,67508.45,67567.15,67430.85,67445.05,0
2026-02-18 15:20:00,67448.25,67484.15,67389.55,67448.05,0
2026-02-18 15:25:00,67452.15,67493.55,67450.25,67450.25,0
2026-02-18 15:30:00,67454.7,67458.95,67337.05,67356.35,0
2026-02-18 15:35:00,67357.6,67406.55,67347.45,67359.65,0
2026-02-18 15:40:00,67359.05,67359.05,67197.15,67266.45,0
2026-02-18 15:45:00,67266.45,67290.25,67117.05,67128.55,0
2026-02-18 15:50:00,67133.15,67176.05,67074.45,67075.25,0
2026-02-18 15:55:00,67075.75,67226.65,67024.45,67208.45,0
2026-02-18 16:00:00,67208.45,67286.95,67208.45,67276.65,0
2026-02-18 16:05:00,67276.65,67341.45,67189.65,67283.05,0
2026-02-18 16:10:00,67282.55,67282.55,67195.95,67253.95,0
2026-02-18 16:15:00,67252.35,67276.55,67048.95,67113.15,0
2026-02-18 16:20:00,67110.75,67136.35,67037.35,67109.65,0
2026-02-18 16:25:00,67104.25,67185.55,67052.35,67052.35,0
2026-02-18 16:30:00,67050.35,67306.15,67006.35,67040.05,0
2026-02-18 16:35:00,67042.6,67217.85,66974.95,67136.95,0
2026-02-18 16:40:00,67133.85,67203.55,67022.05,67118.85,0
2026-02-18 16:45:00,67121.1,67291.35,66685.35,66747.35,0
2026-02-18 16:50:00,66753.55,67215.75,66753.55,67179.05,0
2026-02-18 16:55:00,67181.25,67254.35,67097.85,67193.05,0
2026-02-18 17:00:00,67198.45,67461.95,67160.55,67461.95,0
2026-02-18 17:05:00,67447.95,67523.45,67271.15,67343.85,0
2026-02-18 17:10:00,67340.95,67363.65,67237.05,67340.35,0
2026-02-18 17:15:00,67346.45,67494.05,67309.25,67365.05,0
2026-02-18 17:20:00,67366.35,67468.85,67308.05,67338.55,0
2026-02-18 17:25:00,67340.25,67378.45,67291.15,67297.75,0
2026-02-18 17:30:00,67297.45,67466.25,67268.85,67403.45,0
2026-02-18 17:35:00,67409.55,68087.75,67409.55,68081.85,0
2026-02-18 17:40:00,68086.05,68319.35,68017.05,68087.95,0
2026-02-18 17:45:00,68092.85,68100.25,67808.25,67811.05,0
2026-02-18 17:50:00,67811.95,67901.85,67685.15,67827.75,0
2026-02-18 17:55:00,67834.15,67840.35,67585.2,67669.25,0
2026-02-18 18:00:00,67669.25,67680.15,67132.85,67368.65,0
2026-02-18 18:05:00,67376.05,67376.05,67057.35,67107.45,0
2026-02-18 18:10:00,67112.25,67160.3,66967.05,67044.95,0
2026-02-18 18:15:00,67046.25,67209.05,66975.05,67144.25,0
2026-02-18 18:20:00,67141.9,67316.95,67127.35,67170.65,0
2026-02-18 18:25:00,67170.05,67358.25,67098.65,67235.15,0
2026-02-18 18:30:00,67238.25,67303.85,67037.35,67037.35,0
2026-02-18 18:35:00,67037.7,67177.15,67016.15,67168.45,0
2026-02-18 18:40:00,67177.05,67262.85,67162.35,67203.35,0
2026-02-18 18:45:00,67202.15,67251.05,67094.15,67133.15,0
2026-02-18 18:50:00,67137.35,67159.05,67003.65,67081.75,0
2026-02-18 18:55:00,67080.35,67132.65,67036.15,67109.45,0
2026-02-18 19:00:00,67110.85,67203.05,67079.25,67181.95,0
2026-02-18 19:05:00,67182.95,67462.25,67182.95,67280.35,0
2026-02-18 19:10:00,67283.85,67319.25,67024.65,67055.25,0
2026-02-18 19:15:00,67052.45,67170.65,67027.65,67160.75,0
2026-02-18 19:20:00,67161.75,67165.65,67102.95,67125.15,0
2026-02-18 19:25:00,67126.75,67134.65,67042.25,67107.75,0
2026-02-18 19:30:00,67108.55,67221.05,67073.85,67127.35,0
2026-02-18 19:35:00,67129.45,67183.25,67122.55,67174.45,0
2026-02-18 19:40:00,67174.45,67192.25,67064.85,67072.15,0
2026-02-18 19:45:00,67077.4,67163.55,67077.4,67141.25,0
2026-02-18 19:50:00,67137.7,67160.75,67057.35,67070.25,0
2026-02-18 19:55:00,67067.0,67203.55,67063.05,67158.75,0
2026-02-18 20:00:00,67161.05,67203.25,67074.85,67083.65,0
2026-02-18 20:05:00,67084.95,67144.05,67057.85,67092.25,0
2026-02-18 20:10:00,67096.05,67118.65,67071.65,67094.85,0
2026-02-18 20:15:00,67094.85,67153.05,66860.05,66860.65,0
2026-02-18 20:20:00,66861.35,66891.45,66612.55,66801.55,0
2026-02-18 20:25:00,66802.15,66915.25,66747.05,66852.95,0
2026-02-18 20:30:00,66851.45,66865.45,66611.35,66829.85,0
2026-02-18 20:35:00,66829.15,66915.05,66788.05,66854.85,0
2026-02-18 20:40:00,66852.65,66852.65,66298.55,66312.15,0
2026-02-18 20:45:00,66314.45,66520.65,66169.05,66489.95,0
2026-02-18 20:50:00,66484.8,66484.8,66254.15,66379.25,0
2026-02-18 20:55:00,66385.35,66434.95,66287.55,66327.35,0
2026-02-18 21:00:00,66327.65,66505.65,66287.55,66503.25,0
2026-02-18 21:05:00,66503.25,66503.25,66384.95,66441.35,0
2026-02-18 21:10:00,66448.95,66592.05,66277.45,66344.25,0
2026-02-18 21:15:00,66339.75,66414.45,66238.05,66376.25,0
2026-02-18 21:20:00,66376.85,66449.75,66218.65,66235.05,0
2026-02-18 21:25:00,66235.85,66255.45,66085.05,66245.25,0
2026-02-18 21:30:00,66242.5,66282.45,66015.85,66094.05,0
2026-02-18 21:35:00,66091.25,66123.45,65832.15,65944.05,0
2026-02-18 21:40:00,65941.6,66141.3,65927.85,66127.95,0
2026-02-18 21:45:00,66124.85,66338.15,66114.55,66177.95,0
2026-02-18 21:50:00,66175.55,66267.8,66113.65,66113.65,0
2026-02-18 21:55:00,66112.6,66208.95,66027.85,66145.75,0
2026-02-18 22:00:00,66147.95,66289.85,66100.15,66235.05,0
2026-02-18 22:05:00,66236.85,66275.85,66153.85,66247.85,0
2026-02-18 22:10:00,66241.65,66324.95,66184.05,66229.75,0
2026-02-18 22:15:00,66230.55,66255.25,66133.75,66211.95,0
2026-02-18 22:20:00,66215.05,66291.85,66129.15,66279.45,0
2026-02-18 22:25:00,66277.15,66346.45,66244.95,66270.45,0
2026-02-18 22:30:00,66269.45,66444.75,66262.65,66396.85,0
2026-02-18 22:35:00,66394.75,66506.05,66367.95,66467.05,0
2026-02-18 22:40:00,66466.05,66467.25,66365.35,66394.35,0
2026-02-18 22:45:00,66394.35,66493.95,66370.95,66441.35,0
2026-02-18 22:50:00,66451.65,66469.65,66128.8,66296.45,0
2026-02-18 22:55:00,66302.65,66306.55,66213.25,66243.85,0
2026-02-18 23:00:00,66249.15,66313.85,66075.6,66143.65,0
2026-02-18 23:05:00,66140.1,66150.65,66073.25,66106.45,0
2026-02-18 23:10:00,66106.45,66199.65,66103.45,66180.05,0
2026-02-18 23:15:00,66176.95,66334.95,66170.95,66331.45,0
2026-02-18 23:20:00,66333.25,66347.05,66275.75,66344.05,0
2026-02-18 23:25:00,66338.95,66377.95,66316.65,66377.95,0
2026-02-18 23:30:00,66377.95,66442.55,66347.05,66442.55,0
2026-02-18 23:35:00,66444.05,66474.85,66322.55,66413.15,0
2026-02-18 23:40:00,66417.85,66442.35,66398.35,66401.55,0
2026-02-18 23:45:00,66405.35,66437.85,66398.25,66436.25,0
2026-02-18 23:50:00,66428.85,66429.25,66277.05,66294.65,0
2026-02-18 23:55:00,66294.65,66382.65,66238.45,66310.65,0
2026-02-19 00:00:00,66313.45,66353.95,66263.85,66293.65,0
2026-02-19 00:05:00,66296.75,66373.95,66296.75,66330.35,0
2026-02-19 00:10:00,66330.35,66345.15,66206.35,66233.45,0
2026-02-19 00:15:00,66237.15,66341.75,66228.55,66341.75,0
2026-02-19 00:20:00,66338.35,66352.45,66215.35,66266.45,0
2026-02-19 00:25:00,66269.85,66313.65,66269.85,66292.15,0
2026-02-19 00:30:00,66295.95,66412.15,66295.95,66378.65,0
2026-02-19 00:35:00,66376.35,66385.85,66347.15,66377.35,0
2026-02-19 00:40:00,66374.05,66439.45,66360.55,66368.85,0
2026-02-19 00:45:00,66370.15,66435.25,66367.05,66428.15,0
2026-02-19 00:50:00,66428.05,66453.25,66400.25,66418.35,0
2026-02-19 00:55:00,66417.25,66422.65,66367.35,66380.05,0
2026-02-19 01:00:00,66382.55,66428.15,66275.35,66286.75,0
2026-02-19 01:05:00,66293.75,66295.35,66245.35,66285.15,0
2026-02-19 01:10:00,66285.15,66353.85,66253.65,66353.85,0
2026-02-19 01:15:00,66356.25,66372.75,66286.85,66330.75,0
2026-02-19 01:20:00,66333.05,66351.65,66269.45,66278.65,0
2026-02-19 01:25:00,66278.65,66333.45,66253.45,66290.35,0
2026-02-19 01:30:00,66292.15,66399.75,66292.15,66383.95,0
2026-02-19 01:35:00,66383.85,66423.45,66342.1,66370.95,0
2026-02-19 01:40:00,66371.95,66459.35,66371.95,66444.75,0
2026-02-19 01:45:00,66442.85,66466.35,66410.25,66453.65,0
2026-02-19 01:50:00,66452.25,66482.45,66398.65,66436.45,0
2026-02-19 01:55:00,66436.55,66452.95,66413.45,66432.15,0
2026-02-19 02:00:00,66436.25,66441.95,66371.35,66409.05,0
2026-02-19 02:05:00,66409.05,66573.05,66408.15,66520.85,0
2026-02-19 02:10:00,66526.15,66532.75,66376.7,66386.85,0
2026-02-19 02:15:00,66387.45,66513.45,66387.45,66459.05,0
2026-02-19 02:20:00,66462.95,66465.95,66382.65,66408.75,0
2026-02-19 02:25:00,66406.55,66406.55,66311.95,66377.05,0
2026-02-19 02:30:00,66378.15,66425.35,66324.95,66419.55,0
2026-02-19 02:35:00,66419.55,66468.15,66409.05,66468.15,0
2026-02-19 02:40:00,66468.15,66526.05,66468.15,66500.65,0
2026-02-19 02:45:00,66499.85,66529.95,66376.25,66402.45,0
2026-02-19 02:50:00,66402.45,66409.65,66363.85,66385.75,0
2026-02-19 02:55:00,66385.25,66434.85,66373.25,66414.05,0
2026-02-19 03:00:00,66411.45,66592.95,66410.05,66542.05,0
2026-02-19 03:05:00,66542.05,66608.75,66535.35,66557.15,0
2026-02-19 03:10:00,66557.15,66757.85,66532.35,66676.75,0
2026-02-19 03:15:00,66673.55,66701.05,66573.55,66584.95,0
2026-02-19 03:20:00,66584.95,66694.15,66506.05,66663.25,0
2026-02-19 03:25:00,66663.25,66713.55,66649.75,66681.55,0
2026-02-19 03:30:00,66674.45,66738.15,66661.85,66720.35,0
2026-02-19 03:35:00,66722.25,66760.55,66593.65,66672.45,0
2026-02-19 03:40:00,66677.25,66799.95,66677.25,66772.85,0
2026-02-19 03:45:00,66769.65,66792.45,66742.45,66785.95,0
2026-02-19 03:50:00,66783.65,66807.35,66726.85,66807.35,0
2026-02-19 03:55:00,66807.35,66851.55,66807.35,66839.05,0
2026-02-19 04:00:00,66844.05,66846.55,66763.85,66778.95,0
2026-02-19 04:05:00,66775.15,66812.55,66725.65,66812.55,0
2026-02-19 04:10:00,66812.55,66828.65,66727.55,66801.75,0
2026-02-19 04:15:00,66803.55,66864.95,66781.05,66797.05,0
2026-02-19 04:20:00,66798.35,66941.25,66798.35,66892.05,0
2026-02-19 04:25:00,66904.05,66938.15,66899.25,66915.55,0
2026-02-19 04:30:00,66914.55,66915.55,66822.75,66830.25,0
2026-02-19 04:35:00,66829.95,66829.95,66655.55,66666.65,0
2026-02-19 04:40:00,66670.55,66714.15,66611.25,66635.85,0
2026-02-19 04:45:00,66639.95,66701.15,66635.85,66695.35,0
2026-02-19 04:50:00,66693.95,66705.95,66663.55,66668.95,0
2026-02-19 04:55:00,66668.95,66849.65,66668.95,66810.65,0
2026-02-19 05:00:00,66810.65,66867.65,66771.25,66848.15,0
2026-02-19 05:05:00,66844.35,66844.35,66743.75,66749.35,0
2026-02-19 05:10:00,66753.15,66781.05,66695.85,66775.05,0
2026-02-19 05:15:00,66775.15,66904.05,66775.15,66861.65,0
2026-02-19 05:20:00,66863.75,66933.45,66863.75,66929.15,0
2026-02-19 05:25:00,66928.65,66936.35,66909.85,66936.35,0
2026-02-19 05:30:00,66936.35,66936.35,66825.25,66833.35,0
2026-02-19 05:35:00,66832.45,66931.15,66829.45,66840.35,0
2026-02-19 05:40:00,66840.35,66884.35,66835.35,66884.35,0
2026-02-19 05:45:00,66884.35,66893.55,66828.85,66869.55,0
2026-02-19 05:50:00,66866.75,66915.55,66850.05,66905.75,0
2026-02-19 05:55:00,66905.75,66973.95,66888.45,66956.75,0
2026-02-19 06:00:00,66956.75,67048.05,66954.55,66998.85,0
2026-02-19 06:05:00,66993.55,67011.95,66916.55,66929.65,0
2026-02-19 06:10:00,66929.65,66985.15,66929.65,66968.85,0
2026-02-19 06:15:00,66968.85,66968.85,66921.75,66955.85,0
2026-02-19 06:20:00,66957.05,66957.05,66846.85,66846.85,0
2026-02-19 06:25:00,66846.85,66881.95,66830.25,66864.35,0
2026-02-19 06:30:00,66864.95,66918.45,66859.85,66902.95,0
2026-02-19 06:35:00,66902.95,66914.15,66867.35,66903.85,0
2026-02-19 06:40:00,66903.85,66926.15,66792.15,66792.15,0
2026-02-19 06:45:00,66792.45,66862.35,66728.15,66805.55,0
2026-02-19 06:50:00,66807.55,66813.45,66742.45,66792.55,0
2026-02-19 06:55:00,66796.55,66823.15,66781.65,66782.65,0
2026-02-19 07:00:00,66782.65,66824.55,66739.95,66764.05,0
2026-02-19 07:05:00,66766.55,66773.05,66666.25,66718.45,0
2026-02-19 07:10:00,66718.45,66776.85,66718.45,66749.55,0
2026-02-19 07:15:00,66750.35,66869.15,66737.05,66850.95,0
2026-02-19 07:20:00,66850.95,66850.95,66680.95,66713.95,0
2026-02-19 07:25:00,66714.55,66734.15,66663.65,66713.65,0
2026-02-19 07:30:00,66713.65,66793.65,66689.75,66747.45,0
2026-02-19 07:35:00,66747.45,66781.05,66730.75,66764.15,0
2026-02-19 07:40:00,66764.15,66785.35,66746.45,66746.45,0
2026-02-19 07:45:00,66744.45,66803.95,66700.75,66786.75,0
2026-02-19 07:50:00,66786.75,66836.65,66766.45,66833.35,0
2026-02-19 07:55:00,66833.35,66855.95,66827.65,66854.05,0
2026-02-19 08:00:00,66850.15,66928.55,66842.65,66926.15,0
2026-02-19 08:05:00,66928.55,66982.05,66928.55,66932.15,0
2026-02-19 08:10:00,66934.85,66972.85,66934.85,66972.85,0
2026-02-19 08:15:00,66972.85,67121.95,66923.25,67098.75,0
2026-02-19 08:20:00,67095.35,67189.95,67079.25,67168.55,0
2026-02-19 08:25:00,67172.05,67188.25,67134.35,67153.65,0
2026-02-19 08:30:00,67154.2,67265.75,67095.05,67111.85,0
2026-02-19 08:35:00,67110.95,67156.15,67067.75,67114.85,0
2026-02-19 08:40:00,67114.85,67122.15,67065.25,67075.65,0
2026-02-19 08:45:00,67076.45,67121.35,67076.45,67117.45,0
2026-02-19 08:50:00,67121.35,67185.05,67075.3,67149.25,0
2026-02-19 08:55:00,67149.25,67161.05,67099.25,67122.75,0
2026-02-19 09:00:00,67124.45,67146.75,67049.05,67077.75,0
2026-02-19 09:05:00,67077.75,67079.05,67001.35,67045.15,0
2026-02-19 09:10:00,67045.15,67185.45,67045.15,67117.65,0
2026-02-19 09:15:00,67117.65,67177.45,67117.65,67152.45,0
2026-02-19 09:20:00,67150.25,67241.35,67145.35,67182.45,0
2026-02-19 09:25:00,67182.45,67216.45,67178.35,67190.65,0
2026-02-19 09:30:00,67190.65,67257.95,67177.85,67187.95,0
2026-02-19 09:35:00,67187.95,67303.55,67162.55,67162.55,0
2026-02-19 09:40:00,67162.55,67182.45,67089.95,67166.55,0
2026-02-19 09:45:00,67166.55,67173.05,67120.45,67173.05,0
2026-02-19 09:50:00,67175.15,67195.75,67135.95,67190.05,0
2026-02-19 09:55:00,67186.45,67196.45,67145.25,67184.85,0
2026-02-19 10:00:00,67182.55,67182.55,67036.65,67132.45,0
2026-02-19 10:05:00,67131.25,67131.25,67030.2,67079.55,0
2026-02-19 10:10:00,67079.95,67102.15,67014.15,67035.55,0
2026-02-19 10:15:00,67033.75,67079.65,66989.85,67075.45,0
2026-02-19 10:20:00,67075.45,67079.55,66925.05,66935.05,0
2026-02-19 10:25:00,66942.5,66942.5,66854.35,66888.85,0
2026-02-19 10:30:00,66886.45,66915.65,66770.75,66823.65,0
2026-02-19 10:35:00,66828.35,66929.55,66823.65,66910.35,0
2026-02-19 10:40:00,66910.05,66932.85,66865.25,66909.55,0
2026-02-19 10:45:00,66907.7,66908.65,66835.15,66874.35,0
2026-02-19 10:50:00,66873.85,66900.25,66805.85,66899.55,0
2026-02-19 10:55:00,66896.95,66946.55,66876.25,66938.85,0
2026-02-19 11:00:00,66943.35,66988.45,66854.65,66857.75,0
2026-02-19 11:05:00,66862.25,66980.65,66849.15,66980.15,0
2026-02-19 11:10:00,66988.15,67020.45,66983.25,67001.15,0
2026-02-19 11:15:00,66998.65,67017.45,66962.95,66982.95,0
2026-02-19 11:20:00,66984.95,67169.25,66968.95,67133.35,0
2026-02-19 11:25:00,67131.25,67131.25,67058.75,67107.95,0
2026-02-19 11:30:00,67104.45,67122.35,67072.45,67116.95,0
2026-02-19 11:35:00,67114.35,67118.25,67009.85,67016.65,0
2026-02-19 11:40:00,67016.65,67061.35,67012.25,67051.65,0
2026-02-19 11:45:00,67051.65,67053.35,66736.05,66765.05,0
2026-02-19 11:50:00,66767.65,66849.25,66749.25,66830.35,0
2026-02-19 11:55:00,66830.35,66853.95,66808.75,66809.95,0
2026-02-19 12:00:00,66809.95,66833.65,66717.45,66735.95,0
2026-02-19 12:05:00,66732.25,66858.05,66714.45,66853.25,0
2026-02-19 12:10:00,66850.65,66899.55,66843.35,66843.45,0
2026-02-19 12:15:00,66842.45,66910.25,66836.85,66893.35,0
2026-02-19 12:20:00,66893.35,66903.95,66835.85,66840.95,0
2026-02-19 12:25:00,66841.5,66877.95,66833.45,66841.45,0
2026-02-19 12:30:00,66839.05,66892.65,66779.55,66883.55,0
2026-02-19 12:35:00,66879.55,66932.05,66802.35,66923.55,0
2026-02-19 12:40:00,66922.25,66934.65,66903.15,66926.75,0
2026-02-19 12:45:00,66924.85,66924.85,66865.65,66876.65,0
2026-02-19 12:50:00,66875.35,66875.35,66744.95,66761.85,0
2026-02-19 12:55:00,66759.55,66819.25,66745.75,66812.85,0
2026-02-19 13:00:00,66811.85,66853.25,66794.65,66846.25,0
2026-02-19 13:05:00,66843.45,66885.25,66809.25,66885.25,0
2026-02-19 13:10:00,66884.95,66894.25,66881.55,66894.25,0
2026-02-19 13:15:00,66894.25,66912.15,66854.65,66869.05,0
2026-02-19 13:20:00,66859.7,66886.85,66840.55,66886.85,0
2026-02-19 13:25:00,66884.95,66886.85,66815.75,66820.25,0
2026-02-19 13:30:00,66820.25,66829.05,66802.55,66825.85,0
2026-02-19 13:35:00,66825.85,66825.85,66626.55,66673.15,0
2026-02-19 13:40:00,66673.15,66706.75,66638.65,66642.15,0
2026-02-19 13:45:00,66640.05,66694.95,66608.65,66664.45,0
2026-02-19 13:50:00,66662.05,66662.05,66450.55,66489.15,0
2026-02-19 13:55:00,66490.45,66511.25,66450.05,66468.45,0
2026-02-19 14:00:00,66468.45,66496.75,66391.85,66410.95,0
2026-02-19 14:05:00,66413.75,66514.55,66293.75,66513.05,0
2026-02-19 14:10:00,66512.35,66553.5,66458.55,66540.15,0
2026-02-19 14:15:00,66532.65,66568.35,66461.85,66479.55,0
2026-02-19 14:20:00,66479.55,66629.65,66479.55,66609.15,0
2026-02-19 14:25:00,66608.05,66657.35,66595.85,66642.85,0
2026-02-19 14:30:00,66639.05,66643.55,66593.85,66611.25,0
2026-02-19 14:35:00,66615.75,66640.25,66437.3,66619.45,0
2026-02-19 14:40:00,66617.65,66647.75,66574.95,66586.35,0
2026-02-19 14:45:00,66590.75,66607.15,66477.45,66524.95,0
2026-02-19 14:50:00,66527.35,66545.95,66490.15,66502.35,0
2026-02-19 14:55:00,66502.35,66513.35,66475.55,66491.75,0
2026-02-19 15:00:00,66497.95,66532.95,66397.35,66412.45,0
2026-02-19 15:05:00,66408.1,66408.1,66201.25,66320.95,0
2026-02-19 15:10:00,66323.75,66411.65,66322.95,66361.95,0
2026-02-19 15:15:00,66385.55,66393.95,66148.8,66207.75,0
2026-02-19 15:20:00,66211.6,66272.05,66141.45,66146.05,0
2026-02-19 15:25:00,66145.75,66206.55,66112.35,66150.05,0
2026-02-19 15:30:00,66156.25,66229.55,66090.85,66226.15,0
2026-02-19 15:35:00,66236.75,66277.75,66069.15,66085.15,0
2026-02-19 15:40:00,66078.95,66078.95,65900.75,65937.6,0
2026-02-19 15:45:00,65932.65,65969.95,65759.05,65790.25,0
2026-02-19 15:50:00,65782.75,65971.75,65730.55,65948.45,0
2026-02-19 15:55:00,65948.45,65948.45,65867.55,65895.05,0
2026-02-19 16:00:00,65882.95,65948.45,65804.95,65837.85,0
2026-02-19 16:05:00,65838.4,65944.35,65836.15,65934.85,0
2026-02-19 16:10:00,65934.45,66077.65,65862.95,66015.25,0
2026-02-19 16:15:00,66014.25,66014.25,65858.75,65896.75,0
2026-02-19 16:20:00,65895.45,65984.55,65883.15,65972.45,0
2026-02-19 16:25:00,65971.1,66040.25,65852.95,65947.75,0
2026-02-19 16:30:00,65946.05,66002.25,65627.65,65708.65,0
2026-02-19 16:35:00,65701.5,66196.95,65601.85,66081.65,0
2026-02-19 16:40:00,66085.05,66316.35,66014.85,66230.15,0
2026-02-19 16:45:00,66232.05,66372.35,66069.05,66234.25,0
2026-02-19 16:50:00,66236.35,66610.95,66217.95,66436.05,0
2026-02-19 16:55:00,66434.35,66648.65,66321.45,66394.15,0
2026-02-19 17:00:00,66396.35,66727.35,66356.25,66578.85,0
2026-02-19 17:05:00,66580.25,66631.95,66355.05,66358.55,0
2026-02-19 17:10:00,66365.15,66417.85,66007.55,66058.15,0
2026-02-19 17:15:00,66059.05,66378.35,66052.15,66163.75,0
2026-02-19 17:20:00,66152.75,66194.35,65947.35,66186.45,0
2026-02-19 17:25:00,66177.15,66177.15,65984.05,66023.35,0
2026-02-19 17:30:00,66017.25,66273.45,65943.95,66265.05,0
2026-02-19 17:35:00,66267.55,66529.75,66252.85,66402.25,0
2026-02-19 17:40:00,66402.05,66508.95,66361.05,66453.15,0
2026-02-19 17:45:00,66451.65,66574.95,66261.55,66289.85,0
2026-02-19 17:50:00,66284.95,66305.35,66121.85,66267.55,0
2026-02-19 17:55:00,66266.95,66407.85,66254.85,66377.95,0
2026-02-19 18:00:00,66371.9,66371.9,66099.85,66099.85,0
2026-02-19 18:05:00,66095.05,66145.75,65874.1,66122.45,0
2026-02-19 18:10:00,66119.75,66171.25,65999.35,66131.55,0
2026-02-19 18:15:00,66133.35,66393.85,66106.75,66299.35,0
2026-02-19 18:20:00,66299.35,66333.85,66191.65,66219.15,0
2026-02-19 18:25:00,66220.95,66239.95,66078.05,66162.35,0
2026-02-19 18:30:00,66162.45,66487.25,66162.45,66474.75,0
2026-02-19 18:35:00,66469.45,66488.75,66296.95,66469.65,0
2026-02-19 18:40:00,66469.35,66496.65,66386.75,66387.45,0
2026-02-19 18:45:00,66382.55,66453.45,66262.15,66302.05,0
2026-02-19 18:50:00,66300.25,66412.15,66160.55,66396.25,0
2026-02-19 18:55:00,66391.65,66426.45,66248.15,66272.65,0
2026-02-19 19:00:00,66275.7,66386.75,66238.25,66365.65,0
2026-02-19 19:05:00,66362.55,66449.35,66302.75,66302.75,0
2026-02-19 19:10:00,66310.45,66663.75,66310.45,66634.05,0
2026-02-19 19:15:00,66635.55,67032.75,66543.95,66947.45,0
2026-02-19 19:20:00,66947.05,66951.85,66817.25,66822.05,0
2026-02-19 19:25:00,66818.45,66822.05,66569.65,66597.75,0
2026-02-19 19:30:00,66600.75,66646.85,66484.05,66502.45,0
2026-02-19 19:35:00,66495.15,66588.55,66459.05,66486.25,0
2026-02-19 19:40:00,66495.6,66700.85,66495.6,66586.25,0
2026-02-19 19:45:00,66592.9,66649.55,66382.95,66430.65,0
2026-02-19 19:50:00,66426.45,66513.35,66148.95,66192.95,0
2026-02-19 19:55:00,66193.95,66349.85,66189.15,66341.85,0
2026-02-19 20:00:00,66339.2,66359.45,66230.25,66252.55,0
2026-02-19 20:05:00,66252.55,66453.95,66216.55,66375.95,0
2026-02-19 20:10:00,66374.75,66633.05,66313.35,66613.75,0
2026-02-19 20:15:00,66612.45,66615.45,66498.35,66539.45,0
2026-02-19 20:20:00,66538.1,66820.85,66446.85,66797.75,0
2026-02-19 20:25:00,66804.75,66897.45,66804.75,66880.95,0
2026-02-19 20:30:00,66876.5,66924.45,66686.9,66703.15,0
2026-02-19 20:35:00,66706.55,66874.95,66706.55,66794.75,0
2026-02-19 20:40:00,66797.95,67001.05,66789.85,66985.55,0
2026-02-19 20:45:00,66982.55,67058.05,66917.05,67008.75,0
2026-02-19 20:50:00,67003.85,67034.95,66938.05,67016.25,0
2026-02-19 20:55:00,67016.25,67024.65,66866.45,67014.05,0
2026-02-19 21:00:00,67014.05,67041.75,66840.05,67024.85,0
2026-02-19 21:05:00,67023.0,67175.95,66974.25,67065.55,0
2026-02-19 21:10:00,67068.25,67073.75,66880.75,66881.35,0
2026-02-19 21:15:00,66885.85,66972.95,66820.05,66947.05,0
2026-02-19 21:20:00,66940.05,67054.55,66920.05,67027.45,0
2026-02-19 21:25:00,67027.45,67048.95,66881.65,66913.35,0
2026-02-19 21:30:00,66914.75,66934.75,66811.75,66867.35,0
2026-02-19 21:35:00,66870.65,66886.85,66702.85,66714.65,0
2026-02-19 21:40:00,66717.55,66859.75,66672.45,66852.25,0
2026-02-19 21:45:00,66852.25,66892.05,66759.95,66804.75,0
2026-02-19 21:50:00,66806.5,67115.25,66806.5,67006.85,0
2026-02-19 21:55:00,67013.45,67074.95,66988.65,67031.65,0
2026-02-19 22:00:00,67030.55,67104.45,66968.85,67049.35,0
2026-02-19 22:05:00,67045.85,67047.55,66949.65,66976.45,0
2026-02-19 22:10:00,66983.85,67000.75,66920.25,66960.15,0
2026-02-19 22:15:00,66965.65,66974.15,66803.85,66899.45,0
2026-02-19 22:20:00,66895.5,66950.95,66857.95,66883.65,0
2026-02-19 22:25:00,66885.25,66951.75,66869.45,66911.45,0
2026-02-19 22:30:00,66908.85,66998.55,66882.7,66982.85,0
2026-02-19 22:35:00,66984.65,67014.55,66877.55,66877.55,0
2026-02-19 22:40:00,66879.65,66971.35,66879.65,66923.05,0
2026-02-19 22:45:00,66927.45,67149.15,66927.45,67061.65,0
2026-02-19 22:50:00,67060.05,67141.25,67047.95,67108.85,0
2026-02-19 22:55:00,67112.65,67142.65,67036.05,67142.65,0
2026-02-19 23:00:00,67129.65,67150.25,67013.55,67103.65,0
2026-02-19 23:05:00,67109.95,67132.05,67053.35,67087.65,0
2026-02-19 23:10:00,67087.65,67090.75,67001.25,67001.25,0
2026-02-19 23:15:00,67001.25,67022.85,66969.45,67016.45,0
2026-02-19 23:20:00,67013.15,67047.75,66967.45,66967.45,0
2026-02-19 23:25:00,66967.45,67023.15,66967.45,67020.05,0
2026-02-19 23:30:00,67016.6,67016.6,66949.85,66982.25,0
2026-02-19 23:35:00,66984.25,67056.75,66969.95,66975.75,0
2026-02-19 23:40:00,66975.75,66992.35,66931.75,66937.65,0
2026-02-19 23:45:00,66940.95,66970.95,66939.25,66967.75,0
2026-02-19 23:50:00,66964.25,66964.25,66896.65,66897.95,0
2026-02-19 23:55:00,66897.95,66921.15,66880.85,66905.55,0
2026-02-20 00:00:00,66905.55,66914.65,66749.15,66749.15,0
2026-02-20 00:05:00,66750.65,66848.15,66750.65,66812.25,0
2026-02-20 00:10:00,66813.25,66883.85,66771.55,66875.55,0
2026-02-20 00:15:00,66869.85,66869.85,66767.05,66822.25,0
2026-02-20 00:20:00,66823.05,66831.85,66752.05,66779.45,0
2026-02-20 00:25:00,66780.85,66805.25,66747.15,66747.15,0
2026-02-20 00:30:00,66747.15,66759.35,66643.65,66675.45,0
2026-02-20 00:35:00,66675.45,66683.55,66630.05,66683.55,0
2026-02-20 00:40:00,66684.95,66832.35,66648.65,66827.25,0
2026-02-20 00:45:00,66823.45,66841.15,66736.75,66795.75,0
2026-02-20 00:50:00,66795.75,66908.45,66795.75,66898.15,0
2026-02-20 00:55:00,66894.35,66982.25,66886.85,66890.45,0
2026-02-20 01:00:00,66891.2,66961.75,66855.15,66856.85,0
2026-02-20 01:05:00,66863.75,66895.45,66793.75,66843.15,0
2026-02-20 01:10:00,66846.15,66878.35,66808.35,66823.75,0
2026-02-20 01:15:00,66825.25,66900.35,66825.25,66900.35,0
2026-02-20 01:20:00,66900.35,66999.45,66900.35,66972.85,0
2026-02-20 01:25:00,66967.75,66988.35,66941.05,66983.75,0
2026-02-20 01:30:00,66979.3,66979.3,66909.35,66941.65,0
2026-02-20 01:35:00,66942.7,66969.95,66892.75,66964.35,0
2026-02-20 01:40:00,66961.75,66961.75,66920.15,66946.25,0
2026-02-20 01:45:00,66946.25,67002.35,66901.95,66937.95,0
2026-02-20 01:50:00,66937.95,66969.75,66888.55,66969.75,0
2026-02-20 01:55:00,66961.65,66981.95,66935.95,66981.95,0
2026-02-20 02:00:00,66980.65,67007.75,66924.35,66941.65,0
2026-02-20 02:05:00,66941.55,66994.35,66941.55,66966.35,0
2026-02-20 02:10:00,66958.85,67177.05,66940.75,67168.05,0
2026-02-20 02:15:00,67171.15,67262.95,67133.25,67143.55,0
2026-02-20 02:20:00,67145.85,67250.75,67122.25,67220.75,0
2026-02-20 02:25:00,67218.05,67460.35,67182.65,67366.65,0
2026-02-20 02:30:00,67364.75,67364.75,67235.05,67251.85,0
2026-02-20 02:35:00,67254.95,67343.85,67242.55,67311.65,0
2026-02-20 02:40:00,67312.1,67340.55,67232.65,67257.15,0
2026-02-20 02:45:00,67257.15,67273.35,67218.55,67232.85,0
2026-02-20 02:50:00,67235.35,67251.55,67182.65,67207.05,0
2026-02-20 02:55:00,67207.05,67249.55,67191.35,67200.15,0
2026-02-20 03:00:00,67205.65,67250.65,67194.75,67234.65,0
2026-02-20 03:05:00,67234.65,67332.45,67233.85,67296.65,0
2026-02-20 03:10:00,67298.15,67329.65,67275.55,67312.75,0
2026-02-20 03:15:00,67310.25,67310.25,67185.05,67196.75,0
2026-02-20 03:20:00,67199.25,67267.55,67139.65,67139.65,0
2026-02-20 03:25:00,67144.05,67188.95,67126.15,67188.95,0
2026-02-20 03:30:00,67185.95,67233.95,67166.65,67229.45,0
2026-02-20 03:35:00,67233.35,67324.95,67220.75,67281.55,0
2026-02-20 03:40:00,67285.35,67324.85,67285.35,67305.65,0
2026-02-20 03:45:00,67305.65,67305.65,67197.75,67219.75,0
2026-02-20 03:50:00,67219.75,67246.85,67143.25,67201.95,0
2026-02-20 03:55:00,67207.15,67280.35,67207.15,67251.45,0
2026-02-20 04:00:00,67255.35,67318.15,67231.05,67316.55,0
2026-02-20 04:05:00,67316.55,67318.05,67279.85,67288.95,0
2026-02-20 04:10:00,67290.55,67304.95,67219.95,67258.05,0
2026-02-20 04:15:00,67258.05,67275.05,67226.85,67267.85,0
2026-02-20 04:20:00,67266.55,67266.55,67158.75,67207.55,0
2026-02-20 04:25:00,67206.05,67206.05,67153.15,67174.95,0
2026-02-20 04:30:00,67174.95,67213.35,67174.95,67207.25,0
2026-02-20 04:35:00,67208.85,67268.35,67208.85,67265.45,0
2026-02-20 04:40:00,67263.15,67291.25,67227.95,67271.95,0
2026-02-20 04:45:00,67271.95,67290.05,67245.95,67275.25,0
2026-02-20 04:50:00,67277.55,67304.05,67216.95,67237.35,0
2026-02-20 04:55:00,67238.55,67274.15,67212.95,67214.85,0
2026-02-20 05:00:00,67216.75,67273.45,67216.75,67270.55,0
2026-02-20 05:05:00,67271.35,67292.95,67227.65,67259.35,0
2026-02-20 05:10:00,67259.35,67272.45,67246.95,67251.95,0
2026-02-20 05:15:00,67252.2,67255.55,67215.15,67240.65,0
2026-02-20 05:20:00,67245.2,67384.25,67245.2,67363.35,0
2026-02-20 05:25:00,67363.85,67462.45,67363.85,67390.55,0
2026-02-20 05:30:00,67385.45,67401.25,67329.15,67353.35,0
2026-02-20 05:35:00,67357.15,67467.05,67357.15,67452.15,0
2026-02-20 05:40:00,67450.15,67450.35,67282.65,67302.05,0
2026-02-20 05:45:00,67302.4,67329.65,67280.85,67290.95,0
2026-02-20 05:50:00,67293.95,67349.65,67293.95,67349.65,0
2026-02-20 05:55:00,67349.65,67370.05,67326.85,67336.25,0
2026-02-20 06:00:00,67338.25,67366.85,67226.75,67291.55,0
2026-02-20 06:05:00,67293.45,67365.25,67254.15,67302.95,0
2026-02-20 06:10:00,67295.95,67304.35,67270.95,67304.35,0
2026-02-20 06:15:00,67306.45,67329.65,67142.75,67154.65,0
2026-02-20 06:20:00,67151.05,67206.65,67090.55,67196.55,0
2026-02-20 06:25:00,67196.55,67232.75,67179.45,67200.85,0
2026-02-20 06:30:00,67200.75,67279.65,67144.15,67258.35,0
2026-02-20 06:35:00,67258.65,67275.25,67216.55,67275.25,0
2026-02-20 06:40:00,67277.75,67308.55,67248.85,67279.15,0
2026-02-20 06:45:00,67272.25,67272.25,67207.85,67248.15,0
2026-02-20 06:50:00,67246.75,67250.75,67233.75,67233.75,0
2026-02-20 06:55:00,67237.25,67238.05,67193.35,67234.65,0
2026-02-20 07:00:00,67236.75,67242.95,67223.25,67241.75,0
2026-02-20 07:05:00,67241.75,67242.85,67175.05,67201.55,0
2026-02-20 07:10:00,67201.55,67233.45,67201.55,67225.35,0
2026-02-20 07:15:00,67221.75,67242.05,67216.05,67218.15,0
2026-02-20 07:20:00,67218.15,67322.15,67218.15,67318.45,0
2026-02-20 07:25:00,67317.25,67424.95,67317.25,67377.95,0
2026-02-20 07:30:00,67377.95,67866.95,67377.95,67866.95,0
2026-02-20 07:35:00,67867.75,67927.65,67740.45,67820.85,0
2026-02-20 07:40:00,67827.35,67919.65,67761.05,67888.85,0
2026-02-20 07:45:00,67891.05,67990.75,67846.75,67955.05,0
2026-02-20 07:50:00,67956.05,68000.65,67803.65,67809.55,0
2026-02-20 07:55:00,67809.55,67857.85,67700.05,67765.25,0
2026-02-20 08:00:00,67765.35,67807.25,67679.65,67741.75,0
2026-02-20 08:05:00,67747.45,67866.45,67747.45,67825.45,0
2026-02-20 08:10:00,67824.25,67872.95,67778.85,67835.05,0
2026-02-20 08:15:00,67835.05,67863.75,67797.05,67853.25,0
2026-02-20 08:20:00,67851.75,67851.75,67661.55,67686.15,0
2026-02-20 08:25:00,67686.15,67760.65,67680.55,67704.55,0
2026-02-20 08:30:00,67706.95,67817.85,67643.85,67814.95,0
2026-02-20 08:35:00,67814.95,67814.95,67745.25,67804.55,0
2026-02-20 08:40:00,67796.15,67830.85,67726.75,67737.35,0
2026-02-20 08:45:00,67739.65,67849.25,67701.05,67813.95,0
2026-02-20 08:50:00,67813.95,67874.95,67794.45,67866.85,0
2026-02-20 08:55:00,67866.85,67866.85,67810.55,67821.95,0
2026-02-20 09:00:00,67821.95,67841.15,67784.45,67805.25,0
2026-02-20 09:05:00,67803.85,67834.05,67782.85,67787.05,0
2026-02-20 09:10:00,67786.85,67801.25,67745.25,67797.15,0
2026-02-20 09:15:00,67798.05,67887.25,67798.05,67834.05,0
2026-02-20 09:20:00,67833.15,67943.85,67833.15,67937.45,0
2026-02-20 09:25:00,67937.45,67968.45,67899.65,67928.75,0
2026-02-20 09:30:00,67927.65,67937.35,67878.95,67910.05,0
2026-02-20 09:35:00,67909.55,67909.55,67832.25,67889.65,0
2026-02-20 09:40:00,67889.65,67900.45,67854.35,67855.15,0
2026-02-20 09:45:00,67855.15,67871.05,67806.95,67857.45,0
2026-02-20 09:50:00,67857.45,67923.25,67836.75,67867.65,0
2026-02-20 09:55:00,67867.65,67867.65,67746.7,67804.65,0
2026-02-20 10:00:00,67804.65,67849.65,67804.65,67840.15,0
2026-02-20 10:05:00,67840.15,67850.65,67777.45,67818.55,0
2026-02-20 10:10:00,67818.95,67875.25,67818.95,67848.15,0
2026-02-20 10:15:00,67848.15,67931.65,67837.65,67885.05,0
2026-02-20 10:20:00,67885.05,67909.25,67815.85,67879.95,0
2026-02-20 10:25:00,67882.85,67901.15,67825.65,67839.85,0
2026-02-20 10:30:00,67843.85,67872.65,67728.15,67728.15,0
2026-02-20 10:35:00,67730.65,67794.55,67730.65,67781.85,0
2026-02-20 10:40:00,67781.85,67781.85,67758.35,67770.25,0
2026-02-20 10:45:00,67764.25,67828.95,67752.65,67774.95,0
2026-02-20 10:50:00,67776.5,67878.05,67776.5,67867.35,0
2026-02-20 10:55:00,67867.35,67871.35,67836.45,67860.65,0
2026-02-20 11:00:00,67860.55,68192.45,67859.35,68152.05,0
2026-02-20 11:05:00,68155.95,68163.95,68072.25,68103.65,0
2026-02-20 11:10:00,68106.45,68184.55,68078.05,68110.35,0
2026-02-20 11:15:00,68110.35,68170.15,68080.05,68084.95,0
2026-02-20 11:20:00,68084.95,68171.45,68081.05,68126.85,0
2026-02-20 11:25:00,68130.15,68184.25,68111.35,68171.65,0
2026-02-20 11:30:00,68171.65,68203.65,68086.65,68116.25,0
2026-02-20 11:35:00,68117.05,68173.05,68095.55,68127.45,0
2026-02-20 11:40:00,68127.45,68146.25,68096.15,68112.15,0
2026-02-20 11:45:00,68112.15,68141.45,68102.75,68118.15,0
2026-02-20 11:50:00,68121.15,68165.65,68120.25,68154.35,0
2026-02-20 11:55:00,68154.35,68200.15,68154.35,68189.25,0
2026-02-20 12:00:00,68185.65,68205.35,68145.25,68163.65,0
2026-02-20 12:05:00,68163.65,68292.95,68136.4,68190.05,0
2026-02-20 12:10:00,68192.95,68229.15,68063.65,68152.95,0
2026-02-20 12:15:00,68154.75,68224.95,68154.75,68209.95,0
2026-02-20 12:20:00,68206.25,68217.75,68099.15,68109.05,0
2026-02-20 12:25:00,68109.05,68268.05,68109.05,68229.65,0
2026-02-20 12:30:00,68229.65,68265.95,68201.25,68201.65,0
2026-02-20 12:35:00,68201.25,68213.95,68173.35,68192.75,0
2026-02-20 12:40:00,68192.75,68192.75,68120.45,68137.05,0
2026-02-20 12:45:00,68137.05,68163.25,67995.1,68030.95,0
2026-02-20 12:50:00,68030.95,68064.15,67949.85,67958.65,0
2026-02-20 12:55:00,67962.75,68012.05,67838.45,67920.45,0
2026-02-20 13:00:00,67916.55,67936.85,67868.35,67894.85,0
2026-02-20 13:05:00,67896.9,67951.85,67892.65,67935.25,0
2026-02-20 13:10:00,67935.25,67957.95,67769.15,67848.25,0
2026-02-20 13:15:00,67848.25,67848.25,67765.85,67814.45,0
2026-02-20 13:20:00,67813.95,67829.05,67774.45,67786.45,0
2026-02-20 13:25:00,67788.65,67861.95,67775.55,67853.15,0
2026-02-20 13:30:00,67856.95,67871.8,67780.85,67796.45,0
2026-02-20 13:35:00,67796.45,67800.35,67650.05,67687.55,0
2026-02-20 13:40:00,67687.55,67706.35,67415.75,67445.45,0
2026-02-20 13:45:00,67434.05,67514.65,67387.45,67459.05,0
2026-02-20 13:50:00,67459.55,67594.25,67459.55,67484.85,0
2026-02-20 13:55:00,67484.85,67484.85,67260.55,67304.95,0
2026-02-20 14:00:00,67308.25,67417.55,67254.95,67373.75,0
2026-02-20 14:05:00,67373.25,67417.15,67351.95,67409.15,0
2026-02-20 14:10:00,67409.15,67482.15,67404.45,67459.55,0
2026-02-20 14:15:00,67459.55,67509.85,67301.95,67314.35,0
2026-02-20 14:20:00,67310.15,67422.85,67301.55,67410.95,0
2026-02-20 14:25:00,67410.95,67434.75,67255.95,67301.45,0
2026-02-20 14:30:00,67306.25,67375.05,67288.05,67371.15,0
2026-02-20 14:35:00,67371.15,67449.95,67354.05,67383.45,0
2026-02-20 14:40:00,67384.85,67475.95,67380.35,67455.45,0
2026-02-20 14:45:00,67455.45,67490.45,67442.15,67482.05,0
2026-02-20 14:50:00,67476.45,67574.95,67449.85,67459.65,0
2026-02-20 14:55:00,67462.75,67523.85,67462.75,67523.05,0
2026-02-20 15:00:00,67523.05,67523.05,67062.95,67209.15,0
2026-02-20 15:05:00,67211.15,67238.45,67104.65,67224.35,0
2026-02-20 15:10:00,67228.25,67252.75,67090.25,67118.15,0
2026-02-20 15:15:00,67114.25,67223.55,67098.45,67204.75,0
2026-02-20 15:20:00,67204.45,67204.45,66964.05,66981.05,0
2026-02-20 15:25:00,66978.55,67193.15,66955.85,67183.25,0
2026-02-20 15:30:00,67185.15,67186.95,66818.55,66864.45,0
2026-02-20 15:35:00,66868.0,66904.45,66496.85,66525.15,0
2026-02-20 15:40:00,66530.0,66610.65,66433.05,66607.95,0
2026-02-20 15:45:00,66608.95,66771.35,66595.25,66764.65,0
2026-02-20 15:50:00,66767.75,66922.65,66706.75,66922.65,0
2026-02-20 15:55:00,66922.85,66926.95,66711.55,66787.95,0
2026-02-20 16:00:00,66778.5,66895.75,66747.15,66854.35,0
2026-02-20 16:05:00,66858.25,66986.9,66849.65,66967.75,0
2026-02-20 16:10:00,66965.45,66974.15,66853.15,66902.65,0
2026-02-20 16:15:00,66905.0,66953.45,66756.75,66766.35,0
2026-02-20 16:20:00,66769.45,66965.45,66641.05,66921.65,0
2026-02-20 16:25:00,66924.65,67061.85,66924.65,66976.25,0
2026-02-20 16:30:00,66971.15,67190.65,66829.75,67030.05,0
2026-02-20 16:35:00,67034.95,67306.05,67001.55,67089.55,0
2026-02-20 16:40:00,67093.75,67234.75,66981.35,67043.85,0
2026-02-20 16:45:00,67050.75,67059.55,66852.45,66951.85,0
2026-02-20 16:50:00,66954.85,67137.65,66902.35,67043.45,0
2026-02-20 16:55:00,67047.55,67091.15,67001.45,67054.45,0
2026-02-20 17:00:00,67056.4,68074.95,67040.75,67410.75,0
2026-02-20 17:05:00,67414.25,67465.65,67075.05,67354.95,0
2026-02-20 17:10:00,67354.05,67431.25,66846.45,66871.95,0
2026-02-20 17:15:00,66880.15,67153.15,66527.15,67069.15,0
2026-02-20 17:20:00,67076.95,67447.75,67062.35,67275.25,0
2026-02-20 17:25:00,67281.95,67548.25,67242.75,67433.25,0
2026-02-20 17:30:00,67439.35,67455.65,66966.45,67004.55,0
2026-02-20 17:35:00,66997.85,67183.05,66901.95,67109.25,0
2026-02-20 17:40:00,67109.85,67216.25,66915.35,67206.55,0
2026-02-20 17:45:00,67202.05,67337.95,67124.15,67247.45,0
2026-02-20 17:50:00,67250.05,67381.15,67147.55,67362.75,0
2026-02-20 17:55:00,67363.25,67649.95,67363.25,67556.45,0
2026-02-20 18:00:00,67559.25,67762.55,67477.35,67714.35,0
2026-02-20 18:05:00,67712.85,67774.25,67637.35,67709.95,0
2026-02-20 18:10:00,67708.95,67764.25,67590.65,67704.95,0
2026-02-20 18:15:00,67707.0,67769.75,67549.55,67600.35,0
2026-02-20 18:20:00,67603.55,67894.95,67537.75,67806.95,0
2026-02-20 18:25:00,67804.95,67804.95,67282.65,67293.65,0
2026-02-20 18:30:00,67288.35,67422.45,67263.85,67373.85,0
2026-02-20 18:35:00,67376.75,67501.85,67349.75,67487.05,0
2026-02-20 18:40:00,67487.35,67494.35,67343.75,67472.45,0
2026-02-20 18:45:00,67469.75,67683.55,67459.65,67629.15,0
2026-02-20 18:50:00,67627.55,67707.75,67565.75,67674.95,0
2026-02-20 18:55:00,67673.55,67897.75,67647.25,67773.15,0
2026-02-20 19:00:00,67770.35,67770.35,67644.15,67669.75,0
2026-02-20 19:05:00,67670.05,67713.85,67246.85,67288.55,0
2026-02-20 19:10:00,67293.95,67300.25,67032.05,67045.25,0
2026-02-20 19:15:00,67037.15,67228.65,67037.15,67101.55,0
2026-02-20 19:20:00,67100.15,67144.05,66996.05,67063.35,0
2026-02-20 19:25:00,67081.15,67153.95,66990.55,67004.85,0
2026-02-20 19:30:00,67006.75,67174.45,66966.25,67009.45,0
2026-02-20 19:35:00,67013.15,67282.55,66923.25,67279.55,0
2026-02-20 19:40:00,67278.25,67291.95,67174.85,67211.85,0
2026-02-20 19:45:00,67210.35,67500.45,67075.3,67492.95,0
2026-02-20 19:50:00,67492.8,67666.75,67410.65,67561.85,0
2026-02-20 19:55:00,67565.45,67625.25,67441.4,67585.75,0
2026-02-20 20:00:00,67580.15,67688.15,67457.05,67624.65,0
2026-02-20 20:05:00,67631.75,67756.2,67560.85,67572.25,0
2026-02-20 20:10:00,67575.45,67578.25,67504.95,67548.95,0
2026-02-20 20:15:00,67546.65,67588.05,67475.05,67526.65,0
2026-02-20 20:20:00,67525.25,67653.45,67431.95,67558.75,0
2026-02-20 20:25:00,67558.75,67666.95,67441.95,67639.15,0
2026-02-20 20:30:00,67637.45,67979.65,67514.85,67854.45,0
2026-02-20 20:35:00,67853.65,67853.65,67500.45,67681.05,0
2026-02-20 20:40:00,67689.55,67874.95,67665.15,67770.75,0
2026-02-20 20:45:00,67772.45,67912.65,67735.65,67759.05,0
2026-02-20 20:50:00,67764.85,67874.75,67651.95,67805.65,0
2026-02-20 20:55:00,67802.65,67957.65,67788.05,67903.55,0
2026-02-20 21:00:00,67903.95,67989.45,67681.55,67683.55,0
2026-02-20 21:05:00,67681.55,67812.15,67668.15,67778.35,0
2026-02-20 21:10:00,67781.85,67797.15,67651.35,67684.25,0
2026-02-20 21:15:00,67685.35,67739.15,67655.85,67695.35,0
2026-02-20 21:20:00,67698.15,67774.95,67651.35,67708.15,0
2026-02-20 21:25:00,67711.85,67714.95,67529.95,67593.65,0
2026-02-20 21:30:00,67595.35,67778.35,67591.75,67755.65,0
2026-02-20 21:35:00,67760.95,67816.05,67733.55,67733.55,0
2026-02-20 21:40:00,67733.05,67750.05,67516.55,67583.85,0
2026-02-20 21:45:00,67588.25,67618.25,67539.65,67557.85,0
2026-02-20 21:50:00,67553.35,67683.55,67544.05,67629.55,0
2026-02-20 21:55:00,67628.8,67667.85,67571.45,67620.25,0
2026-02-20 22:00:00,67619.05,67715.15,67609.65,67666.95,0
2026-02-20 22:05:00,67668.85,67805.55,67668.85,67740.15,0
2026-02-20 22:10:00,67740.15,67805.35,67660.55,67786.15,0
2026-02-20 22:15:00,67783.25,67783.25,67671.75,67715.95,0
2026-02-20 22:20:00,67713.85,67725.45,67558.35,67636.25,0
2026-02-20 22:25:00,67637.65,67652.05,67535.95,67551.45,0
2026-02-20 22:30:00,67553.05,67608.65,67493.15,67540.75,0
2026-02-20 22:35:00,67541.35,67659.15,67541.35,67652.75,0
2026-02-20 22:40:00,67655.85,67704.95,67650.75,67702.85,0
2026-02-20 22:45:00,67702.85,67734.95,67655.25,67663.15,0
2026-02-20 22:50:00,67666.95,67694.25,67601.05,67648.85,0
2026-02-20 22:55:00,67654.45,67735.35,67654.45,67723.45,0
2026-02-20 23:00:00,67720.15,67777.65,67632.25,67637.55,0
2026-02-20 23:05:00,67638.15,67774.95,67605.05,67745.25,0
2026-02-20 23:10:00,67745.65,67760.65,67660.05,67694.35,0
2026-02-20 23:15:00,67690.85,67709.35,67634.85,67709.35,0
2026-02-20 23:20:00,67705.95,67705.95,67667.25,67691.15,0
2026-02-20 23:25:00,67691.15,67730.65,67691.15,67717.15,0
2026-02-20 23:30:00,67716.05,67742.55,67673.05,67705.05,0
2026-02-20 23:35:00,67709.75,67798.85,67709.75,67771.95,0
2026-02-20 23:40:00,67771.95,67814.85,67734.45,67734.45,0
2026-02-20 23:45:00,67734.45,67775.35,67693.85,67775.35,0
2026-02-20 23:50:00,67772.35,67787.15,67751.85,67768.05,0
2026-02-20 23:55:00,67772.25,67803.15,67767.35,67794.95,0
2026-02-21 00:00:00,67785.85,67802.15,67702.95,67757.95,0
2026-02-21 00:05:00,67757.95,67774.25,67688.75,67716.45,0
2026-02-21 00:10:00,67712.95,67712.95,67610.05,67631.35,0
2026-02-21 00:15:00,67629.35,67756.45,67629.35,67745.75,0
2026-02-21 00:20:00,67745.05,67968.8,67704.75,67943.55,0
2026-02-21 00:25:00,67940.85,67972.55,67794.55,67911.75,0
2026-02-21 00:30:00,67911.75,68082.45,67865.15,67955.05,0
2026-02-21 00:35:00,67955.05,68016.95,67890.95,67987.05,0
2026-02-21 00:40:00,67978.45,68022.45,67920.05,67933.15,0
2026-02-21 00:45:00,67933.15,68004.35,67895.35,67984.75,0
2026-02-21 00:50:00,67983.55,68063.15,67968.05,68021.75,0
2026-02-21 00:55:00,68023.85,68080.25,67975.05,68045.35,0
2026-02-21 01:00:00,68044.8,68147.55,68012.85,68092.35,0
2026-02-21 01:05:00,68092.35,68212.55,68004.45,68050.15,0
2026-02-21 01:10:00,68050.15,68125.35,67992.45,68000.05,0
2026-02-21 01:15:00,68000.05,68011.25,67931.65,67962.85,0
2026-02-21 01:20:00,67962.85,68018.65,67947.55,67947.55,0
2026-02-21 01:25:00,67947.15,68038.35,67947.15,67972.15,0
2026-02-21 01:30:00,67972.15,67999.15,67924.35,67947.05,0
2026-02-21 01:35:00,67945.45,68016.05,67890.45,67890.45,0
2026-02-21 01:40:00,67890.25,67947.35,67888.65,67945.15,0
2026-02-21 01:45:00,67949.75,67994.15,67938.45,67938.45,0
2026-02-21 01:50:00,67942.95,67991.0,67941.05,67991.0,0
2026-02-21 01:55:00,67995.25,68014.05,67989.85,67989.85,0
2026-02-21 02:00:00,67992.55,68024.55,67942.95,67981.65,0
2026-02-21 02:05:00,67980.35,67980.35,67918.45,67951.65,0
2026-02-21 02:10:00,67954.45,68022.35,67948.85,67984.65,0
2026-02-21 02:15:00,67985.75,67985.75,67919.65,67924.75,0
2026-02-21 02:20:00,67924.75,67960.35,67914.25,67931.65,0
2026-02-21 02:25:00,67928.35,67928.35,67858.25,67903.75,0
2026-02-21 02:30:00,67902.45,67923.65,67863.85,67870.65,0
2026-02-21 02:35:00,67870.65,67893.05,67838.15,67880.25,0
2026-02-21 02:40:00,67875.45,67889.85,67815.15,67818.35,0
2026-02-21 02:45:00,67818.35,67834.75,67764.0,67834.75,0
2026-02-21 02:50:00,67832.35,67850.95,67795.15,67846.15,0
2026-02-21 02:55:00,67842.55,67842.55,67795.45,67807.75,0
2026-02-21 03:00:00,67814.55,67885.95,67809.55,67856.55,0
2026-02-21 03:05:00,67856.55,67885.05,67832.75,67885.05,0
2026-02-21 03:10:00,67882.65,67904.05,67854.25,67904.05,0
2026-02-21 03:15:00,67903.05,67903.05,67833.65,67848.05,0
2026-02-21 03:20:00,67848.05,67856.15,67838.85,67838.85,0
2026-02-21 03:25:00,67839.25,67856.65,67830.55,67830.55,0
2026-02-21 03:30:00,67831.85,67876.75,67831.85,67855.85,0
2026-02-21 03:35:00,67855.85,67965.55,67855.85,67965.55,0
2026-02-21 03:40:00,67964.05,67978.85,67925.15,67946.65,0
2026-02-21 03:45:00,67946.65,67979.15,67945.05,67972.35,0
2026-02-21 03:50:00,67972.35,67972.35,67927.35,67940.55,0
2026-02-21 03:55:00,67940.55,67955.65,67915.55,67925.35,0
2026-02-21 04:00:00,67926.85,67935.95,67883.55,67906.85,0
2026-02-21 04:05:00,67905.65,67972.95,67895.45,67972.95,0
2026-02-21 04:10:00,67972.95,67999.45,67953.65,67964.85,0
2026-02-21 04:15:00,67967.45,67988.05,67950.05,67968.75,0
2026-02-21 04:20:00,67968.75,68036.55,67968.75,68010.35,0
2026-02-21 04:25:00,68010.35,68040.85,68010.35,68036.85,0
2026-02-21 04:30:00,68036.85,68071.15,68030.45,68037.05,0
2026-02-21 04:35:00,68037.05,68050.85,68016.75,68050.85,0
2026-02-21 04:40:00,68054.75,68058.35,67990.55,68058.35,0
2026-02-21 04:45:00,68055.25,68055.25,67964.85,67979.85,0
2026-02-21 04:50:00,67979.65,67991.55,67968.75,67986.15,0
2026-02-21 04:55:00,67986.15,68018.95,67975.85,67975.85,0
2026-02-21 05:00:00,67977.95,67979.55,67698.05,67770.45,0
2026-02-21 05:05:00,67772.35,67777.65,67648.45,67680.15,0
2026-02-21 05:10:00,67684.25,67772.85,67684.25,67737.95,0
2026-02-21 05:15:00,67735.65,67788.95,67713.35,67723.25,0
2026-02-21 05:20:00,67723.95,67791.05,67723.95,67791.05,0
2026-02-21 05:25:00,67791.05,67796.05,67770.05,67777.35,0
2026-02-21 05:30:00,67780.3,67810.85,67774.45,67789.45,0
2026-02-21 05:35:00,67771.95,67777.15,67743.95,67743.95,0
2026-02-21 05:40:00,67741.05,67741.05,67511.05,67595.55,0
2026-02-21 05:45:00,67600.85,67614.45,67562.05,67614.45,0
2026-02-21 05:50:00,67611.45,67625.35,67598.85,67625.35,0
2026-02-21 05:55:00,67625.05,67648.55,67556.35,67641.55,0
2026-02-21 06:00:00,67641.55,67641.55,67578.75,67609.25,0
2026-02-21 06:05:00,67609.25,67678.25,67609.25,67663.15,0
2026-02-21 06:10:00,67664.25,67671.65,67628.25,67628.25,0
2026-02-21 06:15:00,67628.95,67654.65,67572.65,67596.75,0
2026-02-21 06:20:00,67596.75,67651.35,67565.05,67651.35,0
2026-02-21 06:25:00,67651.35,67703.95,67651.35,67696.25,0
2026-02-21 06:30:00,67696.25,67716.05,67675.65,67682.45,0
2026-02-21 06:35:00,67683.65,67738.05,67669.15,67669.15,0
2026-02-21 06:40:00,67670.25,67732.15,67665.95,67667.35,0
2026-02-21 06:45:00,67674.15,67708.15,67674.15,67694.75,0
2026-02-21 06:50:00,67694.75,67770.75,67680.15,67726.45,0
2026-02-21 06:55:00,67726.45,67823.55,67726.45,67792.95,0
2026-02-21 07:00:00,67792.95,67857.95,67792.95,67825.45,0
2026-02-21 07:05:00,67825.45,67830.25,67806.95,67818.45,0
2026-02-21 07:10:00,67818.45,67822.45,67803.45,67822.45,0
2026-02-21 07:15:00,67822.45,67854.55,67820.25,67830.15,0
2026-02-21 07:20:00,67830.5,67842.95,67802.05,67834.05,0
2026-02-21 07:25:00,67834.05,67836.25,67793.45,67836.25,0
2026-02-21 07:30:00,67841.95,67866.75,67818.35,67852.55,0
2026-02-21 07:35:00,67848.55,67848.55,67776.05,67802.95,0
2026-02-21 07:40:00,67804.85,67848.05,67804.85,67831.55,0
2026-02-21 07:45:00,67831.55,67840.35,67800.75,67800.75,0
2026-02-21 07:50:00,67800.75,67849.75,67796.95,67846.65,0
2026-02-21 07:55:00,67845.05,67845.05,67818.45,67837.85,0
2026-02-21 08:00:00,67837.85,67879.95,67820.55,67855.55,0
2026-02-21 08:05:00,67855.55,67875.85,67838.55,67846.95,0
2026-02-21 08:10:00,67846.95,67906.3,67842.95,67897.05,0
2026-02-21 08:15:00,67897.05,67897.05,67875.95,67889.95,0
2026-02-21 08:20:00,67889.95,67889.95,67865.35,67865.35,0
2026-02-21 08:25:00,67865.35,67872.45,67850.35,67850.35,0
2026-02-21 08:30:00,67850.35,67850.35,67758.05,67797.25,0
2026-02-21 08:35:00,67797.25,67797.25,67738.05,67739.85,0
2026-02-21 08:40:00,67738.05,67787.75,67732.75,67762.75,0
2026-02-21 08:45:00,67757.75,67774.15,67736.25,67736.25,0
2026-02-21 08:50:00,67736.25,67766.05,67736.25,67758.25,0
2026-02-21 08:55:00,67758.25,67770.85,67758.25,67769.15,0
2026-02-21 09:00:00,67769.15,67769.15,67728.25,67740.05,0
2026-02-21 09:05:00,67742.35,67829.45,67742.35,67807.85,0
2026-02-21 09:10:00,67807.85,67815.35,67801.55,67805.35,0
2026-02-21 09:15:00,67805.35,67817.85,67805.35,67815.45,0
2026-02-21 09:20:00,67815.45,67827.75,67812.55,67825.85,0
2026-02-21 09:25:00,67825.85,67835.85,67825.85,67830.15,0
2026-02-21 09:30:00,67830.15,67859.55,67829.85,67841.35,0
2026-02-21 09:35:00,67841.35,67852.45,67795.75,67848.85,0
2026-02-21 09:40:00,67848.85,67848.85,67810.95,67814.15,0
2026-02-21 09:45:00,67814.15,67825.25,67814.15,67817.55,0
2026-02-21 09:50:00,67817.55,67843.45,67817.55,67823.15,0
2026-02-21 09:55:00,67823.15,67833.45,67816.25,67833.45,0
2026-02-21 10:00:00,67833.45,67842.75,67784.55,67834.45,0
2026-02-21 10:35:00,67962.45,67962.45,67911.95,67919.15,0
2026-02-21 10:40:00,67919.15,67984.95,67919.15,67970.55,0
2026-02-21 10:45:00,67970.85,67975.05,67935.25,67961.75,0
2026-02-21 10:50:00,67961.75,67994.15,67951.75,67994.15,0
2026-02-21 10:55:00,67994.15,68056.55,67943.45,68024.25,0
2026-02-21 11:00:00,68029.15,68049.65,67999.15,68008.85,0
2026-02-21 11:05:00,68008.75,68008.75,67948.65,67948.65,0
2026-02-21 11:10:00,67948.65,67979.95,67948.65,67968.95,0
2026-02-21 11:15:00,67968.95,68124.95,67968.95,68089.95,0
2026-02-21 11:20:00,68086.65,68249.95,68085.15,68249.95,0
2026-02-21 11:25:00,68245.45,68250.95,68192.05,68205.65,0
2026-02-21 11:30:00,68205.65,68276.95,68165.55,68187.65,0
2026-02-21 11:35:00,68189.25,68222.15,68109.55,68201.35,0
2026-02-21 11:40:00,68201.35,68228.25,68161.65,68167.55,0
2026-02-21 11:45:00,68169.65,68196.65,68169.65,68179.05,0
2026-02-21 11:50:00,68179.05,68185.45,68119.65,68127.75,0
2026-02-21 11:55:00,68125.35,68144.75,68115.25,68122.55,0
2026-02-21 12:00:00,68122.55,68205.75,68122.55,68199.25,0
2026-02-21 12:05:00,68199.25,68221.85,68181.65,68182.35,0
2026-02-21 12:10:00,68182.35,68187.15,68151.35,68154.65,0
2026-02-21 12:15:00,68154.65,68162.65,68122.45,68128.55,0
2026-02-21 12:20:00,68128.55,68174.25,68116.65,68168.85,0
2026-02-21 12:25:00,68167.95,68184.45,68151.05,68165.15,0
2026-02-21 12:30:00,68164.75,68188.55,68157.65,68158.65,0
2026-02-21 12:35:00,68158.65,68209.55,68158.65,68188.45,0
2026-02-21 12:40:00,68184.0,68203.65,68161.55,68203.65,0
2026-02-21 12:45:00,68201.25,68201.25,68163.95,68179.75,0
2026-02-21 12:50:00,68182.45,68209.55,68141.35,68144.65,0
2026-02-21 12:55:00,68144.65,68187.75,68133.35,68187.65,0
2026-02-21 13:00:00,68187.65,68207.85,68174.95,68174.95,0
2026-02-21 13:05:00,68177.65,68246.85,68177.65,68237.35,0
2026-02-21 13:10:00,68239.35,68247.85,68207.85,68243.35,0
2026-02-21 13:15:00,68236.65,68236.65,68184.45,68220.75,0
2026-02-21 13:20:00,68220.75,68260.45,68165.85,68168.15,0
2026-02-21 13:25:00,68168.35,68182.25,68150.55,68150.55,0
2026-02-21 13:30:00,68154.15,68172.45,68091.45,68114.05,0
2026-02-21 13:35:00,68114.05,68133.65,68108.85,68119.55,0
2026-02-21 13:40:00,68122.55,68122.55,68068.95,68068.95,0
2026-02-21 13:45:00,68069.65,68101.45,68058.35,68058.35,0
2026-02-21 13:50:00,68058.35,68098.35,68058.35,68086.45,0
2026-02-21 13:55:00,68086.45,68100.35,68059.05,68069.15,0
2026-02-21 14:00:00,68069.15,68112.25,68069.15,68094.95,0
2026-02-21 14:05:00,68094.65,68094.65,67977.85,67984.95,0
2026-02-21 14:10:00,67984.95,67995.55,67945.25,67972.55,0
2026-02-21 14:15:00,67972.55,67972.55,67944.95,67960.85,0
2026-02-21 14:20:00,67960.85,67990.15,67960.85,67970.55,0
2026-02-21 14:25:00,67970.55,67979.95,67936.25,67946.85,0
2026-02-21 14:30:00,67946.85,67946.85,67893.25,67933.35,0
2026-02-21 14:35:00,67934.1,68002.15,67934.1,68000.25,0
2026-02-21 14:40:00,68000.25,68009.35,68000.25,68007.15,0
2026-02-21 14:45:00,68007.15,68104.05,68007.15,68102.15,0
2026-02-21 14:50:00,68102.15,68166.15,68087.05,68156.75,0
2026-02-21 14:55:00,68156.75,68194.95,68127.55,68184.15,0
2026-02-21 15:00:00,68183.45,68183.45,68136.15,68136.15,0
2026-02-21 15:05:00,68137.35,68164.15,68132.95,68164.15,0
2026-02-21 15:10:00,68163.15,68163.15,68106.45,68130.25,0
2026-02-21 15:15:00,68130.25,68130.25,68084.65,68116.25,0
2026-02-21 15:20:00,68116.25,68184.25,68116.25,68159.75,0
2026-02-21 15:25:00,68159.25,68228.05,68124.15,68215.05,0
2026-02-21 15:30:00,68213.65,68218.25,68167.95,68169.45,0
2026-02-21 15:35:00,68169.45,68182.65,68158.35,68181.75,0
2026-02-21 15:40:00,68178.75,68178.75,68146.75,68147.15,0
2026-02-21 15:45:00,68146.75,68191.15,68141.75,68191.15,0
2026-02-21 15:50:00,68191.15,68217.05,68178.85,68178.85,0
2026-02-21 15:55:00,68178.85,68240.95,68178.85,68232.75,0
2026-02-21 16:00:00,68231.95,68231.95,68190.05,68197.95,0
2026-02-21 16:05:00,68195.45,68244.95,68162.25,68226.25,0
2026-02-21 16:10:00,68222.35,68247.35,68185.65,68247.35,0
2026-02-21 16:15:00,68246.6,68246.6,68195.55,68219.25,0
2026-02-21 16:20:00,68218.65,68608.15,68214.45,68475.65,0
2026-02-21 16:25:00,68475.35,68542.35,68370.45,68418.55,0
2026-02-21 16:30:00,68419.15,68606.95,68397.05,68520.65,0
2026-02-21 16:35:00,68519.25,68538.75,68439.05,68512.45,0
2026-02-21 16:40:00,68513.05,68529.75,68477.05,68514.45,0
2026-02-21 16:45:00,68514.45,68536.65,68443.45,68459.15,0
2026-02-21 16:50:00,68459.15,68559.75,68432.85,68476.65,0
2026-02-21 16:55:00,68471.25,68471.25,68408.25,68420.95,0
2026-02-21 17:00:00,68425.45,68460.65,68400.65,68413.15,0
2026-02-21 17:05:00,68416.35,68454.15,68400.55,68454.15,0
2026-02-21 17:10:00,68449.95,68493.65,68429.35,68465.85,0
2026-02-21 17:15:00,68468.75,68549.45,68455.05,68519.55,0
2026-02-21 17:20:00,68518.75,68531.85,68492.55,68501.65,0
2026-02-21 17:25:00,68501.65,68505.45,68437.05,68437.05,0
2026-02-21 17:30:00,68433.15,68504.65,68399.95,68500.95,0
2026-02-21 17:35:00,68500.95,68524.95,68451.65,68491.65,0
2026-02-21 17:40:00,68494.85,68680.75,68494.85,68607.45,0
2026-02-21 17:45:00,68604.05,68676.55,68572.25,68635.85,0
2026-02-21 17:50:00,68634.55,68634.55,68586.65,68596.45,0
2026-02-21 17:55:00,68596.45,68637.65,68588.75,68590.35,0
2026-02-21 18:00:00,68593.75,68611.35,68345.25,68374.45,0
2026-02-21 18:05:00,68373.25,68393.55,68276.95,68393.55,0
2026-02-21 18:10:00,68390.85,68400.65,68327.65,68327.65,0
2026-02-21 18:15:00,68331.25,68333.05,68201.95,68235.35,0
2026-02-21 18:20:00,68229.95,68259.75,68107.05,68172.05,0
2026-02-21 18:25:00,68173.25,68250.85,68078.45,68246.65,0
2026-02-21 18:30:00,68246.65,68258.25,68112.95,68199.75,0
2026-02-21 18:35:00,68202.45,68326.05,68202.45,68326.05,0
2026-02-21 18:40:00,68326.05,68334.95,68300.65,68331.95,0
2026-02-21 18:45:00,68325.25,68329.15,68283.45,68296.65,0
2026-02-21 18:50:00,68298.65,68336.45,68298.65,68328.95,0
2026-02-21 18:55:00,68328.65,68328.65,68291.25,68302.85,0
2026-02-21 19:00:00,68302.85,68331.15,68283.35,68283.35,0
2026-02-21 19:05:00,68287.15,68310.15,68172.05,68250.45,0
2026-02-21 19:10:00,68250.45,68270.45,68241.05,68241.05,0
2026-02-21 19:15:00,68244.55,68290.25,68215.85,68215.85,0
2026-02-21 19:20:00,68218.65,68279.25,68218.65,68239.25,0
2026-02-21 19:25:00,68236.95,68302.95,68183.15,68261.35,0
2026-02-21 19:30:00,68267.35,68288.65,68244.35,68268.05,0
2026-02-21 19:35:00,68269.65,68332.55,68269.65,68330.05,0
2026-02-21 19:40:00,68330.05,68448.85,68330.05,68407.05,0
2026-02-21 19:45:00,68404.25,68443.45,68369.35,68418.35,0
2026-02-21 19:50:00,68417.45,68436.05,68386.45,68436.05,0
2026-02-21 19:55:00,68430.65,68430.65,68376.45,68418.65,0
2026-02-21 20:00:00,68416.65,68422.95,68385.45,68394.25,0
2026-02-21 20:05:00,68394.25,68418.35,68362.15,68362.15,0
2026-02-21 20:10:00,68363.25,68427.15,68363.25,68390.75,0
2026-02-21 20:15:00,68392.95,68512.45,68390.05,68474.75,0
2026-02-21 20:20:00,68478.95,68531.75,68405.45,68497.95,0
2026-02-21 20:25:00,68497.95,68508.55,68449.75,68465.35,0
2026-02-21 20:30:00,68467.65,68517.35,68462.75,68470.05,0
2026-02-21 20:35:00,68471.85,68536.45,68471.85,68514.75,0
2026-02-21 20:40:00,68514.75,68562.25,68513.65,68528.15,0
2026-02-21 20:45:00,68528.15,68602.65,68470.45,68586.55,0
2026-02-21 20:50:00,68585.35,68604.25,68566.15,68596.75,0
2026-02-21 20:55:00,68600.25,68622.25,68534.65,68553.05,0
2026-02-21 21:00:00,68554.85,68561.65,68503.15,68535.85,0
2026-02-21 21:05:00,68531.9,68624.75,68525.05,68620.35,0
2026-02-21 21:10:00,68620.35,68639.85,68557.65,68564.15,0
2026-02-21 21:15:00,68564.15,68582.15,68551.75,68582.15,0
2026-02-21 21:20:00,68587.15,68587.15,68520.25,68562.45,0
2026-02-21 21:25:00,68562.45,68600.55,68545.75,68557.25,0
2026-02-21 21:30:00,68555.75,68584.95,68546.75,68584.65,0
2026-02-21 21:35:00,68584.65,68629.25,68573.85,68598.35,0
2026-02-21 21:40:00,68598.35,68609.15,68565.45,68609.15,0
2026-02-21 21:45:00,68604.85,68604.85,68571.95,68579.75,0
2026-02-21 21:50:00,68572.65,68572.65,68508.25,68516.95,0
2026-02-21 21:55:00,68520.05,68527.25,68509.25,68526.75,0
2026-02-21 22:00:00,68526.75,68526.75,68477.15,68483.85,0
2026-02-21 22:05:00,68483.85,68526.55,68462.05,68479.55,0
2026-02-21 22:10:00,68484.75,68532.45,68472.65,68472.65,0
2026-02-21 22:15:00,68471.75,68571.95,68470.35,68545.05,0
2026-02-21 22:20:00,68545.05,68563.45,68513.55,68560.45,0
2026-02-21 22:25:00,68548.9,68579.15,68541.85,68545.65,0
2026-02-21 22:30:00,68545.65,68550.15,68525.25,68525.25,0
2026-02-21 22:35:00,68525.25,68528.75,68397.75,68414.85,0
2026-02-21 22:40:00,68408.85,68413.95,68316.55,68365.35,0
2026-02-21 22:45:00,68365.35,68377.65,68325.35,68377.65,0
2026-02-21 22:50:00,68373.65,68395.95,68297.95,68321.25,0
2026-02-21 22:55:00,68324.75,68343.25,68175.05,68191.85,0
2026-02-21 23:00:00,68191.85,68253.65,68154.35,68248.75,0
2026-02-21 23:05:00,68248.75,68327.9,68236.25,68316.85,0
2026-02-21 23:10:00,68314.15,68314.15,68214.95,68266.25,0
2026-02-21 23:15:00,68266.25,68321.55,68253.45,68315.65,0
2026-02-21 23:20:00,68315.65,68343.25,68310.15,68343.25,0
2026-02-21 23:25:00,68340.75,68352.75,68321.35,68321.35,0
2026-02-21 23:30:00,68321.35,68354.15,68310.35,68310.35,0
2026-02-21 23:35:00,68310.35,68324.65,68293.55,68297.05,0
2026-02-21 23:40:00,68297.05,68318.45,68268.15,68268.15,0
2026-02-21 23:45:00,68268.15,68312.25,68268.15,68290.45,0
2026-02-21 23:50:00,68293.85,68319.95,68293.85,68319.95,0
2026-02-21 23:55:00,68321.25,68370.35,68321.25,68360.95,0
2026-02-22 00:00:00,68360.95,68395.05,68348.85,68378.75,0
2026-02-22 00:05:00,68382.95,68413.55,68311.95,68315.95,0
2026-02-22 00:10:00,68315.95,68322.65,68191.95,68230.05,0
2026-02-22 00:15:00,68226.45,68277.55,68226.45,68271.35,0
2026-02-22 00:20:00,68271.35,68294.25,68271.35,68293.65,0
2026-02-22 00:25:00,68285.95,68285.95,68217.35,68239.15,0
2026-02-22 00:30:00,68246.25,68263.55,68197.25,68200.65,0
2026-02-22 00:35:00,68200.65,68234.65,68124.95,68131.35,0
2026-02-22 00:40:00,68130.85,68159.95,67939.85,68071.05,0
2026-02-22 00:45:00,68066.15,68164.65,68058.25,68099.55,0
2026-02-22 00:50:00,68099.55,68133.85,68050.15,68067.35,0
2026-02-22 00:55:00,68071.8,68093.85,67869.75,67944.75,0
2026-02-22 01:00:00,67942.95,67990.75,67912.85,67916.75,0
2026-02-22 01:05:00,67926.15,67980.05,67919.45,67962.35,0
2026-02-22 01:10:00,67959.05,67989.15,67921.35,67921.35,0
2026-02-22 01:15:00,67925.65,68001.75,67925.65,67996.75,0
2026-02-22 01:20:00,68000.4,68047.05,67996.85,68036.45,0
2026-02-22 01:25:00,68036.45,68068.55,67998.65,68050.55,0
2026-02-22 01:30:00,68050.55,68079.35,68040.05,68079.35,0
2026-02-22 01:35:00,68076.35,68098.75,68048.35,68092.25,0
2026-02-22 01:40:00,68089.95,68089.95,68031.55,68035.35,0
2026-02-22 01:45:00,68032.35,68035.25,67942.75,67964.15,0
2026-02-22 01:50:00,67958.15,67984.15,67951.05,67953.75,0
2026-02-22 01:55:00,67956.85,67994.15,67945.65,67945.65,0
2026-02-22 02:00:00,67948.55,67998.35,67907.35,67998.35,0
2026-02-22 02:05:00,67999.55,68005.95,67929.35,68004.75,0
2026-02-22 02:10:00,68000.05,68003.75,67972.95,67983.15,0
2026-02-22 02:15:00,67989.95,68037.05,67942.45,67967.85,0
2026-02-22 02:20:00,67964.75,67964.75,67822.35,67837.15,0
2026-02-22 02:25:00,67837.15,67852.45,67777.95,67829.25,0
2026-02-22 02:30:00,67834.25,67893.95,67812.85,67819.55,0
2026-02-22 02:35:00,67824.35,67864.25,67824.35,67861.55,0
2026-02-22 02:40:00,67858.5,67863.45,67816.75,67816.75,0
2026-02-22 02:45:00,67819.05,67855.55,67815.35,67834.35,0
2026-02-22 02:50:00,67834.35,67858.75,67819.15,67858.75,0
2026-02-22 02:55:00,67858.75,67927.55,67848.95,67914.55,0
2026-02-22 03:00:00,67914.55,67981.05,67910.45,67964.55,0
2026-02-22 03:05:00,67969.55,68052.75,67969.55,68015.05,0
2026-02-22 03:10:00,68011.65,68011.65,67976.85,68002.65,0
2026-02-22 03:15:00,68002.75,68064.65,67983.45,68037.85,0
2026-02-22 03:20:00,68035.15,68080.65,68012.15,68068.05,0
2026-02-22 03:25:00,68068.95,68091.05,68053.95,68091.05,0
2026-02-22 03:30:00,68091.05,68134.55,68046.05,68051.75,0
2026-02-22 03:35:00,68048.75,68070.65,68011.85,68035.85,0
2026-02-22 03:40:00,68037.25,68102.35,68037.25,68102.35,0
2026-02-22 03:45:00,68095.65,68144.55,68071.75,68131.35,0
2026-02-22 03:50:00,68131.35,68147.55,68119.45,68119.45,0
2026-02-22 03:55:00,68119.45,68136.05,68083.75,68136.05,0
2026-02-22 04:00:00,68132.25,68166.15,68095.25,68118.25,0
2026-02-22 04:05:00,68120.6,68201.95,68108.25,68179.05,0
2026-02-22 04:10:00,68179.05,68192.25,68146.75,68192.25,0
2026-02-22 04:15:00,68187.15,68187.15,68074.25,68074.25,0
2026-02-22 04:20:00,68074.25,68094.35,68044.65,68046.15,0
2026-02-22 04:25:00,68043.15,68074.35,68025.15,68025.15,0
2026-02-22 04:30:00,68029.15,68087.75,68029.15,68081.05,0
2026-02-22 04:35:00,68081.05,68081.05,67964.35,67964.35,0
2026-02-22 04:40:00,67967.75,67987.65,67947.05,67964.15,0
2026-02-22 04:45:00,67964.15,68008.45,67947.35,67947.35,0
2026-02-22 04:50:00,67949.15,67989.85,67949.15,67974.95,0
2026-02-22 04:55:00,67974.95,67974.95,67846.15,67883.15,0
2026-02-22 05:00:00,67883.15,67990.05,67878.25,67941.35,0
2026-02-22 05:05:00,67941.35,67982.85,67937.05,67982.45,0
2026-02-22 05:10:00,67982.45,68004.35,67959.65,67989.75,0
2026-02-22 05:15:00,67990.65,68016.65,67799.15,67829.35,0
2026-02-22 05:20:00,67823.75,67891.85,67807.45,67863.15,0
2026-02-22 05:25:00,67863.15,67954.05,67859.25,67941.85,0
2026-02-22 05:30:00,67940.15,67945.75,67875.65,67931.05,0
2026-02-22 05:35:00,67928.75,67947.35,67916.85,67930.35,0
2026-02-22 05:40:00,67930.35,67970.45,67882.55,67964.35,0
2026-02-22 05:45:00,67964.35,68035.25,67914.05,68028.55,0
2026-02-22 05:50:00,68028.55,68028.55,67972.35,67972.35,0
2026-02-22 05:55:00,67977.95,68016.25,67972.35,68016.25,0
2026-02-22 06:00:00,68016.25,68047.55,68009.75,68045.35,0
2026-02-22 06:05:00,68042.4,68057.35,68002.75,68009.45,0
2026-02-22 06:10:00,68009.45,68042.85,68005.25,68042.85,0
2026-02-22 06:15:00,68043.25,68043.25,67996.85,68014.45,0
2026-02-22 06:20:00,68014.45,68018.05,67982.45,67994.35,0
2026-02-22 06:25:00,67994.35,68002.75,67939.25,67983.25,0
2026-02-22 06:30:00,67987.45,68019.25,67981.15,67981.15,0
2026-02-22 06:35:00,67983.05,68025.95,67964.05,67964.05,0
2026-02-22 06:40:00,67956.1,67974.25,67935.55,67961.75,0
2026-02-22 06:45:00,67961.75,67979.05,67950.35,67958.55,0
2026-02-22 06:50:00,67958.85,67979.05,67958.85,67977.85,0
2026-02-22 06:55:00,67977.85,67986.55,67955.25,67955.25,0
2026-02-22 07:00:00,67956.05,67990.95,67947.75,67947.75,0
2026-02-22 07:05:00,67950.95,67981.45,67929.25,67929.25,0
2026-02-22 07:10:00,67929.25,67937.45,67854.75,67882.95,0
2026-02-22 07:15:00,67882.95,67898.85,67878.35,67878.35,0
2026-02-22 07:20:00,67885.05,67920.25,67885.05,67920.15,0
2026-02-22 07:25:00,67921.15,67936.85,67917.95,67922.65,0
2026-02-22 07:30:00,67922.65,67922.65,67898.35,67904.15,0
2026-02-22 07:35:00,67904.15,67922.85,67904.15,67915.65,0
2026-02-22 07:40:00,67915.65,67915.65,67909.35,67909.35,0
2026-02-22 07:45:00,67909.35,67916.05,67864.15,67868.95,0
2026-02-22 07:50:00,67868.95,67900.25,67858.75,67893.65,0
2026-02-22 07:55:00,67891.15,67952.85,67883.65,67952.85,0
2026-02-22 08:00:00,67952.85,68004.35,67940.75,68004.35,0
2026-02-22 08:05:00,68004.35,68031.15,67995.25,68013.95,0
2026-02-22 08:10:00,68013.95,68022.25,67985.25,68022.25,0
2026-02-22 08:15:00,68022.25,68028.85,68010.75,68028.85,0
2026-02-22 08:20:00,68025.75,68025.75,67995.45,68010.85,0
2026-02-22 08:25:00,68010.85,68157.95,68010.85,68094.45,0
2026-02-22 08:30:00,68095.15,68146.85,68076.55,68130.25,0
2026-02-22 08:35:00,68127.05,68127.05,68034.15,68034.15,0
2026-02-22 08:40:00,68034.15,68049.15,68034.15,68037.45,0
2026-02-22 08:45:00,68038.2,68060.05,68038.2,68045.75,0
2026-02-22 08:50:00,68045.75,68058.25,68032.35,68032.35,0
2026-02-22 08:55:00,68032.35,68037.05,68012.95,68012.95,0
2026-02-22 09:00:00,68014.85,68016.95,67972.35,68015.85,0
2026-02-22 09:05:00,68015.85,68015.85,67979.35,67995.45,0
2026-02-22 09:10:00,67995.45,68020.25,67995.35,68020.25,0
2026-02-22 09:15:00,68020.25,68020.25,67982.45,67982.55,0
2026-02-22 09:20:00,67982.95,67999.35,67982.95,67989.85,0
2026-02-22 09:25:00,67989.85,68018.95,67985.05,68002.55,0
2026-02-22 09:30:00,68002.55,68029.95,67993.95,68021.85,0
2026-02-22 09:35:00,68021.85,68021.85,68011.85,68017.65,0
2026-02-22 09:40:00,68017.65,68074.95,68017.65,68062.45,0
2026-02-22 09:45:00,68060.35,68061.55,68036.75,68039.35,0
2026-02-22 09:50:00,68037.65,68052.45,67987.95,67989.05,0
2026-02-22 09:55:00,67989.05,68006.35,67978.65,67981.55,0
2026-02-22 10:00:00,67981.55,67981.55,67960.45,67977.75,0
2026-02-22 10:05:00,67974.55,67982.65,67959.85,67975.15,0
2026-02-22 10:10:00,67975.15,67993.55,67959.15,67959.15,0
2026-02-22 10:15:00,67959.15,67983.75,67959.15,67983.75,0
2026-02-22 10:20:00,67981.05,67981.45,67928.75,67928.75,0
2026-02-22 10:25:00,67928.75,67942.95,67889.05,67938.85,0
2026-02-22 10:30:00,67936.25,67937.45,67903.75,67937.45,0
2026-02-22 10:35:00,67937.45,67968.05,67937.45,67961.35,0
2026-02-22 10:40:00,67960.25,67960.25,67913.1,67931.05,0
2026-02-22 10:45:00,67931.05,67947.55,67931.05,67934.15,0
2026-02-22 10:50:00,67934.15,67934.25,67927.55,67933.05,0
2026-02-22 10:55:00,67933.05,67966.05,67923.45,67925.05,0
2026-02-22 11:00:00,67925.35,67981.65,67909.35,67981.65,0
2026-02-22 11:05:00,67981.65,68004.35,67964.95,68004.35,0
2026-02-22 11:10:00,68004.35,68011.05,67987.95,68011.05,0
2026-02-22 11:15:00,68011.05,68023.35,68011.05,68016.85,0
2026-02-22 11:20:00,68006.75,68007.65,67986.25,67999.05,0
2026-02-22 11:25:00,67999.05,68018.35,67986.95,67994.95,0
2026-02-22 11:30:00,68001.45,68007.75,67988.35,67991.05,0
2026-02-22 11:35:00,67993.95,68020.55,67966.95,67993.55,0
2026-02-22 11:40:00,67994.05,68021.25,67994.05,68021.25,0
2026-02-22 11:45:00,68021.25,68073.35,68021.25,68058.95,0
2026-02-22 11:50:00,68058.95,68071.75,68034.05,68071.75,0
2026-02-22 11:55:00,68067.45,68067.45,68028.25,68028.25,0
2026-02-22 12:00:00,68028.25,68031.35,67988.15,68001.55,0
2026-02-22 12:05:00,68001.55,68020.25,68001.55,68019.15,0
2026-02-22 12:10:00,68019.15,68019.15,68019.15,68019.15,0
2026-02-22 12:15:00,68019.15,68031.65,67999.95,68031.65,0
2026-02-22 12:20:00,68031.35,68096.55,68021.65,68075.35,0
2026-02-22 12:25:00,68075.35,68077.95,68049.45,68060.55,0
2026-02-22 12:30:00,68060.55,68115.55,68045.45,68045.45,0
2026-02-22 12:35:00,68045.45,68077.55,68044.35,68044.85,0
2026-02-22 12:40:00,68049.35,68072.85,68049.35,68066.05,0
2026-02-22 12:45:00,68066.05,68080.35,68064.25,68075.15,0
2026-02-22 12:50:00,68076.3,68124.55,68076.3,68115.55,0
2026-02-22 12:55:00,68115.55,68117.95,68102.65,68102.65,0
2026-02-22 13:00:00,68103.25,68178.85,68102.65,68155.65,0
2026-02-22 13:05:00,68155.65,68222.15,68155.65,68181.55,0
2026-02-22 13:10:00,68175.55,68205.35,68167.35,68183.95,0
2026-02-22 13:15:00,68183.95,68222.35,68183.95,68194.75,0
2026-02-22 13:20:00,68195.35,68198.65,68171.45,68194.85,0
2026-02-22 13:25:00,68194.85,68204.75,68193.55,68201.45,0
2026-02-22 13:30:00,68201.45,68209.05,68191.35,68209.05,0
2026-02-22 13:35:00,68209.05,68209.05,68126.65,68149.75,0
2026-02-22 13:40:00,68152.65,68162.15,68152.65,68162.15,0
2026-02-22 13:45:00,68162.15,68162.15,68156.85,68161.95,0
2026-02-22 13:50:00,68161.95,68174.75,68156.85,68161.55,0
2026-02-22 13:55:00,68161.55,68182.05,68153.15,68182.05,0
2026-02-22 14:00:00,68182.05,68202.45,68081.25,68107.25,0
2026-02-22 14:05:00,68107.25,68107.25,67979.15,68001.35,0
2026-02-22 14:10:00,68001.45,68001.45,67952.55,67982.45,0
2026-02-22 14:15:00,67982.45,68047.35,67982.45,68001.85,0
2026-02-22 14:20:00,68000.05,68042.45,67947.25,68035.75,0
2026-02-22 14:25:00,68039.25,68068.55,68022.15,68051.05,0
2026-02-22 14:30:00,68051.05,68051.05,68007.95,68007.95,0
2026-02-22 14:35:00,68007.75,68014.65,67878.25,67887.85,0
2026-02-22 14:40:00,67884.25,67953.55,67862.35,67865.75,0
2026-02-22 14:45:00,67869.65,67928.05,67846.35,67922.95,0
2026-02-22 14:50:00,67922.95,67957.85,67909.05,67920.25,0
2026-02-22 14:55:00,67920.25,67932.65,67904.15,67904.15,0
2026-02-22 15:00:00,67906.85,67992.45,67906.85,67987.05,0
2026-02-22 15:05:00,67980.35,67980.35,67916.65,67942.25,0
2026-02-22 15:10:00,67942.25,67959.85,67929.25,67959.85,0
2026-02-22 15:15:00,67959.85,68012.05,67959.85,67975.05,0
2026-02-22 15:20:00,67975.05,67975.05,67911.05,67937.45,0
2026-02-22 15:25:00,67934.05,67934.05,67898.45,67901.25,0
2026-02-22 15:30:00,67901.25,67941.75,67791.95,67817.75,0
2026-02-22 15:35:00,67816.0,67816.0,67615.05,67620.65,0
2026-02-22 15:40:00,67621.0,67652.15,67546.25,67615.55,0
2026-02-22 15:45:00,67615.95,67684.95,67585.55,67661.85,0
2026-02-22 15:50:00,67663.95,67665.75,67572.55,67603.05,0
2026-02-22 15:55:00,67603.05,67645.55,67571.95,67624.55,0
2026-02-22 16:00:00,67624.25,67639.75,67500.05,67508.45,0
2026-02-22 16:05:00,67510.95,67628.65,67454.95,67558.05,0
2026-02-22 16:10:00,67558.05,67630.15,67545.85,67625.55,0
2026-02-22 16:15:00,67625.55,67659.45,67543.65,67561.15,0
2026-02-22 16:20:00,67562.95,67631.55,67554.85,67601.15,0
2026-02-22 16:25:00,67601.15,67613.75,67559.55,67609.15,0
2026-02-22 16:30:00,67602.35,67656.85,67600.05,67623.95,0
2026-02-22 16:35:00,67623.95,67636.55,67565.25,67571.95,0
2026-02-22 16:40:00,67571.95,67574.25,67377.55,67419.05,0
2026-02-22 16:45:00,67421.25,67458.35,67330.05,67391.35,0
2026-02-22 16:50:00,67395.35,67544.65,67391.35,67462.05,0
2026-02-22 16:55:00,67465.65,67469.35,67394.15,67426.85,0
2026-02-22 17:00:00,67426.85,67471.95,67413.45,67423.75,0
2026-02-22 17:05:00,67423.75,67426.75,67282.65,67331.75,0
2026-02-22 17:10:00,67331.75,67413.65,67326.25,67389.45,0
2026-02-22 17:15:00,67389.45,67398.55,67314.55,67368.85,0
2026-02-22 17:20:00,67369.35,67467.75,67369.35,67467.75,0
2026-02-22 17:25:00,67462.35,67574.95,67462.35,67572.05,0
2026-02-22 17:30:00,67569.05,67617.25,67515.25,67617.25,0
2026-02-22 17:35:00,67616.55,67786.25,67607.55,67786.25,0
2026-02-22 17:40:00,67784.45,67791.35,67650.75,67756.25,0
2026-02-22 17:45:00,67756.25,67792.95,67704.95,67707.65,0
2026-02-22 17:50:00,67704.95,67723.75,67688.95,67701.55,0
2026-02-22 17:55:00,67701.55,67708.25,67647.55,67662.55,0
2026-02-22 18:00:00,67662.55,67702.75,67611.05,67611.05,0
2026-02-22 18:05:00,67611.05,67611.05,67560.55,67591.35,0
2026-02-22 18:10:00,67591.35,67594.25,67555.25,67559.15,0
2026-02-22 18:15:00,67559.15,67604.05,67542.85,67593.65,0
2026-02-22 18:20:00,67593.65,67609.85,67514.45,67518.75,0
2026-02-22 18:25:00,67518.75,67567.25,67506.65,67510.85,0
2026-02-22 18:30:00,67511.55,67550.95,67511.55,67523.25,0
2026-02-22 18:35:00,67523.25,67527.65,67490.05,67499.75,0
2026-02-22 18:40:00,67499.75,67549.15,67496.55,67544.15,0
2026-02-22 18:45:00,67542.25,67607.05,67538.85,67598.55,0
2026-02-22 18:50:00,67597.55,67606.05,67563.45,67606.05,0
2026-02-22 18:55:00,67606.05,67621.5,67595.95,67604.95,0
2026-02-22 19:00:00,67604.95,67607.15,67568.65,67571.15,0
2026-02-22 19:05:00,67571.15,67572.85,67500.05,67511.25,0
2026-02-22 19:10:00,67511.25,67600.95,67511.25,67546.95,0
2026-02-22 19:15:00,67547.95,67550.85,67511.95,67520.65,0
2026-02-22 19:20:00,67520.65,67520.65,67490.85,67503.45,0
2026-02-22 19:25:00,67503.45,67528.15,67469.15,67469.15,0
2026-02-22 19:30:00,67467.85,67510.35,67181.95,67271.45,0
2026-02-22 19:35:00,67275.15,67294.65,67166.65,67252.15,0
2026-02-22 19:40:00,67247.65,67300.75,67235.05,67235.05,0
2026-02-22 19:45:00,67236.95,67341.75,67236.95,67330.05,0
2026-02-22 19:50:00,67326.65,67357.75,67272.95,67345.95,0
2026-02-22 19:55:00,67345.95,67374.95,67319.45,67359.55,0
2026-02-22 20:00:00,67355.85,67358.65,67331.25,67355.05,0
2026-02-22 20:05:00,67355.05,67398.95,67306.35,67396.95,0
2026-02-22 20:10:00,67396.55,67400.45,67362.75,67375.95,0
2026-02-22 20:15:00,67382.55,67430.95,67364.65,67364.65,0
2026-02-22 20:20:00,67368.25,67379.7,67356.45,67356.45,0
2026-02-22 20:25:00,67358.45,67390.85,67304.65,67316.15,0
2026-02-22 20:30:00,67316.15,67330.05,67293.85,67330.05,0
2026-02-22 20:35:00,67328.25,67348.45,67288.95,67348.45,0
2026-02-22 20:40:00,67348.45,67363.45,67338.45,67347.05,0
2026-02-22 20:45:00,67348.05,67385.75,67348.05,67368.55,0
2026-02-22 20:50:00,67368.55,67425.95,67368.55,67399.65,0
2026-02-22 20:55:00,67399.65,67421.35,67376.45,67392.25,0
2026-02-22 21:00:00,67393.55,67436.05,67393.55,67436.05,0
2026-02-22 21:05:00,67436.05,67452.05,67428.85,67450.15,0
2026-02-22 21:10:00,67447.45,67447.45,67371.35,67377.95,0
2026-02-22 21:15:00,67382.9,67429.75,67382.9,67398.95,0
2026-02-22 21:20:00,67400.75,67430.05,67400.75,67416.85,0
2026-02-22 21:25:00,67416.85,67416.85,67377.45,67402.25,0
2026-02-22 21:30:00,67399.25,67440.95,67383.55,67440.95,0
2026-02-22 21:35:00,67440.95,67450.95,67430.15,67438.75,0
2026-02-22 21:40:00,67438.75,67453.65,67428.15,67453.65,0
2026-02-22 21:45:00,67441.55,67442.45,67422.75,67422.75,0
2026-02-22 21:50:00,67426.55,67437.95,67385.45,67415.15,0
2026-02-22 21:55:00,67411.95,67413.15,67399.05,67399.05,0
2026-02-22 22:00:00,67399.05,67404.25,67378.25,67378.25,0
2026-02-22 22:05:00,67378.25,67431.45,67378.25,67393.35,0
2026-02-22 22:10:00,67393.35,67393.35,67337.15,67360.55,0
2026-02-22 22:15:00,67363.75,67414.05,67363.75,67407.55,0
2026-02-22 22:20:00,67407.55,67462.75,67407.55,67432.35,0
2026-02-22 22:25:00,67432.35,67432.35,67402.95,67419.85,0
2026-02-22 22:30:00,67421.8,67426.45,67369.25,67393.05,0
2026-02-22 22:35:00,67393.05,67409.35,67389.45,67399.95,0
2026-02-22 22:40:00,67399.95,67418.15,67372.65,67383.85,0
2026-02-22 22:45:00,67389.85,67458.95,67387.05,67436.45,0
2026-02-22 22:50:00,67434.65,67434.65,67318.55,67344.05,0
2026-02-22 22:55:00,67346.25,67376.45,67346.25,67374.15,0
2026-02-22 23:00:00,67374.3,67437.55,67374.3,67437.55,0
2026-02-22 23:05:00,67439.05,67447.45,67421.05,67421.05,0
2026-02-22 23:10:00,67422.65,67433.85,67407.45,67416.05,0
2026-02-22 23:15:00,67419.05,67451.35,67419.05,67447.25,0
2026-02-22 23:20:00,67447.25,67447.25,67443.15,67444.55,0
2026-02-22 23:25:00,67444.55,67483.85,67418.75,67429.15,0
2026-02-22 23:30:00,67429.15,67503.05,67429.15,67493.25,0
2026-02-22 23:35:00,67493.25,67591.55,67493.25,67591.55,0
2026-02-22 23:40:00,67590.15,67590.15,67555.15,67565.15,0
2026-02-22 23:45:00,67562.05,67572.95,67554.25,67568.05,0
2026-02-22 23:50:00,67568.05,67607.05,67568.05,67586.45,0
2026-02-22 23:55:00,67586.45,67592.65,67579.25,67579.25,0
2026-02-23 00:00:00,67579.25,67581.85,67541.85,67545.75,0
2026-02-23 00:05:00,67545.75,67549.75,67466.35,67482.15,0
2026-02-23 00:10:00,67482.15,67499.95,67451.25,67477.55,0
2026-02-23 00:15:00,67477.55,67512.95,67477.55,67505.75,0
2026-02-23 00:20:00,67505.75,67662.75,67505.75,67578.95,0
2026-02-23 00:25:00,67578.95,67578.95,67545.05,67567.05,0
2026-02-23 00:30:00,67567.05,67584.25,67509.85,67584.25,0
2026-02-23 00:35:00,67584.25,67584.25,67526.15,67555.35,0
2026-02-23 00:40:00,67553.95,67681.25,67531.45,67652.35,0
2026-02-23 00:45:00,67659.65,67714.25,67628.75,67660.95,0
2026-02-23 00:50:00,67660.95,67724.95,67639.25,67710.25,0
2026-02-23 00:55:00,67710.25,67710.25,67633.85,67634.85,0
2026-02-23 01:00:00,67640.05,67697.65,67585.15,67640.55,0
2026-02-23 01:05:00,67644.85,67683.55,67547.95,67547.95,0
2026-02-23 01:10:00,67538.55,67573.85,67463.75,67469.55,0
2026-02-23 01:15:00,67473.75,67530.15,67450.05,67485.05,0
2026-02-23 01:20:00,67484.2,67549.15,67438.05,67549.15,0
2026-02-23 01:25:00,67552.95,67587.25,67517.35,67575.15,0
2026-02-23 01:30:00,67572.25,67574.05,67510.75,67540.35,0
2026-02-23 01:35:00,67538.35,67554.35,67510.55,67520.45,0
2026-02-23 01:40:00,67520.45,67547.45,67462.25,67482.85,0
2026-02-23 01:45:00,67485.95,67562.65,67466.75,67562.65,0
2026-02-23 01:50:00,67556.45,67620.65,67534.85,67620.65,0
2026-02-23 01:55:00,67621.15,67699.35,67601.85,67615.45,0
2026-02-23 02:00:00,67620.35,67654.05,67575.65,67585.85,0
2026-02-23 02:05:00,67585.35,67657.15,67561.75,67620.35,0
2026-02-23 02:10:00,67619.55,67619.55,67569.55,67597.25,0
2026-02-23 02:15:00,67599.25,67599.25,67527.65,67539.85,0
2026-02-23 02:20:00,67538.45,67538.45,67447.55,67450.95,0
2026-02-23 02:25:00,67450.95,67450.95,67371.65,67444.85,0
2026-02-23 02:30:00,67444.85,67444.85,67257.85,67272.65,0
2026-02-23 02:35:00,67276.35,67314.65,67140.35,67174.75,0
2026-02-23 02:40:00,67174.45,67238.55,67155.15,67155.15,0
2026-02-23 02:45:00,67153.05,67153.05,66948.75,67059.95,0
2026-02-23 02:50:00,67056.55,67127.45,67024.45,67117.55,0
2026-02-23 02:55:00,67116.35,67116.35,66686.05,66705.05,0
2026-02-23 03:00:00,66701.65,66701.65,65997.05,66420.45,0
2026-02-23 03:05:00,66418.95,66433.75,65327.35,65528.15,0
2026-02-23 03:10:00,65523.65,65569.35,65219.55,65450.45,0
2026-02-23 03:15:00,65456.85,65478.05,65080.35,65080.35,0
2026-02-23 03:20:00,65084.75,65241.55,64952.8,65037.65,0
2026-02-23 03:25:00,65024.85,65269.35,64965.15,65016.25,0
2026-02-23 03:30:00,65011.75,65261.35,64968.05,65239.65,0
2026-02-23 03:35:00,65236.05,65360.85,65111.55,65341.65,0
2026-02-23 03:40:00,65348.05,65371.15,65095.25,65095.25,0
2026-02-23 03:45:00,65096.05,65144.25,64274.7,64632.85,0
2026-02-23 03:50:00,64638.05,64845.65,64340.45,64412.05,0
2026-02-23 03:55:00,64424.05,64668.75,64365.95,64397.45,0
2026-02-23 04:00:00,64395.05,64596.85,64295.05,64554.25,0
2026-02-23 04:05:00,64553.65,64712.95,64545.45,64712.35,0
2026-02-23 04:10:00,64711.75,64764.15,64555.65,64717.05,0
2026-02-23 04:15:00,64731.45,64784.85,64671.25,64674.95,0
2026-02-23 04:20:00,64676.25,64744.35,64494.75,64503.15,0
2026-02-23 04:25:00,64506.55,64740.65,64506.55,64725.15,0
2026-02-23 04:30:00,64729.45,64884.25,64729.35,64872.65,0
2026-02-23 04:35:00,64866.45,64876.75,64683.65,64749.85,0
2026-02-23 04:40:00,64748.6,64819.45,64658.25,64819.45,0
2026-02-23 04:45:00,64822.95,64867.75,64735.25,64754.75,0
2026-02-23 04:50:00,64759.85,64821.55,64701.05,64712.45,0
2026-02-23 04:55:00,64712.45,64777.35,64682.85,64755.65,0
2026-02-23 05:00:00,64761.35,64881.35,64743.85,64876.15,0
2026-02-23 05:05:00,64873.55,65026.05,64859.55,64943.55,0
2026-02-23 05:10:00,64940.45,64940.45,64820.65,64912.15,0
2026-02-23 05:15:00,64901.85,64902.55,64691.95,64762.45,0
2026-02-23 05:20:00,64762.35,64784.3,64699.85,64735.15,0
2026-02-23 05:25:00,64734.95,64752.75,64675.05,64742.15,0
2026-02-23 05:30:00,64744.65,64851.2,64698.95,64747.15,0
2026-02-23 05:35:00,64747.95,64887.75,64732.25,64873.05,0
2026-02-23 05:40:00,64873.05,64988.05,64873.05,64988.05,0
2026-02-23 05:45:00,64988.05,64994.35,64882.75,64907.25,0
2026-02-23 05:50:00,64908.05,64974.55,64900.95,64954.05,0
2026-02-23 05:55:00,64951.3,64974.85,64909.35,64909.35,0
2026-02-23 06:00:00,64929.15,64973.05,64863.55,64892.55,0
2026-02-23 06:05:00,64893.05,64920.55,64802.65,64916.75,0
2026-02-23 06:10:00,64916.75,65002.15,64905.25,64996.85,0
2026-02-23 06:15:00,64993.25,64993.25,64875.05,64915.65,0
2026-02-23 06:20:00,64914.25,64914.25,64772.75,64781.75,0
2026-02-23 06:25:00,64779.15,64779.15,64692.45,64748.45,0
2026-02-23 06:30:00,64746.7,64795.85,64727.75,64746.05,0
2026-02-23 06:35:00,64747.55,64753.65,64651.95,64656.95,0
2026-02-23 06:40:00,64660.15,64722.75,64655.85,64698.05,0
2026-02-23 06:45:00,64696.65,64712.05,64680.55,64681.05,0
2026-02-23 06:50:00,64681.05,64791.75,64681.05,64784.35,0
2026-02-23 06:55:00,64784.35,64800.45,64771.55,64787.85,0
2026-02-23 07:00:00,64791.35,64845.25,64781.45,64842.15,0
2026-02-23 07:05:00,64842.15,64950.85,64842.15,64939.25,0
2026-02-23 07:10:00,64939.25,65153.85,64939.25,65068.05,0
2026-02-23 07:15:00,65068.05,65192.05,65058.85,65100.55,0
2026-02-23 07:20:00,65094.95,65100.75,65011.25,65017.05,0
2026-02-23 07:25:00,65023.65,65031.45,64897.8,65016.85,0
2026-02-23 07:30:00,65019.05,65104.3,65019.05,65069.05,0
2026-02-23 07:35:00,65070.8,65097.65,64986.65,65010.45,0
2026-02-23 07:40:00,65009.75,65061.15,64993.35,64993.35,0
2026-02-23 07:45:00,64993.35,65060.45,64934.15,64977.85,0
2026-02-23 07:50:00,64974.15,65009.55,64954.95,64982.05,0
2026-02-23 07:55:00,64982.05,65049.15,64940.35,65038.85,0
2026-02-23 08:00:00,65038.85,65098.45,65003.55,65098.45,0
2026-02-23 08:05:00,65097.55,65167.15,65078.9,65165.35,0
2026-02-23 08:10:00,65165.35,65353.65,65148.55,65333.65,0
2026-02-23 08:15:00,65330.95,65350.95,65279.75,65286.05,0
2026-02-23 08:20:00,65286.9,65431.15,65286.9,65357.05,0
2026-02-23 08:25:00,65358.25,65373.85,65277.25,65277.25,0
2026-02-23 08:30:00,65279.8,65386.85,65260.75,65381.85,0
2026-02-23 08:35:00,65381.85,65649.45,65381.85,65590.75,0
2026-02-23 08:40:00,65593.65,65618.85,65484.95,65509.35,0
2026-02-23 08:45:00,65509.35,65692.25,65500.35,65636.25,0
2026-02-23 08:50:00,65637.0,65781.15,65637.0,65775.25,0
2026-02-23 08:55:00,65772.65,65772.65,65678.95,65730.65,0
2026-02-23 09:00:00,65730.65,65807.35,65716.45,65807.35,0
2026-02-23 09:05:00,65807.45,65869.35,65716.95,65719.25,0
2026-02-23 09:10:00,65717.55,65854.25,65666.75,65760.45,0
2026-02-23 09:15:00,65761.25,65813.15,65622.35,65749.05,0
2026-02-23 09:20:00,65745.1,65754.15,65683.35,65707.55,0
2026-02-23 09:25:00,65711.15,65790.65,65663.45,65663.45,0
2026-02-23 09:30:00,65663.45,65747.65,65658.05,65747.65,0
2026-02-23 09:35:00,65748.15,65921.45,65748.15,65916.35,0
2026-02-23 09:40:00,65916.45,65989.25,65891.15,65926.35,0
2026-02-23 09:45:00,65925.35,65960.75,65866.45,65896.65,0
2026-02-23 09:50:00,65896.6,65949.35,65879.05,65920.35,0
2026-02-23 09:55:00,65920.05,65943.55,65909.05,65930.85,0
2026-02-23 10:00:00,65927.5,65935.65,65732.25,65789.35,0
2026-02-23 10:05:00,65788.85,65809.55,65677.25,65701.55,0
2026-02-23 10:10:00,65702.2,65821.85,65702.2,65821.85,0
2026-02-23 10:15:00,65824.25,65851.55,65714.95,65732.25,0
2026-02-23 10:20:00,65732.25,65732.25,65600.05,65621.35,0
2026-02-23 10:25:00,65621.25,65685.85,65568.85,65656.45,0
2026-02-23 10:30:00,65657.85,65709.95,65595.35,65630.95,0
2026-02-23 10:35:00,65630.95,65637.45,65558.85,65598.85,0
2026-02-23 10:40:00,65599.75,65603.95,65559.55,65594.55,0
2026-02-23 10:45:00,65594.55,65622.95,65578.15,65594.15,0
2026-02-23 10:50:00,65597.25,65612.75,65542.65,65575.05,0
2026-02-23 10:55:00,65577.25,65675.35,65577.25,65650.65,0
2026-02-23 11:00:00,65647.35,65801.75,65647.35,65787.75,0
2026-02-23 11:05:00,65787.75,65806.55,65729.85,65765.55,0
2026-02-23 11:10:00,65766.55,65810.95,65765.15,65796.05,0
2026-02-23 11:15:00,65796.25,65826.25,65697.95,65718.55,0
2026-02-23 11:20:00,65723.75,65738.45,65681.95,65738.45,0
2026-02-23 11:25:00,65739.85,65850.65,65729.35,65815.55,0
2026-02-23 11:30:00,65815.55,66220.8,65797.25,66130.05,0
2026-02-23 11:35:00,66123.85,66306.55,66123.85,66253.15,0
2026-02-23 11:40:00,66253.15,66283.35,66207.75,66257.65,0
2026-02-23 11:45:00,66259.55,66402.15,66242.15,66291.35,0
2026-02-23 11:50:00,66298.65,66440.95,66225.05,66435.65,0
2026-02-23 11:55:00,66438.85,66439.55,66357.85,66387.65,0
2026-02-23 12:00:00,66391.25,66578.35,66311.95,66460.45,0
2026-02-23 12:05:00,66460.45,66496.95,66316.45,66339.65,0
2026-02-23 12:10:00,66341.85,66374.55,66281.15,66294.15,0
2026-02-23 12:15:00,66294.15,66437.35,66251.35,66437.35,0
2026-02-23 12:20:00,66435.65,66490.75,66405.95,66420.85,0
2026-02-23 12:25:00,66420.85,66420.85,66327.65,66341.05,0
2026-02-23 12:30:00,66340.45,66354.05,66256.25,66271.55,0
2026-02-23 12:35:00,66269.75,66291.25,66196.65,66242.05,0
2026-02-23 12:40:00,66242.05,66363.75,66242.05,66313.35,0
2026-02-23 12:45:00,66313.35,66313.35,66219.45,66278.85,0
2026-02-23 12:50:00,66278.85,66356.35,66269.85,66339.85,0
2026-02-23 12:55:00,66339.85,66382.65,66270.65,66295.45,0
2026-02-23 13:00:00,66298.9,66316.85,66230.25,66230.25,0
2026-02-23 13:05:00,66226.65,66315.95,66220.95,66315.95,0
2026-02-23 13:10:00,66314.55,66354.45,66310.25,66338.75,0
2026-02-23 13:15:00,66342.25,66421.15,66342.25,66421.15,0
2026-02-23 13:20:00,66419.85,66463.65,66300.75,66300.75,0
2026-02-23 13:25:00,66300.75,66326.25,66281.45,66294.25,0
2026-02-23 13:30:00,66293.15,66300.25,66192.35,66245.25,0
2026-02-23 13:35:00,66245.25,66267.75,66108.95,66145.15,0
2026-02-23 13:40:00,66145.15,66162.35,66082.45,66102.25,0
2026-02-23 13:45:00,66103.15,66170.75,66077.25,66111.65,0
2026-02-23 13:50:00,66112.15,66196.05,66112.15,66142.85,0
2026-02-23 13:55:00,66140.75,66180.55,66140.75,66176.75,0
2026-02-23 14:00:00,66177.55,66194.15,66137.55,66155.75,0
2026-02-23 14:05:00,66155.75,66234.65,66137.55,66158.75,0
2026-02-23 14:10:00,66159.45,66199.95,66159.45,66192.25,0
2026-02-23 14:15:00,66193.8,66218.25,66151.35,66168.85,0
2026-02-23 14:20:00,66166.15,66166.15,66012.45,66084.95,0
2026-02-23 14:25:00,66087.25,66141.35,66087.25,66109.05,0
2026-02-23 14:30:00,66109.05,66121.35,65866.85,65926.25,0
2026-02-23 14:35:00,65926.25,66348.85,65926.25,66216.35,0
2026-02-23 14:40:00,66219.35,66473.15,66206.35,66398.55,0
2026-02-23 14:45:00,66395.25,66483.95,66320.75,66343.45,0
2026-02-23 14:50:00,66340.45,66352.35,66296.75,66316.45,0
2026-02-23 14:55:00,66314.55,66320.75,66204.95,66253.25,0
2026-02-23 15:00:00,66254.95,66290.45,66220.75,66233.95,0
2026-02-23 15:05:00,66249.65,66358.85,66212.25,66301.45,0
2026-02-23 15:10:00,66303.65,66322.55,66186.05,66192.65,0
2026-02-23 15:15:00,66190.75,66205.15,66101.05,66163.45,0
2026-02-23 15:20:00,66141.35,66232.05,66134.05,66144.35,0
2026-02-23 15:25:00,66150.65,66237.35,66106.35,66196.75,0
2026-02-23 15:30:00,66196.75,66241.95,66148.05,66165.85,0
2026-02-23 15:35:00,66165.25,66192.65,66111.35,66152.25,0
2026-02-23 15:40:00,66152.25,66401.95,66152.25,66334.45,0
2026-02-23 15:45:00,66329.8,66344.65,66259.35,66337.35,0
2026-02-23 15:50:00,66337.35,66343.95,66236.45,66236.45,0
2026-02-23 15:55:00,66236.45,66251.75,66076.15,66105.95,0
2026-02-23 16:00:00,66109.45,66176.75,66090.55,66161.95,0
2026-02-23 16:05:00,66163.95,66233.55,66163.95,66217.45,0
2026-02-23 16:10:00,66218.25,66241.05,66144.15,66222.65,0
2026-02-23 16:15:00,66224.25,66226.25,66096.85,66111.95,0
2026-02-23 16:20:00,66109.95,66109.95,66023.05,66038.75,0
2026-02-23 16:25:00,66039.65,66070.95,66026.15,66056.15,0
2026-02-23 16:30:00,66055.25,66203.45,65908.55,65910.25,0
2026-02-23 16:35:00,65905.15,66134.95,65752.55,65817.65,0
2026-02-23 16:40:00,65811.15,65874.95,65505.85,65804.15,0
2026-02-23 16:45:00,65800.05,65949.95,65587.75,65629.35,0
2026-02-23 16:50:00,65627.85,66094.95,65608.35,65925.55,0
2026-02-23 16:55:00,65920.15,66040.35,65857.95,65898.25,0
2026-02-23 17:00:00,65899.75,66061.95,65680.25,65730.15,0
2026-02-23 17:05:00,65728.35,65899.35,65708.65,65826.65,0
2026-02-23 17:10:00,65830.15,66001.85,65825.05,65929.55,0
2026-02-23 17:15:00,65927.75,66223.05,65891.65,65987.35,0
2026-02-23 17:20:00,65995.05,66028.55,65842.45,65902.45,0
2026-02-23 17:25:00,65900.95,65900.95,65717.85,65780.05,0
2026-02-23 17:30:00,65784.35,65911.45,65728.15,65774.55,0
2026-02-23 17:35:00,65775.85,65915.85,65748.45,65800.75,0
2026-02-23 17:40:00,65800.15,65841.25,65679.45,65770.65,0
2026-02-23 17:45:00,65772.65,65897.35,65743.95,65785.05,0
2026-02-23 17:50:00,65787.65,65809.65,65551.05,65625.45,0
2026-02-23 17:55:00,65627.95,65705.35,65616.15,65629.75,0
2026-02-23 18:00:00,65627.95,65660.15,65342.95,65393.85,0
2026-02-23 18:05:00,65391.35,65469.55,65265.05,65390.55,0
2026-02-23 18:10:00,65391.85,65536.95,65156.25,65202.75,0
2026-02-23 18:15:00,65205.35,65554.15,65202.65,65457.85,0
2026-02-23 18:20:00,65451.95,65537.15,65357.55,65363.35,0
2026-02-23 18:25:00,65368.3,65640.75,65366.65,65599.45,0
2026-02-23 18:30:00,65597.85,65693.65,65454.15,65461.35,0
2026-02-23 18:35:00,65461.25,65634.0,65420.05,65563.95,0
2026-02-23 18:40:00,65555.15,65605.05,65522.35,65544.45,0
2026-02-23 18:45:00,65540.35,65576.55,65295.45,65365.95,0
2026-02-23 18:50:00,65364.95,65448.85,65338.25,65378.55,0
2026-02-23 18:55:00,65375.05,65375.05,65272.75,65338.25,0
2026-02-23 19:00:00,65339.45,65402.85,65282.55,65381.05,0
2026-02-23 19:05:00,65382.55,65418.75,65299.45,65326.95,0
2026-02-23 19:10:00,65324.55,65350.75,65021.45,65045.65,0
2026-02-23 19:15:00,65055.35,65156.65,64760.25,64760.25,0
2026-02-23 19:20:00,64754.45,64865.75,64663.05,64715.85,0
2026-02-23 19:25:00,64716.85,64803.35,64541.65,64547.85,0
2026-02-23 19:30:00,64539.75,64659.95,64511.05,64543.25,0
2026-02-23 19:35:00,64547.75,64584.35,64312.95,64338.05,0
2026-02-23 19:40:00,64343.25,64640.55,64296.55,64437.75,0
2026-02-23 19:45:00,64436.45,64527.65,64355.95,64411.35,0
2026-02-23 19:50:00,64408.9,64515.75,64117.85,64464.75,0
2026-02-23 19:55:00,64466.65,64778.95,64452.35,64778.95,0
2026-02-23 20:00:00,64779.45,64834.95,64631.15,64766.05,0
2026-02-23 20:05:00,64757.95,64841.25,64609.55,64784.35,0
2026-02-23 20:10:00,64786.4,64811.75,64667.35,64751.35,0
2026-02-23 20:15:00,64761.55,64778.45,64607.55,64616.25,0
2026-02-23 20:20:00,64612.75,64885.85,64568.55,64846.85,0
2026-02-23 20:25:00,64844.55,64871.75,64747.25,64788.15,0
2026-02-23 20:30:00,64791.55,64947.45,64698.55,64947.45,0
2026-02-23 20:35:00,64945.05,65148.85,64905.85,65058.65,0
2026-02-23 20:40:00,65054.95,65064.05,64854.85,64862.65,0
2026-02-23 20:45:00,64862.45,64862.45,64697.85,64776.95,0
2026-02-23 20:50:00,64780.95,64780.95,64694.85,64705.65,0
2026-02-23 20:55:00,64700.85,64722.65,64546.45,64600.95,0
2026-02-23 21:00:00,64602.15,64723.85,64568.05,64594.75,0
2026-02-23 21:05:00,64595.35,64761.65,64595.35,64746.65,0
2026-02-23 21:10:00,64749.25,64813.75,64663.15,64669.65,0
2026-02-23 21:15:00,64669.65,64680.15,64536.9,64596.45,0
2026-02-23 21:20:00,64597.05,64640.55,64333.9,64453.15,0
2026-02-23 21:25:00,64453.75,64491.75,64404.75,64426.05,0
2026-02-23 21:30:00,64421.25,64512.15,64291.65,64302.55,0
2026-02-23 21:35:00,64299.95,64362.65,64061.45,64112.65,0
2026-02-23 21:40:00,64118.95,64327.35,64101.45,64188.75,0
2026-02-23 21:45:00,64193.75,64288.45,64078.75,64141.55,0
2026-02-23 21:50:00,64142.35,64250.45,64097.95,64221.75,0
2026-02-23 21:55:00,64215.95,64332.75,64202.25,64262.25,0
2026-02-23 22:00:00,64261.65,64338.55,64198.15,64336.75,0
2026-02-23 22:05:00,64337.35,64337.35,64111.95,64154.75,0
2026-02-23 22:10:00,64162.85,64165.25,63884.25,63930.45,0
2026-02-23 22:15:00,63928.25,64071.85,63852.15,63969.05,0
2026-02-23 22:20:00,63974.65,64135.8,63927.9,64039.45,0
2026-02-23 22:25:00,64037.85,64080.55,63912.55,63966.55,0
2026-02-23 22:30:00,63963.45,64237.15,63952.65,64217.75,0
2026-02-23 22:35:00,64217.65,64291.65,64144.45,64191.35,0
2026-02-23 22:40:00,64193.45,64236.85,64118.35,64233.75,0
2026-02-23 22:45:00,64238.25,64265.25,64200.25,64243.45,0
2026-02-23 22:50:00,64244.35,64378.95,64197.55,64371.55,0
2026-02-23 22:55:00,64369.25,64458.95,64313.45,64442.65,0
2026-02-23 23:00:00,64433.65,64640.35,64425.05,64613.25,0
2026-02-23 23:05:00,64613.25,64671.25,64467.75,64478.85,0
2026-02-23 23:10:00,64478.9,64600.25,64478.9,64570.15,0
2026-02-23 23:15:00,64568.75,64614.65,64519.45,64583.55,0
2026-02-23 23:20:00,64583.15,64613.75,64480.45,64528.15,0
2026-02-23 23:25:00,64528.15,64568.45,64491.95,64524.95,0
2026-02-23 23:30:00,64525.55,64566.15,64513.35,64562.95,0
2026-02-23 23:35:00,64561.65,64561.65,64494.65,64507.85,0
2026-02-23 23:40:00,64507.85,64754.55,64503.85,64610.75,0
2026-02-23 23:45:00,64613.15,64698.65,64592.25,64685.85,0
2026-02-23 23:50:00,64685.85,64692.45,64558.95,64563.05,0
2026-02-23 23:55:00,64567.25,64583.55,64521.35,64530.75,0
2026-02-24 00:00:00,64530.75,64736.75,64508.25,64731.95,0
2026-02-24 00:05:00,64731.95,64894.95,64710.15,64894.95,0
2026-02-24 00:10:00,64891.05,64965.35,64776.35,64929.85,0
2026-02-24 00:15:00,64926.75,64982.75,64869.95,64885.65,0
2026-02-24 00:20:00,64885.65,64946.55,64813.75,64922.25,0
2026-02-24 00:25:00,64922.25,64937.65,64901.05,64901.05,0
2026-02-24 00:30:00,64897.25,64897.25,64812.45,64875.25,0
2026-02-24 00:35:00,64878.35,64888.45,64811.45,64845.75,0
2026-02-24 00:40:00,64845.75,64848.65,64720.65,64765.85,0
2026-02-24 00:45:00,64765.85,64836.95,64739.15,64800.35,0
2026-02-24 00:50:00,64800.35,64848.05,64655.05,64662.35,0
2026-02-24 00:55:00,64656.75,64747.15,64607.45,64691.25,0
2026-02-24 01:00:00,64686.35,64736.45,64663.35,64733.85,0
2026-02-24 01:05:00,64731.55,64859.85,64701.05,64859.75,0
2026-02-24 01:10:00,64859.75,64868.95,64817.65,64826.65,0
2026-02-24 01:15:00,64826.75,64867.85,64803.35,64807.95,0
2026-02-24 01:20:00,64807.95,64829.85,64745.25,64786.95,0
2026-02-24 01:25:00,64786.95,64810.95,64761.35,64808.15,0
2026-02-24 01:30:00,64808.15,64818.75,64799.25,64817.35,0
2026-02-24 01:35:00,64818.75,64851.25,64690.25,64700.45,0
2026-02-24 01:40:00,64701.75,64727.05,64575.05,64590.85,0
2026-02-24 01:45:00,64591.25,64659.45,64571.25,64592.45,0
2026-02-24 01:50:00,64592.45,64592.45,64528.65,64548.05,0
2026-02-24 01:55:00,64550.85,64645.25,64495.05,64618.25,0
2026-02-24 02:00:00,64621.15,64744.15,64621.15,64667.95,0
2026-02-24 02:05:00,64663.85,64730.15,64635.15,64722.15,0
2026-02-24 02:10:00,64722.15,64867.55,64715.75,64862.25,0
2026-02-24 02:15:00,64862.05,64944.05,64845.65,64944.05,0
2026-02-24 02:20:00,64943.55,64979.35,64851.55,64851.55,0
2026-02-24 02:25:00,64848.25,64864.45,64765.45,64832.95,0
2026-02-24 02:30:00,64832.95,64854.05,64792.75,64852.15,0
2026-02-24 02:35:00,64855.65,64928.45,64835.75,64902.55,0
2026-02-24 02:40:00,64908.15,64956.85,64888.05,64888.05,0
2026-02-24 02:45:00,64887.85,64946.65,64875.05,64939.35,0
2026-02-24 02:50:00,64940.95,64973.75,64913.85,64925.45,0
2026-02-24 02:55:00,64925.45,64925.45,64839.75,64910.05,0
2026-02-24 03:00:00,64905.85,64906.55,64698.95,64753.45,0
2026-02-24 03:05:00,64753.45,64768.45,64593.55,64593.55,0
2026-02-24 03:10:00,64596.95,64604.75,64207.35,64299.75,0
2026-02-24 03:15:00,64301.35,64343.35,63402.95,63746.85,0
2026-02-24 03:20:00,63750.35,64299.75,63668.05,64213.45,0
2026-02-24 03:25:00,64210.85,64513.85,64210.85,64405.25,0
2026-02-24 03:30:00,64401.75,64589.45,64350.15,64478.25,0
2026-02-24 03:35:00,64482.15,64533.45,64103.75,64117.25,0
2026-02-24 03:40:00,64120.15,64382.95,64047.45,64310.55,0
2026-02-24 03:45:00,64315.65,64384.25,64033.85,64276.65,0
2026-02-24 03:50:00,64264.65,64317.15,64194.05,64212.65,0
2026-02-24 03:55:00,64211.75,64224.95,64111.75,64131.95,0
2026-02-24 04:00:00,64133.85,64231.95,63974.45,63999.15,0
2026-02-24 04:05:00,63994.75,64158.75,63973.65,64089.85,0
2026-02-24 04:10:00,64092.75,64295.55,64084.65,64213.25,0
2026-02-24 04:15:00,64213.25,64273.45,63986.95,64123.55,0
2026-02-24 04:20:00,64122.45,64177.95,64094.45,64174.7,0
2026-02-24 04:25:00,64177.95,64274.95,64143.95,64274.95,0
2026-02-24 04:30:00,64272.55,64463.75,64270.55,64346.35,0
2026-02-24 04:35:00,64342.85,64342.85,64146.95,64236.95,0
2026-02-24 04:40:00,64242.55,64242.55,64081.55,64095.65,0
2026-02-24 04:45:00,64092.75,64154.25,64049.25,64142.75,0
2026-02-24 04:50:00,64142.75,64142.75,64045.75,64064.75,0
2026-02-24 04:55:00,64063.55,64153.25,64051.15,64076.75,0
2026-02-24 05:00:00,64075.1,64075.1,63598.55,63828.85,0
2026-02-24 05:05:00,63832.75,63856.75,63627.2,63752.65,0
2026-02-24 05:10:00,63760.65,63828.45,63526.95,63658.35,0
2026-02-24 05:15:00,63654.25,63787.55,63550.55,63783.45,0
2026-02-24 05:20:00,63783.45,63825.25,63660.35,63680.75,0
2026-02-24 05:25:00,63683.55,63722.45,63636.45,63673.15,0
2026-02-24 05:30:00,63671.6,63742.45,63599.25,63650.95,0
2026-02-24 05:35:00,63644.65,63718.45,63616.65,63661.45,0
2026-02-24 05:40:00,63658.95,63757.65,63620.45,63646.85,0
2026-02-24 05:45:00,63646.85,63661.75,63497.95,63522.65,0
2026-02-24 05:50:00,63526.55,63631.45,63309.75,63591.55,0
2026-02-24 05:55:00,63591.8,63640.95,63512.45,63557.45,0
2026-02-24 06:00:00,63561.05,63597.85,63453.35,63472.15,0
2026-02-24 06:05:00,63474.55,63478.95,63205.75,63275.85,0
2026-02-24 06:10:00,63271.45,63408.35,62957.9,62975.05,0
2026-02-24 06:15:00,62975.35,63000.95,62836.55,62942.35,0
2026-02-24 06:20:00,62947.15,63364.05,62942.35,63249.85,0
2026-02-24 06:25:00,63247.75,63345.25,63106.35,63193.45,0
2026-02-24 06:30:00,63190.75,63202.65,62955.05,63120.35,0
2026-02-24 06:35:00,63120.35,63281.45,63120.35,63280.55,0
2026-02-24 06:40:00,63279.75,63334.35,63233.55,63311.05,0
2026-02-24 06:45:00,63315.95,63369.85,63266.85,63305.25,0
2026-02-24 06:50:00,63305.25,63329.35,63228.15,63246.75,0
2026-02-24 06:55:00,63246.55,63353.45,63210.35,63348.85,0
2026-02-24 07:00:00,63345.65,63356.15,63248.45,63356.15,0
2026-02-24 07:05:00,63357.75,63488.25,63350.35,63463.45,0
2026-02-24 07:10:00,63467.85,63517.85,63458.05,63463.85,0
2026-02-24 07:15:00,63453.45,63453.45,63214.35,63230.05,0
2026-02-24 07:20:00,63230.15,63244.75,62675.05,62694.65,0
2026-02-24 07:25:00,62685.8,62864.85,62685.8,62797.75,0
2026-02-24 07:30:00,62796.05,62971.55,62697.95,62926.05,0
2026-02-24 07:35:00,62932.95,63030.65,62875.65,62934.45,0
2026-02-24 07:40:00,62938.55,62963.75,62868.35,62958.05,0
2026-02-24 07:45:00,62950.6,63031.65,62917.35,62974.05,0
2026-02-24 07:50:00,62972.35,63046.95,62919.65,63044.35,0
2026-02-24 07:55:00,63045.25,63083.85,63014.65,63071.05,0
2026-02-24 08:00:00,63068.95,63097.35,62858.55,62873.45,0
2026-02-24 08:05:00,62877.75,63190.25,62877.75,63186.95,0
2026-02-24 08:10:00,63190.25,63201.35,63063.05,63112.35,0
2026-02-24 08:15:00,63113.35,63215.75,63076.65,63191.35,0
2026-02-24 08:20:00,63194.65,63237.35,63153.05,63235.15,0
2026-02-24 08:25:00,63237.75,63282.75,63142.95,63177.85,0
2026-02-24 08:30:00,63177.15,63291.35,63145.15,63274.65,0
2026-02-24 08:35:00,63276.35,63294.05,63133.15,63208.95,0
2026-02-24 08:40:00,63208.95,63285.45,63196.75,63228.95,0
2026-02-24 08:45:00,63229.3,63229.65,63082.95,63171.75,0
2026-02-24 08:50:00,63172.45,63207.05,62996.65,63011.65,0
2026-02-24 08:55:00,63008.25,63059.65,62915.05,63051.65,0
2026-02-24 09:00:00,63051.35,63135.55,62890.15,62904.65,0
2026-02-24 09:05:00,62908.25,63284.35,62890.95,63284.35,0
2026-02-24 09:10:00,63284.05,63334.75,63205.75,63298.05,0
2026-02-24 09:15:00,63295.25,63315.75,63162.85,63183.65,0
2026-02-24 09:20:00,63184.05,63260.05,63122.65,63225.65,0
2026-02-24 09:25:00,63221.55,63274.05,63173.95,63252.45,0
2026-02-24 09:30:00,63252.45,63281.65,63169.85,63214.25,0
2026-02-24 09:35:00,63203.75,63209.85,63145.45,63179.65,0
2026-02-24 09:40:00,63181.95,63184.05,63046.05,63052.75,0
2026-02-24 09:45:00,63052.75,63065.55,62957.05,62992.55,0
2026-02-24 09:50:00,62997.75,63070.15,62983.05,63025.35,0
2026-02-24 09:55:00,63023.15,63168.75,63014.85,63159.45,0
2026-02-24 10:00:00,63153.95,63153.95,62976.95,63091.15,0
2026-02-24 10:05:00,63086.35,63170.55,63050.45,63164.35,0
2026-02-24 10:10:00,63169.05,63245.15,63169.05,63193.15,0
2026-02-24 10:15:00,63193.15,63215.05,63067.15,63080.55,0
2026-02-24 10:20:00,63078.95,63300.3,63058.85,63289.45,0
2026-02-24 10:25:00,63292.55,63292.55,63191.55,63274.15,0
2026-02-24 10:30:00,63274.15,63393.9,63242.15,63340.75,0
2026-02-24 10:35:00,63340.75,63347.45,63262.55,63332.45,0
2026-02-24 10:40:00,63338.55,63385.65,63304.85,63357.65,0
2026-02-24 10:45:00,63357.65,63407.15,63334.45,63334.45,0
2026-02-24 10:50:00,63333.15,63373.25,63318.15,63373.25,0
2026-02-24 10:55:00,63373.25,63400.95,63336.45,63364.75,0
2026-02-24 11:00:00,63364.75,63388.05,63263.55,63302.25,0
2026-02-24 11:05:00,63306.05,63349.35,63218.55,63228.15,0
2026-02-24 11:10:00,63230.95,63259.85,63189.55,63259.85,0
2026-02-24 11:15:00,63260.85,63280.75,63148.75,63151.85,0
2026-02-24 11:20:00,63153.05,63179.85,63092.25,63122.45,0
2026-02-24 11:25:00,63122.35,63145.45,63070.85,63115.75,0
2026-02-24 11:30:00,63115.05,63158.35,63052.85,63059.65,0
2026-02-24 11:35:00,63062.35,63076.15,62906.65,63028.45,0
2026-02-24 11:40:00,63026.05,63174.45,63026.05,63122.35,0
2026-02-24 11:45:00,63122.35,63131.05,63017.55,63115.35,0
2026-02-24 11:50:00,63121.05,63234.05,63114.45,63190.15,0
2026-02-24 11:55:00,63186.45,63223.25,63145.45,63221.35,0
2026-02-24 12:00:00,63221.35,63221.35,63127.95,63156.75,0
2026-02-24 12:05:00,63159.75,63189.05,63083.65,63162.45,0
2026-02-24 12:10:00,63161.85,63258.15,63129.75,63189.85,0
2026-02-24 12:15:00,63189.85,63245.55,63125.45,63233.75,0
2026-02-24 12:20:00,63233.75,63273.65,63223.25,63231.85,0
2026-02-24 12:25:00,63231.85,63279.85,63231.85,63245.85,0
2026-02-24 12:30:00,63243.95,63275.85,63171.15,63209.65,0
2026-02-24 12:35:00,63206.85,63254.15,63131.15,63146.15,0
2026-02-24 12:40:00,63143.45,63182.85,63114.85,63179.95,0
2026-02-24 12:45:00,63181.4,63197.85,63139.75,63163.75,0
2026-02-24 12:50:00,63163.75,63344.15,63163.75,63280.25,0
2026-02-24 12:55:00,63283.85,63283.85,63229.25,63232.25,0
2026-02-24 13:00:00,63235.65,63275.05,63223.45,63248.55,0
2026-02-24 13:05:00,63244.05,63244.05,63118.75,63133.55,0
2026-02-24 13:10:00,63137.35,63185.85,63122.75,63136.85,0
2026-02-24 13:15:00,63132.55,63174.15,63115.25,63142.45,0
2026-02-24 13:20:00,63137.4,63165.75,63088.05,63104.25,0
2026-02-24 13:25:00,63111.9,63191.75,63096.55,63135.55,0
2026-02-24 13:30:00,63135.55,63145.15,63027.15,63103.25,0
2026-02-24 13:35:00,63098.95,63221.25,63035.55,63218.85,0
2026-02-24 13:40:00,63218.35,63218.35,63151.75,63165.25,0
2026-02-24 13:45:00,63159.65,63203.25,63117.85,63184.75,0
2026-02-24 13:50:00,63189.05,63201.75,63147.45,63171.65,0
2026-02-24 13:55:00,63173.65,63208.55,63152.25,63193.05,0
2026-02-24 14:00:00,63196.15,63205.25,63079.95,63112.45,0
2026-02-24 14:05:00,63112.45,63199.05,63109.95,63177.55,0
2026-02-24 14:10:00,63178.85,63268.45,63178.55,63229.85,0
2026-02-24 14:15:00,63226.85,63280.75,63195.15,63207.95,0
2026-02-24 14:20:00,63210.15,63258.85,63195.15,63248.55,0
2026-02-24 14:25:00,63247.35,63315.95,63237.15,63289.55,0
2026-02-24 14:30:00,63289.5,63309.25,63225.25,63230.65,0
2026-02-24 14:35:00,63226.65,63234.85,63067.75,63070.95,0
2026-02-24 14:40:00,63068.65,63100.45,63055.05,63085.75,0
2026-02-24 14:45:00,63079.55,63090.85,62975.05,62992.85,0
2026-02-24 14:50:00,62992.85,63106.05,62943.35,63024.55,0
2026-02-24 14:55:00,63024.55,63038.65,62934.35,62938.65,0
2026-02-24 15:00:00,62942.05,63032.95,62876.15,62952.95,0
2026-02-24 15:05:00,62951.35,63016.05,62889.95,63000.75,0
2026-02-24 15:10:00,63000.95,63068.75,63000.95,63046.45,0
2026-02-24 15:15:00,63051.95,63073.15,62956.65,63003.15,0
2026-02-24 15:20:00,63001.15,63003.95,62841.15,62898.15,0
2026-02-24 15:25:00,62898.75,62951.85,62853.45,62889.55,0
2026-02-24 15:30:00,62884.95,62923.35,62490.55,62678.35,0
2026-02-24 15:35:00,62675.15,62969.15,62589.75,62936.75,0
2026-02-24 15:40:00,62936.25,63062.55,62892.55,62905.95,0
2026-02-24 15:45:00,62907.55,63009.95,62863.75,62910.95,0
2026-02-24 15:50:00,62916.45,62972.35,62875.05,62949.15,0
2026-02-24 15:55:00,62951.75,62998.05,62874.55,62874.55,0
2026-02-24 16:00:00,62872.25,62905.55,62771.75,62771.75,0
2026-02-24 16:05:00,62777.65,62990.65,62736.85,62885.45,0
2026-02-24 16:10:00,62884.15,62950.65,62842.75,62919.55,0
2026-02-24 16:15:00,62919.75,62960.95,62775.35,62827.95,0
2026-02-24 16:20:00,62830.95,62957.25,62812.05,62928.85,0
2026-02-24 16:25:00,62930.45,63004.45,62901.45,62978.85,0
2026-02-24 16:30:00,62982.8,63034.05,62750.45,62794.75,0
2026-02-24 16:35:00,62796.75,63245.15,62753.15,63149.95,0
2026-02-24 16:40:00,63156.25,63433.25,63102.85,63309.65,0
2026-02-24 16:45:00,63314.05,63631.9,63243.85,63555.45,0
2026-02-24 16:50:00,63559.85,63814.15,63428.25,63630.05,0
2026-02-24 16:55:00,63633.25,63669.85,63387.55,63433.85,0
2026-02-24 17:00:00,63434.8,63466.05,63282.15,63378.75,0
2026-02-24 17:05:00,63377.05,63563.85,63367.15,63495.95,0
2026-02-24 17:10:00,63500.15,63643.85,63465.65,63546.8,0
2026-02-24 17:15:00,63551.65,63801.45,63520.05,63746.35,0
2026-02-24 17:20:00,63746.45,63941.15,63625.15,63862.05,0
2026-02-24 17:25:00,63856.75,63940.75,63711.85,63903.15,0
2026-02-24 17:30:00,63899.25,63962.15,63821.85,63881.25,0
2026-02-24 17:35:00,63883.25,63906.35,63715.05,63750.55,0
2026-02-24 17:40:00,63755.15,63794.05,63637.95,63724.85,0
2026-02-24 17:45:00,63723.65,63855.35,63692.15,63846.55,0
2026-02-24 17:50:00,63845.95,63854.35,63729.75,63828.05,0
2026-02-24 17:55:00,63825.05,64004.75,63825.05,63950.55,0
2026-02-24 18:00:00,63951.5,64399.95,63929.35,64285.75,0
2026-02-24 18:05:00,64276.45,64317.45,64129.0,64170.95,0
2026-02-24 18:10:00,64166.2,64228.35,64003.15,64136.75,0
2026-02-24 18:15:00,64133.65,64193.45,63979.85,64123.05,0
2026-02-24 18:20:00,64122.35,64123.05,63963.6,63991.85,0
2026-02-24 18:25:00,63995.85,64045.75,63850.05,63928.75,0
2026-02-24 18:30:00,63930.15,63947.85,63672.95,63719.95,0
2026-02-24 18:35:00,63719.65,63944.85,63713.95,63920.55,0
2026-02-24 18:40:00,63917.35,64102.95,63912.75,64017.15,0
2026-02-24 18:45:00,64020.15,64035.95,63858.75,63869.45,0
2026-02-24 18:50:00,63867.05,63913.55,63791.25,63886.85,0
2026-02-24 18:55:00,63886.85,64278.05,63878.85,64238.85,0
2026-02-24 19:00:00,64242.25,64290.15,64136.95,64234.35,0
2026-02-24 19:05:00,64237.75,64489.45,64237.75,64406.05,0
2026-02-24 19:10:00,64402.05,64437.95,64294.25,64386.55,0
2026-02-24 19:15:00,64381.75,64381.75,64187.55,64225.95,0
2026-02-24 19:20:00,64225.45,64293.75,64160.05,64252.45,0
2026-02-24 19:25:00,64250.85,64275.25,64096.05,64127.65,0
2026-02-24 19:30:00,64131.25,64178.95,64103.65,64141.55,0
2026-02-24 19:35:00,64143.45,64240.65,64075.45,64205.05,0
2026-02-24 19:40:00,64196.3,64224.75,64076.45,64076.85,0
2026-02-24 19:45:00,64087.95,64185.85,64055.05,64118.95,0
2026-02-24 19:50:00,64114.05,64129.05,64021.75,64082.05,0
2026-02-24 19:55:00,64079.45,64238.75,64057.95,64195.55,0
2026-02-24 20:00:00,64194.55,64382.2,64170.85,64215.85,0
2026-02-24 20:05:00,64210.75,64256.55,64140.95,64174.65,0
2026-02-24 20:10:00,64170.75,64170.75,63905.1,63949.75,0
2026-02-24 20:15:00,63952.15,64212.95,63904.85,64212.95,0
2026-02-24 20:20:00,64215.85,64330.35,64208.05,64259.55,0
2026-02-24 20:25:00,64260.65,64292.35,64230.45,64266.65,0
2026-02-24 20:30:00,64266.95,64367.15,64263.25,64335.75,0
2026-02-24 20:35:00,64335.05,64346.55,64259.95,64345.15,0
2026-02-24 20:40:00,64345.95,64478.15,64313.75,64345.15,0
2026-02-24 20:45:00,64341.9,64457.65,64341.05,64456.25,0
2026-02-24 20:50:00,64456.25,64475.05,64391.35,64446.45,0
2026-02-24 20:55:00,64446.45,64451.35,64338.85,64399.95,0
2026-02-24 21:00:00,64399.95,64589.95,64391.45,64483.55,0
2026-02-24 21:05:00,64488.35,64711.25,64435.85,64533.35,0
2026-02-24 21:10:00,64532.55,64553.25,64239.25,64286.65,0
2026-02-24 21:15:00,64283.85,64333.05,64214.85,64252.35,0
2026-02-24 21:20:00,64248.25,64397.15,64238.25,64349.15,0
2026-02-24 21:25:00,64347.35,64360.05,64261.45,64285.55,0
2026-02-24 21:30:00,64285.05,64390.75,64269.25,64348.55,0
2026-02-24 21:35:00,64351.3,64396.15,64310.05,64395.35,0
2026-02-24 21:40:00,64389.8,64496.35,64385.05,64438.55,0
2026-02-24 21:45:00,64443.05,64459.85,64417.85,64426.15,0
2026-02-24 21:50:00,64428.45,64462.05,64354.95,64379.15,0
2026-02-24 21:55:00,64379.15,64454.15,64379.15,64409.15,0
2026-02-24 22:00:00,64409.15,64434.45,64350.55,64410.75,0
2026-02-24 22:05:00,64414.25,64458.35,64286.15,64292.55,0
2026-02-24 22:10:00,64292.55,64398.55,64292.55,64366.05,0
2026-02-24 22:15:00,64363.75,64480.65,64363.15,64406.55,0
2026-02-24 22:20:00,64409.15,64465.25,64404.35,64458.45,0
2026-02-24 22:25:00,64458.45,64481.25,64429.95,64440.95,0
2026-02-24 22:30:00,64438.25,64557.85,64355.85,64474.65,0
2026-02-24 22:35:00,64474.65,64497.85,64437.85,64450.35,0
2026-02-24 22:40:00,64451.35,64474.55,64423.45,64469.95,0
2026-02-24 22:45:00,64468.75,64491.15,64360.95,64364.85,0
2026-02-24 22:50:00,64368.75,64488.05,64368.75,64409.75,0
2026-02-24 22:55:00,64403.15,64456.65,64382.45,64436.25,0
2026-02-24 23:00:00,64422.85,64434.05,64102.55,64137.65,0
2026-02-24 23:05:00,64139.65,64222.25,64139.15,64203.75,0
2026-02-24 23:10:00,64201.85,64229.35,64151.55,64210.55,0
2026-02-24 23:15:00,64211.05,64213.15,63911.55,63998.55,0
2026-02-24 23:20:00,64002.05,64050.55,63981.95,64050.35,0
2026-02-24 23:25:00,64050.35,64057.45,63806.85,63890.65,0
2026-02-24 23:30:00,63892.55,63934.85,63841.55,63874.95,0
2026-02-24 23:35:00,63874.95,64041.25,63864.7,63985.15,0
2026-02-24 23:40:00,63981.95,63999.75,63981.05,63986.75,0
2026-02-24 23:45:00,63987.05,64055.05,63986.75,63997.55,0
2026-02-24 23:50:00,63995.85,64009.75,63957.45,63989.05,0
2026-02-24 23:55:00,63988.25,64064.55,63987.25,64012.45,0
2026-02-25 00:00:00,64010.05,64174.95,63943.45,64174.25,0
2026-02-25 00:05:00,64171.95,64195.65,64077.15,64149.45,0
2026-02-25 00:10:00,64149.45,64203.25,64125.65,64191.95,0
2026-02-25 00:15:00,64191.95,64191.95,64093.35,64108.45,0
2026-02-25 00:20:00,64108.45,64156.95,64108.45,64117.95,0
2026-02-25 00:25:00,64114.85,64139.15,64057.65,64115.35,0
2026-02-25 00:30:00,64116.45,64120.35,64045.85,64111.25,0
2026-02-25 00:35:00,64111.25,64161.85,64061.25,64107.95,0
2026-02-25 00:40:00,64106.55,64126.75,64045.95,64065.35,0
2026-02-25 00:45:00,64064.25,64120.05,64063.1,64076.25,0
2026-02-25 00:50:00,64070.75,64070.75,63963.35,63992.15,0
2026-02-25 00:55:00,63992.15,64104.95,63992.15,64091.65,0
2026-02-25 01:00:00,64094.55,64118.65,63977.15,63977.15,0
2026-02-25 01:05:00,63977.15,63977.15,63822.35,63841.75,0
2026-02-25 01:10:00,63841.75,64060.55,63841.75,64043.05,0
2026-02-25 01:15:00,64043.05,64086.35,64040.35,64077.85,0
2026-02-25 01:20:00,64080.65,64182.25,64070.65,64099.05,0
2026-02-25 01:25:00,64099.45,64171.35,64095.45,64158.65,0
2026-02-25 01:30:00,64155.75,64188.35,64102.95,64132.45,0
2026-02-25 01:35:00,64132.45,64222.05,64132.45,64201.45,0
2026-02-25 01:40:00,64201.45,64210.05,64108.25,64114.55,0
2026-02-25 01:45:00,64114.95,64119.25,64057.65,64058.35,0
2026-02-25 01:50:00,64058.35,64083.05,64000.55,64009.75,0
2026-02-25 01:55:00,64009.75,64057.55,64000.55,64037.55,0
2026-02-25 02:00:00,64040.65,64056.65,63986.25,64019.25,0
2026-02-25 02:05:00,64018.65,64053.75,63974.25,63974.25,0
2026-02-25 02:10:00,63974.25,64010.55,63884.45,63888.05,0
2026-02-25 02:15:00,63888.05,64034.05,63888.05,64011.75,0
2026-02-25 02:20:00,64011.75,64015.25,63942.25,64011.75,0
2026-02-25 02:25:00,64011.75,64034.35,63920.55,63936.95,0
2026-02-25 02:30:00,63941.35,64037.75,63937.35,64012.85,0
2026-02-25 02:35:00,64014.85,64156.85,64014.85,64150.55,0
2026-02-25 02:40:00,64150.55,64244.95,64069.25,64223.55,0
2026-02-25 02:45:00,64221.1,64222.05,64109.95,64190.25,0
2026-02-25 02:50:00,64190.25,64266.55,64190.25,64254.15,0
2026-02-25 02:55:00,64254.15,64293.45,64180.25,64194.95,0
2026-02-25 03:00:00,64193.55,64298.25,64120.75,64262.35,0
2026-02-25 03:05:00,64264.85,64433.95,64252.25,64396.05,0
2026-02-25 03:10:00,64394.15,65914.95,64379.65,65579.15,0
2026-02-25 03:15:00,65570.9,65995.8,65390.85,65854.25,0
2026-02-25 03:20:00,65849.85,66274.95,65751.05,66020.95,0
2026-02-25 03:25:00,66019.05,66213.65,65916.85,65927.15,0
2026-02-25 03:30:00,65921.85,66107.65,65921.85,65985.55,0
2026-02-25 03:35:00,65986.75,66257.55,65954.55,66120.55,0
2026-02-25 03:40:00,66127.55,66155.75,65759.95,65785.05,0
2026-02-25 03:45:00,65788.85,66031.35,65761.55,66007.55,0
2026-02-25 03:50:00,66008.05,66021.85,65806.85,65869.75,0
2026-02-25 03:55:00,65872.85,65964.75,65817.35,65869.65,0
2026-02-25 04:00:00,65867.55,66117.35,65860.55,65916.45,0
2026-02-25 04:05:00,65910.95,66282.25,65886.95,66056.85,0
2026-02-25 04:10:00,66056.4,66257.05,66006.55,66208.45,0
2026-02-25 04:15:00,66210.05,66240.75,66072.85,66116.65,0
2026-02-25 04:20:00,66113.3,66182.75,66060.45,66062.05,0
2026-02-25 04:25:00,66064.75,66167.35,66015.65,66090.95,0
2026-02-25 04:30:00,66088.95,66153.25,65924.05,65928.25,0
2026-02-25 04:35:00,65931.95,66012.65,65927.75,65936.55,0
2026-02-25 04:40:00,65933.9,65945.35,65867.45,65914.25,0
2026-02-25 04:45:00,65916.05,65959.65,65905.15,65951.85,0
2026-02-25 04:50:00,65948.25,66000.05,65877.45,65922.75,0
2026-02-25 04:55:00,65925.25,65941.25,65838.85,65860.45,0
2026-02-25 05:00:00,65864.65,65926.45,65782.35,65852.45,0
2026-02-25 05:05:00,65855.95,65931.45,65803.85,65854.45,0
2026-02-25 05:10:00,65850.95,65883.35,65793.45,65811.75,0
2026-02-25 05:15:00,65814.2,65823.15,65523.85,65551.0,0
2026-02-25 05:20:00,65551.25,65676.55,65473.65,65522.05,0
2026-02-25 05:25:00,65527.05,65633.55,65521.95,65564.45,0
2026-02-25 05:30:00,65563.35,65616.45,65478.45,65512.45,0
2026-02-25 05:35:00,65515.65,65554.45,65351.85,65461.45,0
2026-02-25 05:40:00,65451.25,65465.95,65381.15,65434.65,0
2026-02-25 05:45:00,65434.65,65529.25,65341.95,65380.45,0
2026-02-25 05:50:00,65377.15,65487.65,65319.15,65404.95,0
2026-02-25 05:55:00,65401.8,65434.45,65361.65,65369.55,0
2026-02-25 06:00:00,65375.65,65388.65,65107.35,65279.35,0
2026-02-25 06:05:00,65281.85,65355.75,65260.45,65297.15,0
2026-02-25 06:10:00,65295.65,65512.55,65267.35,65414.25,0
2026-02-25 06:15:00,65417.55,65534.15,65324.85,65465.05,0
2026-02-25 06:20:00,65467.95,65602.55,65466.7,65555.35,0
2026-02-25 06:25:00,65556.45,65571.95,65498.75,65571.95,0
2026-02-25 06:30:00,65572.35,65605.85,65553.05,65568.75,0
2026-02-25 06:35:00,65568.75,65592.85,65512.25,65592.85,0
2026-02-25 06:40:00,65597.15,65631.05,65581.95,65613.55,0
2026-02-25 06:45:00,65615.65,65616.35,65508.35,65533.85,0
2026-02-25 06:50:00,65533.85,65533.85,65426.65,65443.05,0
2026-02-25 06:55:00,65443.05,65451.95,65392.15,65441.55,0
2026-02-25 07:00:00,65442.85,65449.25,65370.95,65437.75,0
2026-02-25 07:05:00,65436.75,65492.35,65423.95,65447.25,0
2026-02-25 07:10:00,65446.35,65446.35,65287.65,65316.05,0
2026-02-25 07:15:00,65311.95,65361.05,65295.15,65295.15,0
2026-02-25 07:20:00,65293.15,65302.15,65146.65,65175.05,0
2026-02-25 07:25:00,65176.55,65234.85,65152.15,65178.35,0
2026-02-25 07:30:00,65176.25,65216.75,64984.75,65013.05,0
2026-02-25 07:35:00,65013.05,65030.45,64800.95,64888.05,0
2026-02-25 07:40:00,64891.05,64892.25,64736.65,64819.05,0
2026-02-25 07:45:00,64819.85,64942.85,64743.05,64917.05,0
2026-02-25 07:50:00,64909.45,64972.95,64891.05,64902.25,0
2026-02-25 07:55:00,64900.55,64913.65,64820.35,64857.55,0
2026-02-25 08:00:00,64859.25,64972.35,64857.55,64965.95,0
2026-02-25 08:05:00,64967.95,64992.75,64897.15,64975.85,0
2026-02-25 08:10:00,64978.55,64995.3,64942.65,64969.25,0
2026-02-25 08:15:00,64968.45,64978.25,64879.95,64978.25,0
2026-02-25 08:20:00,64980.05,65101.55,64965.95,65064.95,0
2026-02-25 08:25:00,65064.75,65081.05,65003.55,65003.55,0
2026-02-25 08:30:00,65000.75,65089.45,64958.55,65050.15,0
2026-02-25 08:35:00,65050.35,65097.2,65004.85,65072.95,0
2026-02-25 08:40:00,65071.05,65096.15,65059.85,65071.65,0
2026-02-25 08:45:00,65070.25,65076.15,65011.65,65011.65,0
2026-02-25 08:50:00,65011.45,65011.45,64877.15,64883.55,0
2026-02-25 08:55:00,64883.55,64893.75,64837.25,64872.65,0
2026-02-25 09:00:00,64872.65,64920.75,64820.85,64863.25,0
2026-02-25 09:05:00,64863.7,64942.25,64755.35,64942.25,0
2026-02-25 09:10:00,64944.05,65056.45,64902.85,65003.85,0
2026-02-25 09:15:00,65003.65,65169.95,64978.95,65097.15,0
2026-02-25 09:20:00,65097.15,65097.15,65010.35,65028.85,0
2026-02-25 09:25:00,65028.85,65102.25,64994.75,65088.65,0
2026-02-25 09:30:00,65088.65,65166.45,65084.65,65122.25,0
2026-02-25 09:35:00,65122.25,65122.25,64995.05,64998.55,0
2026-02-25 09:40:00,64999.45,65024.45,64858.85,64916.45,0
2026-02-25 09:45:00,64916.45,64955.75,64904.15,64938.75,0
2026-02-25 09:50:00,64941.95,65011.85,64941.95,65000.75,0
2026-02-25 09:55:00,64998.35,65018.45,64976.15,64998.05,0
2026-02-25 10:00:00,64998.95,65036.15,64935.95,64969.15,0
2026-02-25 10:05:00,64969.15,65064.65,64969.15,65004.75,0
2026-02-25 10:10:00,65004.75,65004.75,64961.05,65003.35,0
2026-02-25 10:15:00,65003.35,65108.85,64985.15,65067.55,0
2026-02-25 10:20:00,65070.1,65227.95,65059.65,65208.15,0
2026-02-25 10:25:00,65209.55,65220.25,65156.85,65172.05,0
2026-02-25 10:30:00,65172.05,65291.15,65167.45,65291.15,0
2026-02-25 10:35:00,65287.55,65440.95,65246.05,65393.75,0
2026-02-25 10:40:00,65390.45,65440.75,65360.15,65390.75,0
2026-02-25 10:45:00,65390.75,65479.55,65343.35,65401.85,0
2026-02-25 10:50:00,65405.55,65558.25,65375.65,65554.95,0
2026-02-25 10:55:00,65551.75,65554.95,65462.35,65500.75,0
2026-02-25 11:00:00,65497.45,65592.05,65456.95,65565.15,0
2026-02-25 11:05:00,65565.15,65569.25,65431.35,65509.55,0
2026-02-25 11:10:00,65515.05,65674.2,65491.95,65527.35,0
2026-02-25 11:15:00,65527.35,65551.85,65489.65,65551.85,0
2026-02-25 11:20:00,65551.2,65614.45,65502.15,65540.35,0
2026-02-25 11:25:00,65540.05,65540.05,65483.15,65538.85,0
2026-02-25 11:30:00,65538.85,65541.55,65459.95,65495.05,0
2026-02-25 11:35:00,65496.95,65501.55,65413.35,65439.15,0
2026-02-25 11:40:00,65440.05,65456.15,65393.95,65438.75,0
2026-02-25 11:45:00,65436.45,65520.15,65431.75,65508.15,0
2026-02-25 11:50:00,65508.15,65541.15,65503.95,65528.65,0
2026-02-25 11:55:00,65528.65,65550.85,65505.05,65531.85,0
2026-02-25 12:00:00,65531.85,65589.95,65451.15,65496.35,0
2026-02-25 12:05:00,65502.45,65533.35,65449.05,65526.15,0
2026-02-25 12:10:00,65526.15,65544.15,65456.85,65543.25,0
2026-02-25 12:15:00,65544.75,65624.95,65455.15,65476.15,0
2026-02-25 12:20:00,65474.6,65474.6,65368.25,65368.25,0
2026-02-25 12:25:00,65365.45,65392.65,65338.45,65347.55,0
2026-02-25 12:30:00,65345.65,65375.45,65318.75,65354.25,0
2026-02-25 12:35:00,65354.25,65403.55,65340.55,65381.75,0
2026-02-25 12:40:00,65381.75,65399.15,65365.75,65399.15,0
2026-02-25 12:45:00,65399.15,65492.85,65367.95,65459.35,0
2026-02-25 12:50:00,65455.85,65466.45,65378.05,65382.25,0
2026-02-25 12:55:00,65382.25,65397.05,65343.35,65379.65,0
2026-02-25 13:00:00,65379.65,65379.65,65298.15,65323.05,0
2026-02-25 13:05:00,65323.05,65329.45,65180.35,65275.25,0
2026-02-25 13:10:00,65275.25,65324.95,65219.05,65219.05,0
2026-02-25 13:15:00,65217.25,65242.15,65175.95,65180.15,0
2026-02-25 13:20:00,65179.45,65371.95,65179.45,65307.15,0
2026-02-25 13:25:00,65312.65,65358.25,65311.05,65331.75,0
2026-02-25 13:30:00,65331.75,65361.25,65305.85,65331.55,0
2026-02-25 13:35:00,65331.55,65445.95,65327.35,65445.95,0
2026-02-25 13:40:00,65442.85,65462.95,65362.75,65413.15,0
2026-02-25 13:45:00,65407.85,65407.85,65369.85,65373.15,0
2026-02-25 13:50:00,65371.95,65399.45,65359.15,65395.05,0
2026-02-25 13:55:00,65395.05,65430.05,65347.15,65401.85,0
2026-02-25 14:00:00,65399.35,65502.55,65377.75,65390.05,0
2026-02-25 14:05:00,65390.05,65460.35,65296.65,65444.45,0
2026-02-25 14:10:00,65449.25,65490.05,65449.25,65471.05,0
2026-02-25 14:15:00,65472.25,65746.25,65462.55,65691.95,0
2026-02-25 14:20:00,65686.35,65909.15,65674.95,65747.95,0
2026-02-25 14:25:00,65781.75,65790.85,65726.65,65750.65,0
2026-02-25 14:30:00,65750.2,65850.85,65723.35,65769.15,0
2026-02-25 14:35:00,65773.0,65858.75,65723.75,65745.05,0
2026-02-25 14:40:00,65745.35,65829.75,65745.35,65810.75,0
2026-02-25 14:45:00,65810.75,65991.45,65793.35,65991.45,0
2026-02-25 14:50:00,65988.55,66215.95,65975.25,66112.65,0
2026-02-25 14:55:00,66106.05,66132.45,65970.05,66044.95,0
2026-02-25 15:00:00,66049.75,66238.45,66010.45,66096.25,0
2026-02-25 15:05:00,66097.75,66258.05,66057.25,66085.05,0
2026-02-25 15:10:00,66087.55,66119.35,66024.15,66029.15,0
2026-02-25 15:15:00,66024.95,66115.05,66001.05,66071.85,0
2026-02-25 15:20:00,66071.85,66115.95,65994.65,66076.55,0
2026-02-25 15:25:00,66081.05,66222.85,66072.15,66153.45,0
2026-02-25 15:30:00,66154.75,66183.05,66116.45,66152.15,0
2026-02-25 15:35:00,66152.15,66279.35,66131.65,66231.85,0
2026-02-25 15:40:00,66235.15,66386.45,66235.15,66284.85,0
2026-02-25 15:45:00,66283.15,66649.55,66278.45,66617.75,0
2026-02-25 15:50:00,66615.55,66615.55,66272.45,66272.55,0
2026-02-25 15:55:00,66277.25,66305.15,66202.05,66218.05,0
2026-02-25 16:00:00,66219.15,66291.05,66186.75,66272.05,0
2026-02-25 16:05:00,66272.05,66447.55,66272.05,66402.35,0
2026-02-25 16:10:00,66408.75,66462.15,66390.95,66451.05,0
2026-02-25 16:15:00,66450.95,66555.75,66395.95,66464.05,0
2026-02-25 16:20:00,66457.25,66554.85,66457.25,66534.45,0
2026-02-25 16:25:00,66533.15,66591.65,66504.45,66552.05,0
2026-02-25 16:30:00,66550.55,66762.05,66428.45,66517.15,0
2026-02-25 16:35:00,66517.75,66567.75,66220.55,66236.4,0
2026-02-25 16:40:00,66222.45,66458.15,66183.55,66228.55,0
2026-02-25 16:45:00,66226.35,66854.45,66222.15,66757.65,0
2026-02-25 16:50:00,66756.65,66886.95,66634.35,66672.45,0
2026-02-25 16:55:00,66674.15,66987.95,66664.75,66944.95,0
2026-02-25 17:00:00,66942.65,67217.95,66926.85,67081.85,0
2026-02-25 17:05:00,67077.8,67088.35,66753.35,66799.35,0
2026-02-25 17:10:00,66803.05,66857.75,66743.55,66818.15,0
2026-02-25 17:15:00,66820.25,66990.15,66785.75,66820.25,0
2026-02-25 17:20:00,66823.25,66848.85,66687.95,66835.85,0
2026-02-25 17:25:00,66836.95,67043.75,66819.35,67043.75,0
2026-02-25 17:30:00,67044.65,67371.35,66929.35,67212.05,0
2026-02-25 17:35:00,67213.05,67447.75,67213.05,67287.85,0
2026-02-25 17:40:00,67289.75,67506.75,67260.55,67484.55,0
2026-02-25 17:45:00,67482.45,67552.95,67392.55,67482.05,0
2026-02-25 17:50:00,67483.85,67497.75,67279.25,67302.95,0
2026-02-25 17:55:00,67307.45,67399.85,67190.35,67378.25,0
2026-02-25 18:00:00,67382.05,67500.15,67375.05,67421.45,0
2026-02-25 18:05:00,67414.85,67639.85,67371.65,67452.85,0
2026-02-25 18:10:00,67458.75,67751.7,67453.55,67577.25,0
2026-02-25 18:15:00,67577.5,67855.65,67552.75,67805.35,0
2026-02-25 18:20:00,67806.75,67987.25,67731.45,67982.25,0
2026-02-25 18:25:00,67980.05,68049.65,67787.45,67843.55,0
2026-02-25 18:30:00,67844.35,67961.45,67787.95,67830.05,0
2026-02-25 18:35:00,67828.45,67974.95,67825.55,67856.35,0
2026-02-25 18:40:00,67858.85,67962.35,67849.45,67924.95,0
2026-02-25 18:45:00,67930.45,68099.45,67930.45,68077.65,0
2026-02-25 18:50:00,68075.75,68095.75,67969.75,68006.25,0
2026-02-25 18:55:00,68007.05,68304.5,67977.95,68272.25,0
2026-02-25 19:00:00,68271.7,68466.95,68145.65,68167.15,0
2026-02-25 19:05:00,68166.35,68274.95,67996.45,68260.35,0
2026-02-25 19:10:00,68264.35,68621.55,68258.35,68486.15,0
2026-02-25 19:15:00,68479.65,68577.35,68248.65,68264.05,0
2026-02-25 19:20:00,68269.45,68641.75,68269.45,68633.85,0
2026-02-25 19:25:00,68630.35,68664.85,68491.75,68543.65,0
2026-02-25 19:30:00,68545.65,68638.15,68375.05,68478.95,0
2026-02-25 19:35:00,68479.35,68657.25,68474.45,68559.75,0
2026-02-25 19:40:00,68560.85,68747.25,68531.65,68744.95,0
2026-02-25 19:45:00,68747.05,68824.4,68634.65,68721.15,0
2026-02-25 19:50:00,68725.15,68854.75,68660.75,68703.15,0
2026-02-25 19:55:00,68705.45,68716.15,68563.95,68640.95,0
2026-02-25 20:00:00,68638.45,68693.05,68349.55,68412.15,0
2026-02-25 20:05:00,68408.55,68723.85,68403.85,68720.65,0
2026-02-25 20:10:00,68718.75,68894.45,68697.1,68843.25,0
2026-02-25 20:15:00,68838.05,68954.25,68686.45,68790.55,0
2026-02-25 20:20:00,68790.55,69046.95,68775.05,68912.05,0
2026-02-25 20:25:00,68915.45,69427.15,68893.65,69315.35,0
2026-02-25 20:30:00,69318.25,69406.25,69175.05,69284.45,0
2026-02-25 20:35:00,69288.05,69492.45,69288.05,69417.55,0
2026-02-25 20:40:00,69419.45,69528.95,69365.75,69444.75,0
2026-02-25 20:45:00,69450.45,69480.75,69254.85,69273.35,0
2026-02-25 20:50:00,69274.85,69465.25,69237.55,69282.85,0
2026-02-25 20:55:00,69286.05,69359.95,69257.65,69298.75,0
2026-02-25 21:00:00,69301.55,69379.05,69031.65,69110.95,0
2026-02-25 21:05:00,69106.45,69189.85,68952.45,69015.05,0
2026-02-25 21:10:00,69010.55,69029.85,68753.65,68890.35,0
2026-02-25 21:15:00,68893.75,68977.85,68828.95,68857.55,0
2026-02-25 21:20:00,68864.55,69126.95,68864.55,69082.35,0
2026-02-25 21:25:00,69080.25,69080.25,68877.25,68948.65,0
2026-02-25 21:30:00,68949.45,68979.85,68758.05,68785.95,0
2026-02-25 21:35:00,68784.65,68904.95,68779.15,68828.85,0
2026-02-25 21:40:00,68824.35,68881.35,68785.35,68860.65,0
2026-02-25 21:45:00,68862.05,69042.05,68814.25,69042.05,0
2026-02-25 21:50:00,69040.95,69061.45,68943.05,69016.05,0
2026-02-25 21:55:00,69008.35,69056.55,68961.45,69002.95,0
2026-02-25 22:00:00,69004.65,69063.65,68867.55,68897.65,0
2026-02-25 22:05:00,68898.95,68942.95,68857.25,68883.55,0
2026-02-25 22:10:00,68888.05,68898.25,68592.25,68614.65,0
2026-02-25 22:15:00,68614.65,68744.55,68614.65,68736.05,0
2026-02-25 22:20:00,68738.55,68791.85,68691.85,68742.05,0
2026-02-25 22:25:00,68741.8,68839.75,68735.55,68769.85,0
2026-02-25 22:30:00,68770.95,69174.95,68744.05,69128.15,0
2026-02-25 22:35:00,69124.85,69124.85,68972.25,69064.15,0
2026-02-25 22:40:00,69067.25,69138.55,69055.15,69096.35,0
2026-02-25 22:45:00,69096.35,69345.55,69077.85,69226.05,0
2026-02-25 22:50:00,69219.55,69328.95,69122.85,69194.35,0
2026-02-25 22:55:00,69188.85,69235.45,69087.3,69120.8,0
2026-02-25 23:00:00,69119.35,69189.95,69035.05,69112.85,0
2026-02-25 23:05:00,69115.95,69200.85,69087.85,69150.05,0
2026-02-25 23:10:00,69150.05,69150.05,68912.55,68960.15,0
2026-02-25 23:15:00,68960.15,69042.85,68909.05,68953.65,0
2026-02-25 23:20:00,68952.6,69031.35,68910.65,69003.75,0
2026-02-25 23:25:00,69003.55,69004.65,68771.4,68775.65,0
2026-02-25 23:30:00,68761.8,69243.15,68740.9,69243.15,0
2026-02-25 23:35:00,69236.65,69975.95,69198.25,69358.95,0
2026-02-25 23:40:00,69365.75,69422.95,69111.25,69194.65,0
2026-02-25 23:45:00,69191.05,69191.65,68787.55,68982.15,0
2026-02-25 23:50:00,68980.65,69099.85,68914.45,68962.75,0
2026-02-25 23:55:00,68967.65,69003.85,68783.65,68886.05,0
2026-02-26 00:00:00,68886.45,69068.45,68849.35,69018.25,0
2026-02-26 00:05:00,69014.65,69022.05,68912.85,68997.75,0
2026-02-26 00:10:00,68998.45,69155.25,68998.45,69052.05,0
2026-02-26 00:15:00,69045.65,69063.75,68838.65,68904.05,0
2026-02-26 00:20:00,68901.45,68905.65,68834.85,68882.25,0
2026-02-26 00:25:00,68881.75,68895.55,68801.55,68849.05,0
2026-02-26 00:30:00,68845.55,68877.15,68718.25,68795.65,0
2026-02-26 00:35:00,68788.95,68851.75,68601.75,68639.95,0
2026-02-26 00:40:00,68635.05,68635.05,68255.05,68394.15,0
2026-02-26 00:45:00,68394.65,68492.1,68384.75,68411.15,0
2026-02-26 00:50:00,68409.55,68409.55,68025.05,68105.45,0
2026-02-26 00:55:00,68106.85,68462.05,68100.95,68413.45,0
2026-02-26 01:00:00,68407.45,68440.85,68188.25,68356.35,0
2026-02-26 01:05:00,68358.35,68664.85,68317.65,68561.15,0
2026-02-26 01:10:00,68565.65,68584.05,68459.05,68491.05,0
2026-02-26 01:15:00,68490.35,68497.45,68280.85,68280.85,0
2026-02-26 01:20:00,68282.75,68317.85,68240.05,68275.85,0
2026-02-26 01:25:00,68278.75,68339.35,68244.65,68244.65,0
2026-02-26 01:30:00,68244.55,68269.15,68049.15,68104.05,0
2026-02-26 01:35:00,68102.45,68247.25,67949.05,67998.85,0
2026-02-26 01:40:00,67992.75,68007.85,67577.65,67673.95,0
2026-02-26 01:45:00,67669.35,67782.35,67613.25,67681.55,0
2026-02-26 01:50:00,67684.35,67972.55,67680.55,67935.85,0
2026-02-26 01:55:00,67934.85,67969.55,67887.45,67958.95,0
2026-02-26 02:00:00,67954.3,67956.45,67699.05,67770.05,0
2026-02-26 02:05:00,67771.05,68079.95,67764.35,68070.85,0
2026-02-26 02:10:00,68067.0,68142.45,67975.05,68128.85,0
2026-02-26 02:15:00,68129.45,68291.35,68087.15,68154.75,0
2026-02-26 02:20:00,68158.75,68421.45,68151.25,68352.75,0
2026-02-26 02:25:00,68349.7,68370.45,68249.45,68256.65,0
2026-02-26 02:30:00,68255.55,68472.35,68235.05,68455.55,0
2026-02-26 02:35:00,68461.35,68511.45,68126.65,68131.55,0
2026-02-26 02:40:00,68132.65,68204.85,67943.05,68177.85,0
2026-02-26 02:45:00,68182.75,68235.35,68121.55,68194.15,0
2026-02-26 02:50:00,68194.8,68318.35,68093.05,68297.15,0
2026-02-26 02:55:00,68291.15,68348.85,68238.65,68305.45,0
2026-02-26 03:00:00,68303.65,68472.35,68185.05,68449.15,0
2026-02-26 03:05:00,68456.45,68674.95,68366.05,68528.65,0
2026-02-26 03:10:00,68526.35,68574.15,68465.45,68538.85,0
2026-02-26 03:15:00,68537.8,68571.55,68432.15,68491.65,0
2026-02-26 03:20:00,68494.75,68513.25,68415.95,68503.25,0
2026-02-26 03:25:00,68503.55,68511.55,68333.85,68358.25,0
2026-02-26 03:30:00,68355.65,68355.65,68197.65,68300.85,0
2026-02-26 03:35:00,68300.15,68380.95,68284.95,68339.45,0
2026-02-26 03:40:00,68337.75,68522.75,68311.55,68314.85,0
2026-02-26 03:45:00,68317.65,68370.25,68255.05,68329.75,0
2026-02-26 03:50:00,68329.75,68359.55,68195.65,68208.25,0
2026-02-26 03:55:00,68209.05,68289.25,68196.35,68219.95,0
2026-02-26 04:00:00,68219.95,68237.45,67913.05,67955.45,0
2026-02-26 04:05:00,67961.25,67993.55,67897.35,67987.95,0
2026-02-26 04:10:00,67990.15,67990.15,67780.45,67838.25,0
2026-02-26 04:15:00,67840.75,68126.15,67840.75,68001.65,0
2026-02-26 04:20:00,68004.85,68034.55,67910.95,67910.95,0
2026-02-26 04:25:00,67912.15,67973.65,67860.95,67918.15,0
2026-02-26 04:30:00,67918.85,68089.75,67918.85,67997.35,0
2026-02-26 04:35:00,67997.35,68050.75,67914.65,67957.95,0
2026-02-26 04:40:00,67957.95,68178.35,67911.25,68158.35,0
2026-02-26 04:45:00,68159.55,68226.95,68077.55,68101.05,0
2026-02-26 04:50:00,68100.95,68250.15,68097.65,68209.05,0
2026-02-26 04:55:00,68205.45,68328.85,68180.95,68234.45,0
2026-02-26 05:00:00,68239.45,68361.65,68190.65,68262.75,0
2026-02-26 05:05:00,68261.75,68261.75,68026.95,68039.45,0
2026-02-26 05:10:00,68039.45,68126.25,68029.35,68118.75,0
2026-02-26 05:15:00,68118.75,68157.15,68081.25,68129.35,0
2026-02-26 05:20:00,68108.25,68117.75,68052.15,68057.05,0
2026-02-26 05:25:00,68057.05,68129.35,68057.05,68069.95,0
2026-02-26 05:30:00,68066.55,68261.75,68020.85,68242.05,0
2026-02-26 05:35:00,68242.05,68242.05,68103.55,68103.55,0
2026-02-26 05:40:00,68101.75,68248.15,68096.65,68207.55,0
2026-02-26 05:45:00,68205.65,68297.05,68202.35,68259.35,0
2026-02-26 05:50:00,68259.35,68282.45,68167.85,68173.85,0
2026-02-26 05:55:00,68175.35,68206.05,68152.55,68192.35,0
2026-02-26 06:00:00,68192.35,68251.05,68159.45,68248.75,0
2026-02-26 06:05:00,68248.75,68429.35,68246.25,68413.15,0
2026-02-26 06:10:00,68409.35,68583.95,68406.45,68499.45,0
2026-02-26 06:15:00,68500.55,68668.35,68497.15,68583.45,0
2026-02-26 06:20:00,68581.5,68581.5,68390.85,68501.05,0
2026-02-26 06:25:00,68500.55,68584.95,68492.25,68535.75,0
2026-02-26 06:30:00,68533.85,68799.95,68524.85,68711.45,0
2026-02-26 06:35:00,68713.55,68830.35,68656.55,68707.95,0
2026-02-26 06:40:00,68706.25,68830.35,68658.35,68703.05,0
2026-02-26 06:45:00,68703.25,68713.85,68636.45,68663.05,0
2026-02-26 06:50:00,68661.45,68661.45,68587.05,68634.05,0
2026-02-26 06:55:00,68632.7,68632.7,68539.75,68543.25,0
2026-02-26 07:00:00,68542.05,68544.45,68408.85,68463.05,0
2026-02-26 07:05:00,68461.65,68461.65,68237.2,68311.15,0
2026-02-26 07:10:00,68314.55,68329.25,68207.75,68281.95,0
2026-02-26 07:15:00,68278.85,68304.65,68100.25,68242.75,0
2026-02-26 07:20:00,68238.0,68362.25,68196.25,68328.95,0
2026-02-26 07:25:00,68327.75,68386.05,68306.35,68327.45,0
2026-02-26 07:30:00,68326.25,68402.75,68234.65,68375.85,0
2026-02-26 07:35:00,68372.65,68372.65,68261.35,68341.85,0
2026-02-26 07:40:00,68341.85,68420.45,68318.55,68387.85,0
2026-02-26 07:45:00,68386.2,68475.15,68321.15,68423.95,0
2026-02-26 07:50:00,68423.95,68432.65,68354.55,68385.25,0
2026-02-26 07:55:00,68385.75,68426.45,68361.45,68421.75,0
2026-02-26 08:00:00,68417.65,68417.65,68265.95,68307.25,0
2026-02-26 08:05:00,68307.65,68504.15,68307.65,68408.65,0
2026-02-26 08:10:00,68408.65,68484.95,68401.95,68441.45,0
2026-02-26 08:15:00,68440.3,68440.3,68277.65,68309.35,0
2026-02-26 08:20:00,68311.25,68393.35,68291.55,68361.45,0
2026-02-26 08:25:00,68364.85,68365.15,68225.05,68225.05,0
2026-02-26 08:30:00,68222.05,68236.05,68096.05,68202.55,0
2026-02-26 08:35:00,68202.55,68210.35,68121.85,68199.55,0
2026-02-26 08:40:00,68199.1,68207.55,68104.25,68104.25,0
2026-02-26 08:45:00,68104.25,68147.15,68034.65,68110.05,0
2026-02-26 08:50:00,68110.75,68204.15,68105.55,68109.55,0
2026-02-26 08:55:00,68109.55,68174.55,68109.55,68154.45,0
2026-02-26 09:00:00,68154.45,68234.65,68137.45,68206.95,0
2026-02-26 09:05:00,68206.95,68235.55,68153.25,68215.75,0
2026-02-26 09:10:00,68213.95,68247.45,68168.65,68206.15,0
2026-02-26 09:15:00,68206.15,68220.75,68103.95,68103.95,0
2026-02-26 09:20:00,68102.85,68272.25,68069.45,68171.45,0
2026-02-26 09:25:00,68171.45,68194.55,68117.85,68151.65,0
2026-02-26 09:30:00,68149.25,68170.45,68068.05,68082.95,0
2026-02-26 09:35:00,68085.45,68124.85,68007.25,68038.35,0
2026-02-26 09:40:00,68041.25,68062.85,67963.35,67966.95,0
2026-02-26 09:45:00,67965.4,67987.85,67917.25,67963.65,0
2026-02-26 09:50:00,67963.65,67970.35,67794.85,67847.25,0
2026-02-26 09:55:00,67847.25,67871.55,67793.15,67794.15,0
2026-02-26 10:00:00,67797.55,67899.85,67759.95,67850.15,0
2026-02-26 10:05:00,67851.25,67909.15,67824.25,67859.15,0
2026-02-26 10:10:00,67859.25,68023.65,67854.55,68017.55,0
2026-02-26 10:15:00,68016.85,68073.15,67984.5,68051.75,0
2026-02-26 10:20:00,68051.75,68228.95,68038.25,68141.35,0
2026-02-26 10:25:00,68140.05,68146.25,67932.85,68007.45,0
2026-02-26 10:30:00,68008.15,68038.65,67906.85,67983.25,0
2026-02-26 10:35:00,67981.95,68121.95,67975.05,68101.95,0
2026-02-26 10:40:00,68099.95,68099.95,67907.25,67970.25,0
2026-02-26 10:45:00,67970.95,68071.55,67925.05,68038.95,0
2026-02-26 10:50:00,68043.05,68095.25,68012.25,68012.25,0
2026-02-26 10:55:00,68012.85,68031.87,67878.15,67931.45,0
2026-02-26 11:00:00,67932.65,67996.35,67905.85,67961.65,0
2026-02-26 11:05:00,67963.3,68089.55,67963.3,68078.15,0
2026-02-26 11:10:00,68080.65,68402.85,68080.65,68304.15,0
2026-02-26 11:15:00,68299.55,68309.85,68157.95,68181.55,0
2026-02-26 11:20:00,68181.55,68220.65,68139.25,68192.05,0
2026-02-26 11:25:00,68190.1,68193.25,68133.85,68161.25,0
2026-02-26 11:30:00,68158.65,68294.75,68122.05,68270.65,0
2026-02-26 11:35:00,68271.7,68453.15,68249.65,68440.05,0
2026-02-26 11:40:00,68437.45,68447.95,68370.35,68375.95,0
2026-02-26 11:45:00,68375.95,68521.55,68375.95,68494.65,0
2026-02-26 11:50:00,68494.55,68617.85,68479.75,68576.45,0
2026-02-26 11:55:00,68576.45,68582.55,68513.75,68559.25,0
2026-02-26 12:00:00,68559.25,68623.35,68537.35,68609.25,0
2026-02-26 12:05:00,68607.85,68623.25,68529.75,68595.45,0
2026-02-26 12:10:00,68593.55,68696.45,68467.45,68495.75,0
2026-02-26 12:15:00,68492.75,68505.05,68422.55,68442.15,0
2026-02-26 12:20:00,68438.0,68457.15,68386.45,68438.05,0
2026-02-26 12:25:00,68438.05,68438.35,68306.35,68306.35,0
2026-02-26 12:30:00,68306.35,68392.05,68241.75,68349.55,0
2026-02-26 12:35:00,68352.25,68436.25,68340.25,68436.25,0
2026-02-26 12:40:00,68433.95,68433.95,68354.15,68415.35,0
2026-02-26 12:45:00,68415.25,68430.95,68325.05,68344.85,0
2026-02-26 12:50:00,68343.35,68359.15,68225.05,68251.15,0
2026-02-26 12:55:00,68252.95,68297.35,68232.45,68272.15,0
2026-02-26 13:00:00,68270.55,68356.85,68226.35,68339.15,0
2026-02-26 13:05:00,68337.9,68369.85,68236.55,68236.55,0
2026-02-26 13:10:00,68236.55,68355.75,68236.55,68321.75,0
2026-02-26 13:15:00,68321.75,68325.95,68189.55,68191.45,0
2026-02-26 13:20:00,68191.85,68230.25,68164.45,68178.45,0
2026-02-26 13:25:00,68179.35,68238.75,68113.65,68128.85,0
2026-02-26 13:30:00,68126.95,68183.45,68080.35,68176.45,0
2026-02-26 13:35:00,68177.85,68194.95,68135.65,68142.65,0
2026-02-26 13:40:00,68142.65,68171.95,68037.05,68050.65,0
2026-02-26 13:45:00,68055.45,68064.75,67961.75,67990.55,0
2026-02-26 13:50:00,67989.55,67995.05,67952.25,67976.45,0
2026-02-26 13:55:00,67980.85,68014.45,67980.85,68014.45,0
2026-02-26 14:00:00,68014.45,68174.95,67996.85,68130.45,0
2026-02-26 14:05:00,68133.85,68207.45,68108.35,68202.05,0
2026-02-26 14:10:00,68200.75,68209.35,68157.05,68169.85,0
2026-02-26 14:15:00,68165.55,68244.95,68116.85,68193.75,0
2026-02-26 14:20:00,68192.05,68265.25,68172.55,68252.55,0
2026-02-26 14:25:00,68249.35,68257.35,68106.55,68119.05,0
2026-02-26 14:30:00,68121.85,68174.35,68101.55,68169.75,0
2026-02-26 14:35:00,68168.45,68259.65,68105.95,68228.25,0
2026-02-26 14:40:00,68226.55,68246.15,68041.65,68041.65,0
2026-02-26 14:45:00,68040.35,68185.35,67972.65,68150.85,0
2026-02-26 14:50:00,68148.75,68201.85,68112.65,68140.05,0
2026-02-26 14:55:00,68140.05,68150.15,68087.25,68138.05,0
2026-02-26 15:00:00,68135.55,68162.35,68103.05,68129.85,0
2026-02-26 15:05:00,68129.85,68179.65,68082.55,68089.35,0
2026-02-26 15:10:00,68089.35,68117.15,67965.75,67995.85,0
2026-02-26 15:15:00,67992.65,68048.65,67965.05,67976.25,0
2026-02-26 15:20:00,67980.45,68019.95,67909.85,67986.45,0
2026-02-26 15:25:00,67988.8,68137.45,67946.05,68131.75,0
2026-02-26 15:30:00,68126.15,68160.75,68088.65,68103.05,0
2026-02-26 15:35:00,68100.95,68100.95,67955.25,68015.95,0
2026-02-26 15:40:00,68016.15,68064.45,67999.45,68050.65,0
2026-02-26 15:45:00,68048.05,68174.95,68011.45,68077.55,0
2026-02-26 15:50:00,68077.55,68077.55,67934.1,67948.35,0
2026-02-26 15:55:00,67948.35,67955.05,67816.05,67875.35,0
2026-02-26 16:00:00,67874.25,67882.65,67737.35,67815.45,0
2026-02-26 16:05:00,67813.85,67835.25,67640.65,67711.65,0
2026-02-26 16:10:00,67712.15,68009.25,67712.15,67956.55,0
2026-02-26 16:15:00,67959.15,67972.55,67790.35,67873.05,0
2026-02-26 16:20:00,67875.25,68122.25,67848.55,68092.35,0
2026-02-26 16:25:00,68095.35,68118.15,68056.65,68087.55,0
2026-02-26 16:30:00,68085.0,68094.15,67700.05,68062.25,0
2026-02-26 16:35:00,68061.35,68252.65,67828.65,67828.65,0
2026-02-26 16:40:00,67834.75,67982.15,67753.65,67768.15,0
2026-02-26 16:45:00,67766.85,67791.15,67261.85,67339.55,0
2026-02-26 16:50:00,67337.85,67460.15,67243.05,67455.05,0
2026-02-26 16:55:00,67460.15,67757.95,67440.85,67673.7,0
2026-02-26 17:00:00,67668.75,67718.15,67431.95,67509.65,0
2026-02-26 17:05:00,67505.85,67658.25,67321.65,67324.55,0
2026-02-26 17:10:00,67321.85,67579.75,67222.05,67348.45,0
2026-02-26 17:15:00,67352.95,67370.75,66883.95,66941.15,0
2026-02-26 17:20:00,66944.25,67091.35,66823.25,66958.35,0
2026-02-26 17:25:00,66950.65,67204.75,66817.15,66943.95,0
2026-02-26 17:30:00,66942.55,67095.05,66733.35,66781.75,0
2026-02-26 17:35:00,66787.05,67271.95,66748.75,67260.05,0
2026-02-26 17:40:00,67254.15,67444.35,67184.95,67322.35,0
2026-02-26 17:45:00,67325.85,67553.45,67235.45,67410.65,0
2026-02-26 17:50:00,67409.65,67431.55,67275.05,67311.65,0
2026-02-26 17:55:00,67308.85,67408.65,67199.75,67359.95,0
2026-02-26 18:00:00,67360.15,67416.65,67212.75,67305.05,0
2026-02-26 18:05:00,67303.05,67333.55,67042.95,67098.35,0
2026-02-26 18:10:00,67098.35,67137.35,67022.55,67121.75,0
2026-02-26 18:15:00,67118.15,67279.05,67077.25,67181.55,0
2026-02-26 18:20:00,67182.05,67317.85,67166.85,67296.55,0
2026-02-26 18:25:00,67300.1,67548.85,67270.65,67420.65,0
2026-02-26 18:30:00,67417.25,67430.45,67031.75,67174.95,0
2026-02-26 18:35:00,67178.95,67203.75,66878.65,67051.15,0
2026-02-26 18:40:00,67045.95,67139.55,66979.05,67010.95,0
2026-02-26 18:45:00,67018.45,67037.55,66667.35,67013.75,0
2026-02-26 18:50:00,67011.15,67011.45,66564.15,66574.85,0
2026-02-26 18:55:00,66580.85,66704.25,66475.05,66623.95,0
2026-02-26 19:00:00,66620.75,66890.95,66567.35,66878.85,0
2026-02-26 19:05:00,66864.95,66943.45,66830.85,66885.75,0
2026-02-26 19:10:00,66887.45,66981.55,66861.45,66861.45,0
2026-02-26 19:15:00,66864.05,67023.05,66797.75,66903.35,0
2026-02-26 19:20:00,66902.95,66902.95,66732.25,66822.25,0
2026-02-26 19:25:00,66823.05,66970.35,66796.35,66910.75,0
2026-02-26 19:30:00,66909.45,66994.25,66893.45,66919.55,0
2026-02-26 19:35:00,66915.05,66928.55,66699.85,66765.35,0
2026-02-26 19:40:00,66768.65,66831.65,66685.55,66716.85,0
2026-02-26 19:45:00,66715.55,66788.35,66635.05,66653.55,0
2026-02-26 19:50:00,66654.35,66820.65,66584.65,66810.65,0
2026-02-26 19:55:00,66807.95,66831.85,66712.35,66800.45,0
2026-02-26 20:00:00,66797.65,66862.65,66750.75,66816.65,0
2026-02-26 20:05:00,66819.15,66858.75,66549.65,66648.35,0
2026-02-26 20:10:00,66647.9,66748.35,66610.15,66748.35,0
2026-02-26 20:15:00,66752.25,67005.05,66720.65,66985.15,0
2026-02-26 20:20:00,66981.55,66981.55,66807.35,66923.95,0
2026-02-26 20:25:00,66923.95,66935.65,66792.15,66835.55,0
2026-02-26 20:30:00,66831.25,67290.5,66815.05,67250.75,0
2026-02-26 20:35:00,67251.6,67352.45,67150.65,67220.0,0
2026-02-26 20:40:00,67217.95,67262.35,67096.95,67238.65,0
2026-02-26 20:45:00,67235.15,67320.35,67168.25,67219.85,0
2026-02-26 20:50:00,67220.25,67301.05,67152.45,67250.75,0
2026-02-26 20:55:00,67250.75,67330.75,67219.45,67280.05,0
2026-02-26 21:00:00,67277.6,67869.55,67256.65,67727.85,0
2026-02-26 21:05:00,67722.35,67724.35,67477.35,67496.55,0
2026-02-26 21:10:00,67497.45,67709.95,67457.75,67473.75,0
2026-02-26 21:15:00,67475.05,67557.55,67459.45,67519.25,0
2026-02-26 21:20:00,67520.75,67745.35,67499.55,67688.05,0
2026-02-26 21:25:00,67687.6,67688.75,67519.45,67547.65,0
2026-02-26 21:30:00,67546.45,67678.55,67508.0,67660.9,0
2026-02-26 21:35:00,67660.85,67674.35,67472.95,67518.15,0
2026-02-26 21:40:00,67518.75,67518.75,67371.65,67452.25,0
2026-02-26 21:45:00,67453.75,67590.75,67453.75,67507.65,0
2026-02-26 21:50:00,67506.9,67568.15,67468.95,67568.15,0
2026-02-26 21:55:00,67568.85,67674.55,67485.15,67557.25,0
2026-02-26 22:00:00,67557.95,67803.55,67556.25,67767.95,0
2026-02-26 22:05:00,67767.6,67779.05,67684.95,67684.95,0
2026-02-26 22:10:00,67678.15,67725.55,67644.95,67653.45,0
2026-02-26 22:15:00,67657.15,67792.55,67657.15,67735.45,0
2026-02-26 22:20:00,67736.55,67751.25,67562.85,67592.25,0
2026-02-26 22:25:00,67594.05,67609.15,67513.7,67532.25,0
2026-02-26 22:30:00,67532.25,67532.25,67434.25,67526.45,0
2026-02-26 22:35:00,67525.15,67525.15,67303.15,67343.95,0
2026-02-26 22:40:00,67343.95,67464.55,67343.95,67440.45,0
2026-02-26 22:45:00,67440.45,67440.45,67379.75,67382.25,0
2026-02-26 22:50:00,67380.35,67388.25,67244.35,67301.75,0
2026-02-26 22:55:00,67303.15,67409.15,67297.65,67387.25,0
2026-02-26 23:00:00,67376.05,67423.35,67278.75,67390.45,0
2026-02-26 23:05:00,67390.45,67414.85,67166.55,67166.55,0
2026-02-26 23:10:00,67163.45,67340.85,67118.15,67330.75,0
2026-02-26 23:15:00,67332.85,67374.95,67301.75,67330.05,0
2026-02-26 23:20:00,67329.25,67363.05,67296.35,67357.45,0
2026-02-26 23:25:00,67357.45,67474.5,67309.35,67450.55,0
2026-02-26 23:30:00,67450.55,67453.95,67376.85,67424.95,0
2026-02-26 23:35:00,67424.95,67432.75,67347.85,67370.35,0
2026-02-26 23:40:00,67370.35,67424.95,67340.35,67410.75,0
2026-02-26 23:45:00,67409.45,67550.15,67370.15,67540.55,0
2026-02-26 23:50:00,67537.35,67537.35,67444.65,67462.45,0
2026-02-26 23:55:00,67462.45,67487.75,67381.35,67433.35,0
2026-02-27 00:00:00,67436.25,67450.35,67400.55,67444.15,0
2026-02-27 00:05:00,67446.55,67458.05,67373.35,67413.25,0
2026-02-27 00:10:00,67413.25,67564.15,67413.25,67522.65,0
2026-02-27 00:15:00,67522.65,67531.65,67418.05,67418.05,0
2026-02-27 00:20:00,67412.45,67417.15,67291.25,67348.95,0
2026-02-27 00:25:00,67346.25,67396.15,67313.75,67384.75,0
2026-02-27 00:30:00,67383.35,67447.85,67378.15,67431.35,0
2026-02-27 00:35:00,67431.35,67555.15,67431.35,67524.15,0
2026-02-27 00:40:00,67519.35,67598.55,67495.65,67568.65,0
2026-02-27 00:45:00,67568.65,67599.65,67516.25,67599.65,0
2026-02-27 00:50:00,67599.65,67599.65,67519.35,67537.05,0
2026-02-27 00:55:00,67538.15,67563.05,67475.05,67542.65,0
2026-02-27 01:00:00,67540.15,67540.15,67384.95,67439.45,0
2026-02-27 01:05:00,67441.45,67449.45,67368.45,67443.05,0
2026-02-27 01:10:00,67443.05,67544.95,67441.05,67499.05,0
2026-02-27 01:15:00,67499.05,67499.05,67425.05,67459.75,0
2026-02-27 01:20:00,67461.75,67574.85,67461.75,67546.05,0
2026-02-27 01:25:00,67546.05,67594.65,67526.25,67541.65,0
2026-02-27 01:30:00,67541.65,67568.85,67509.15,67568.85,0
2026-02-27 01:35:00,67572.25,67632.15,67515.25,67546.75,0
2026-02-27 01:40:00,67546.75,67574.95,67464.05,67481.15,0
2026-02-27 01:45:00,67482.35,67498.65,67441.15,67467.45,0
2026-02-27 01:50:00,67467.45,67470.05,67391.15,67443.25,0
2026-02-27 01:55:00,67443.25,67490.75,67414.25,67457.85,0
2026-02-27 02:00:00,67457.85,67460.95,67366.05,67369.05,0
2026-02-27 02:05:00,67370.85,67513.15,67370.85,67444.65,0
2026-02-27 02:10:00,67450.35,67454.65,67270.45,67331.35,0
2026-02-27 02:15:00,67335.65,67363.15,67240.25,67268.45,0
2026-02-27 02:20:00,67269.15,67289.95,67169.65,67235.85,0
2026-02-27 02:25:00,67233.45,67295.45,67146.95,67285.15,0
2026-02-27 02:30:00,67285.8,67287.35,67199.55,67263.75,0
2026-02-27 02:35:00,67262.15,67291.45,67021.85,67106.15,0
2026-02-27 02:40:00,67105.55,67182.65,67070.15,67105.85,0
2026-02-27 02:45:00,67103.55,67161.05,66965.35,67143.65,0
2026-02-27 02:50:00,67143.65,67266.75,67135.95,67135.95,0
2026-02-27 02:55:00,67131.55,67216.65,67107.45,67203.75,0
2026-02-27 03:00:00,67203.95,67221.15,67043.45,67047.55,0
2026-02-27 03:05:00,67053.4,67171.35,66854.25,66902.45,0
2026-02-27 03:10:00,66901.85,66970.05,66859.85,66968.75,0
2026-02-27 03:15:00,66968.75,67119.35,66939.75,67022.85,0
2026-02-27 03:20:00,67022.85,67063.25,66940.45,67049.45,0
2026-02-27 03:25:00,67046.05,67124.35,66985.45,67041.95,0
2026-02-27 03:30:00,67038.15,67180.05,66991.05,67176.75,0
2026-02-27 03:35:00,67178.75,67236.75,67150.45,67236.75,0
2026-02-27 03:40:00,67237.35,67283.35,67127.05,67130.65,0
2026-02-27 03:45:00,67128.85,67261.75,67081.65,67230.55,0
2026-02-27 03:50:00,67228.15,67292.95,67173.65,67263.75,0
2026-02-27 03:55:00,67264.35,67355.45,67199.15,67326.45,0
2026-02-27 04:00:00,67325.15,67440.55,67300.65,67398.05,0
2026-02-27 04:05:00,67397.15,67454.15,67367.45,67387.25,0
2026-02-27 04:10:00,67387.35,67387.35,67278.65,67290.95,0
2026-02-27 04:15:00,67290.95,67475.15,67251.15,67475.15,0
2026-02-27 04:20:00,67471.1,67489.05,67309.85,67359.35,0
2026-02-27 04:25:00,67354.25,67403.55,67317.85,67374.25,0
2026-02-27 04:30:00,67374.25,67493.05,67374.25,67493.05,0
2026-02-27 04:35:00,67493.05,67508.65,67398.65,67424.35,0
2026-02-27 04:40:00,67424.35,67424.35,67321.95,67395.65,0
2026-02-27 04:45:00,67395.65,67447.95,67369.15,67419.65,0
2026-02-27 04:50:00,67414.35,67421.15,67277.85,67283.95,0
2026-02-27 04:55:00,67283.95,67338.35,67226.45,67226.45,0
2026-02-27 05:00:00,67228.95,67259.05,67191.75,67213.65,0
2026-02-27 05:05:00,67213.05,67213.05,67078.85,67163.65,0
2026-02-27 05:10:00,67164.85,67189.85,67087.25,67143.35,0
2026-02-27 05:15:00,67139.95,67183.15,67130.45,67153.15,0
2026-02-27 05:20:00,67153.15,67200.55,67087.25,67087.25,0
2026-02-27 05:25:00,67087.25,67102.35,67063.25,67081.45,0
2026-02-27 05:30:00,67081.95,67227.25,67081.15,67225.05,0
2026-02-27 05:35:00,67224.05,67324.95,67188.95,67292.55,0
2026-02-27 05:40:00,67291.05,67371.95,67259.55,67365.35,0
2026-02-27 05:45:00,67364.25,67413.05,67302.05,67406.85,0
2026-02-27 05:50:00,67409.55,67500.55,67389.65,67473.75,0
2026-02-27 05:55:00,67484.15,67682.85,67484.15,67572.25,0
2026-02-27 06:00:00,67577.95,67857.25,67547.45,67771.85,0
2026-02-27 06:05:00,67774.05,67808.95,67633.15,67734.75,0
2026-02-27 06:10:00,67734.75,67929.45,67728.05,67892.55,0
2026-02-27 06:15:00,67894.65,68178.95,67886.55,68116.25,0
2026-02-27 06:20:00,68116.25,68125.15,67955.05,67960.25,0
2026-02-27 06:25:00,67964.85,67966.95,67854.55,67914.15,0
2026-02-27 06:30:00,67914.15,67930.15,67749.85,67811.85,0
2026-02-27 06:35:00,67811.85,67841.75,67750.15,67750.15,0
2026-02-27 06:40:00,67750.15,67763.55,67663.65,67733.25,0
2026-02-27 06:45:00,67733.25,67827.85,67706.95,67775.65,0
2026-02-27 06:50:00,67775.65,67925.15,67743.45,67860.35,0
2026-02-27 06:55:00,67858.25,67861.75,67662.25,67718.65,0
2026-02-27 07:00:00,67697.85,67808.85,67690.15,67779.95,0
2026-02-27 07:05:00,67779.95,67817.55,67752.95,67755.65,0
2026-02-27 07:10:00,67755.65,67891.75,67746.05,67828.25,0
2026-02-27 07:15:00,67828.25,67852.35,67796.25,67796.25,0
2026-02-27 07:20:00,67796.25,67853.55,67655.25,67744.25,0
2026-02-27 07:25:00,67744.55,67795.35,67725.95,67770.65,0
2026-02-27 07:30:00,67766.75,67847.25,67766.15,67813.05,0
2026-02-27 07:35:00,67810.35,67845.55,67742.25,67829.85,0
2026-02-27 07:40:00,67826.55,67831.95,67790.25,67812.75,0
2026-02-27 07:45:00,67812.65,67828.35,67744.25,67749.95,0
2026-02-27 07:50:00,67748.85,67774.05,67713.95,67713.95,0
2026-02-27 07:55:00,67713.95,67724.95,67643.05,67693.65,0
2026-02-27 08:00:00,67695.65,67752.85,67690.15,67741.35,0
2026-02-27 08:05:00,67739.05,67755.55,67671.25,67685.95,0
2026-02-27 08:10:00,67685.95,67694.25,67618.35,67631.65,0
2026-02-27 08:15:00,67626.35,67672.15,67591.65,67611.25,0
2026-02-27 08:20:00,67615.25,67621.05,67560.65,67560.65,0
2026-02-27 08:25:00,67560.65,67577.45,67498.15,67574.45,0
2026-02-27 08:30:00,67575.75,67677.45,67572.45,67631.45,0
2026-02-27 08:35:00,67631.75,67732.65,67631.55,67716.05,0
2026-02-27 08:40:00,67717.85,67747.45,67703.65,67713.35,0
2026-02-27 08:45:00,67713.35,67793.95,67712.25,67736.25,0
2026-02-27 08:50:00,67736.25,67736.25,67653.45,67686.35,0
2026-02-27 08:55:00,67685.95,67689.75,67614.55,67622.95,0
2026-02-27 09:00:00,67618.95,67653.15,67535.95,67565.45,0
2026-02-27 09:05:00,67567.85,67689.65,67567.85,67658.25,0
2026-02-27 09:10:00,67660.55,67675.05,67615.95,67621.85,0
2026-02-27 09:15:00,67621.75,67621.75,67544.25,67612.05,0
2026-02-27 09:20:00,67612.05,67629.05,67538.45,67578.35,0
2026-02-27 09:25:00,67582.35,67612.15,67445.25,67474.85,0
2026-02-27 09:30:00,67474.85,67590.55,67474.85,67590.55,0
2026-02-27 09:35:00,67595.25,67605.25,67461.55,67528.85,0
2026-02-27 09:40:00,67531.15,67540.95,67430.85,67513.15,0
2026-02-27 09:45:00,67512.6,67675.55,67489.75,67650.15,0
2026-02-27 09:50:00,67650.15,67731.75,67636.55,67707.55,0
2026-02-27 09:55:00,67711.15,67743.85,67631.25,67657.75,0
2026-02-27 10:00:00,67657.35,67736.65,67628.45,67691.35,0
2026-02-27 10:05:00,67695.75,67972.55,67695.75,67972.55,0
2026-02-27 10:10:00,67974.95,68020.95,67864.15,67864.25,0
2026-02-27 10:15:00,67866.35,67957.65,67834.15,67892.05,0
2026-02-27 10:20:00,67892.85,67930.85,67847.45,67896.85,0
2026-02-27 10:25:00,67893.75,67937.95,67852.65,67937.95,0
2026-02-27 10:30:00,67937.95,68004.25,67822.65,67843.05,0
2026-02-27 10:35:00,67843.05,67843.05,67716.65,67773.15,0
2026-02-27 10:40:00,67773.25,67903.15,67773.25,67900.65,0
2026-02-27 10:45:00,67900.65,68051.35,67888.95,67960.45,0
2026-02-27 10:50:00,67960.25,67985.45,67871.55,67971.05,0
2026-02-27 10:55:00,67967.85,67980.05,67911.45,67911.45,0
2026-02-27 11:00:00,67912.95,67958.05,67819.55,67873.25,0
2026-02-27 11:05:00,67871.05,67999.65,67858.45,67999.65,0
2026-02-27 11:10:00,68000.1,68024.95,67894.05,67951.85,0
2026-02-27 11:15:00,67947.85,68000.75,67923.75,68000.75,0
2026-02-27 11:20:00,68001.35,68123.95,67856.75,67915.55,0
2026-02-27 11:25:00,67912.95,68001.25,67911.05,68001.25,0
2026-02-27 11:30:00,68001.25,68020.15,67954.05,67954.05,0
2026-02-27 11:35:00,67954.05,67954.05,67743.35,67784.05,0
2026-02-27 11:40:00,67784.05,67804.45,67587.05,67587.05,0
2026-02-27 11:45:00,67582.55,67590.05,67314.35,67431.95,0
2026-02-27 11:50:00,67431.85,67494.05,67265.85,67290.45,0
2026-02-27 11:55:00,67293.25,67450.15,67293.25,67329.85,0
2026-02-27 12:00:00,67326.75,67397.75,67172.05,67228.95,0
2026-02-27 12:05:00,67233.35,67348.75,67206.45,67230.15,0
2026-02-27 12:10:00,67225.75,67241.05,66820.95,66858.55,0
2026-02-27 12:15:00,66858.65,67027.85,66811.75,66953.55,0
2026-02-27 12:20:00,66954.05,66992.15,66660.05,66856.95,0
2026-02-27 12:25:00,66859.45,66891.45,66716.65,66757.35,0
2026-02-27 12:30:00,66759.0,66936.65,66730.15,66817.55,0
2026-02-27 12:35:00,66819.35,66853.65,66760.45,66762.05,0
2026-02-27 12:40:00,66762.05,66826.05,66681.35,66788.25,0
2026-02-27 12:45:00,66791.15,66814.85,66669.25,66782.05,0
2026-02-27 12:50:00,66779.75,66779.75,66546.95,66575.95,0
2026-02-27 12:55:00,66607.45,66648.15,66572.85,66583.55,0
2026-02-27 13:00:00,66589.45,66704.85,66582.65,66658.75,0
2026-02-27 13:05:00,66657.45,66750.65,66632.35,66713.25,0
2026-02-27 13:10:00,66714.5,66745.95,66631.25,66676.25,0
2026-02-27 13:15:00,66679.15,66679.15,66326.05,66374.35,0
2026-02-27 13:20:00,66361.15,66532.15,66361.15,66494.55,0
2026-02-27 13:25:00,66495.65,66637.65,66484.85,66502.05,0
2026-02-27 13:30:00,66499.65,66540.25,66370.85,66438.55,0
2026-02-27 13:35:00,66362.75,66431.05,66063.85,66094.55,0
2026-02-27 13:40:00,66095.1,66126.75,65927.75,65969.05,0
2026-02-27 13:45:00,65973.35,66163.5,65961.15,66071.75,0
2026-02-27 13:50:00,66074.45,66079.15,65992.95,66016.85,0
2026-02-27 13:55:00,66013.05,66144.15,65971.25,66099.95,0
2026-02-27 14:00:00,66098.55,66100.75,65993.95,66018.75,0
2026-02-27 14:05:00,66018.85,66190.75,66018.85,66117.25,0
2026-02-27 14:10:00,66107.5,66107.5,65886.3,65965.65,0
2026-02-27 14:15:00,65966.25,65980.25,65871.65,65909.95,0
2026-02-27 14:20:00,65915.35,66105.35,65915.35,65930.65,0
2026-02-27 14:25:00,65933.15,66000.85,65886.9,65890.85,0
2026-02-27 14:30:00,65890.05,66010.45,65870.15,65996.85,0
2026-02-27 14:35:00,65991.55,65995.35,65837.05,65929.45,0
2026-02-27 14:40:00,65928.35,65932.25,65846.85,65874.95,0
2026-02-27 14:45:00,65872.05,65901.15,65716.95,65731.65,0
2026-02-27 14:50:00,65736.15,65841.15,65719.05,65802.25,0
2026-02-27 14:55:00,65801.1,65903.75,65760.45,65903.4,0
2026-02-27 15:00:00,65903.75,66137.35,65881.05,66137.35,0
2026-02-27 15:05:00,66137.35,66137.35,65978.75,66013.35,0
2026-02-27 15:10:00,66007.35,66056.55,65946.55,66018.95,0
2026-02-27 15:15:00,66024.25,66130.35,66024.25,66119.95,0
2026-02-27 15:20:00,66118.65,66118.65,65940.65,65971.85,0
2026-02-27 15:25:00,65972.5,66081.65,65895.25,65995.65,0
2026-02-27 15:30:00,65985.75,65987.65,65762.65,65871.25,0
2026-02-27 15:35:00,65881.25,65913.35,65631.55,65772.05,0
2026-02-27 15:40:00,65773.05,66041.45,65773.05,66006.15,0
2026-02-27 15:45:00,66006.45,66139.45,65999.25,66121.85,0
2026-02-27 15:50:00,66122.55,66319.35,66122.55,66203.65,0
2026-02-27 15:55:00,66199.85,66275.65,66105.95,66245.05,0
2026-02-27 16:00:00,66244.05,66294.25,66159.85,66165.15,0
2026-02-27 16:05:00,66166.55,66230.15,66138.15,66161.65,0
2026-02-27 16:10:00,66156.55,66298.85,66115.05,66293.45,0
2026-02-27 16:15:00,66289.05,66290.65,66095.85,66105.15,0
2026-02-27 16:20:00,66107.65,66150.75,65994.55,66053.15,0
2026-02-27 16:25:00,66053.15,66139.85,65974.65,66092.35,0
2026-02-27 16:30:00,66089.8,66301.05,66050.15,66202.55,0
2026-02-27 16:35:00,66202.75,66274.35,66015.85,66216.85,0
2026-02-27 16:40:00,66216.45,66216.45,65768.75,65851.65,0
2026-02-27 16:45:00,65848.65,65967.15,65666.05,65859.25,0
2026-02-27 16:50:00,65864.25,65880.45,65695.15,65820.65,0
2026-02-27 16:55:00,65816.05,65898.85,65783.75,65861.85,0
2026-02-27 17:00:00,65860.45,66158.75,65820.75,65941.15,0
2026-02-27 17:05:00,65934.15,66165.25,65912.85,66049.95,0
2026-02-27 17:10:00,66052.65,66215.95,65972.15,66006.65,0
2026-02-27 17:15:00,66009.85,66200.55,65867.45,66015.75,0
2026-02-27 17:20:00,66010.35,66142.95,65931.65,66074.15,0
2026-02-27 17:25:00,66067.8,66127.25,66022.15,66087.35,0
2026-02-27 17:30:00,66092.45,66104.65,65904.65,65968.15,0
2026-02-27 17:35:00,65966.25,66062.45,65838.45,65969.95,0
2026-02-27 17:40:00,65969.95,66051.35,65910.05,66049.25,0
2026-02-27 17:45:00,66050.55,66170.65,66033.95,66081.25,0
2026-02-27 17:50:00,66081.45,66287.45,66081.45,66149.95,0
2026-02-27 17:55:00,66151.3,66151.95,66049.45,66073.25,0
2026-02-27 18:00:00,66072.55,66099.65,65991.45,66023.85,0
2026-02-27 18:05:00,66025.15,66027.55,65737.05,65885.25,0
2026-02-27 18:10:00,65884.65,65914.05,65788.55,65873.95,0
2026-02-27 18:15:00,65871.75,66025.25,65851.45,65902.55,0
2026-02-27 18:20:00,65900.25,66021.05,65820.55,66021.05,0
2026-02-27 18:25:00,66020.55,66042.95,65963.95,65972.35,0
2026-02-27 18:30:00,65974.55,66033.85,65940.05,66013.65,0
2026-02-27 18:35:00,66012.1,66012.1,65851.95,65889.45,0
2026-02-27 18:40:00,65888.3,65888.3,65678.75,65704.65,0
2026-02-27 18:45:00,65705.45,65785.95,65447.65,65465.85,0
2026-02-27 18:50:00,65468.75,65598.85,65444.75,65557.45,0
2026-02-27 18:55:00,65556.55,65624.95,65431.65,65451.35,0
2026-02-27 19:00:00,65448.3,65626.55,65447.75,65607.05,0
2026-02-27 19:05:00,65605.25,65638.85,65532.25,65626.75,0
2026-02-27 19:10:00,65625.65,65625.65,65379.45,65434.25,0
2026-02-27 19:15:00,65437.45,65517.05,65298.1,65350.15,0
2026-02-27 19:20:00,65351.75,65381.85,65203.65,65289.75,0
2026-02-27 19:25:00,65288.55,65327.95,65162.45,65182.65,0
2026-02-27 19:30:00,65184.05,65330.15,65095.35,65268.35,0
2026-02-27 19:35:00,65269.95,65465.95,65214.15,65381.65,0
2026-02-27 19:40:00,65380.95,65510.05,65327.85,65385.55,0
2026-02-27 19:45:00,65385.15,65484.85,65352.25,65400.65,0
2026-02-27 19:50:00,65401.55,65592.25,65382.65,65480.85,0
2026-02-27 19:55:00,65481.95,65724.15,65481.95,65674.85,0
2026-02-27 20:00:00,65676.45,65758.45,65626.55,65671.45,0
2026-02-27 20:05:00,65670.15,65701.65,65495.45,65511.65,0
2026-02-27 20:10:00,65514.25,65567.75,65482.55,65516.05,0
2026-02-27 20:15:00,65514.25,65584.35,65458.35,65495.35,0
2026-02-27 20:20:00,65493.15,65519.55,65377.55,65401.15,0
2026-02-27 20:25:00,65398.65,65577.35,65361.65,65547.05,0
2026-02-27 20:30:00,65548.35,65652.05,65494.05,65550.35,0
2026-02-27 20:35:00,65555.55,65617.55,65485.95,65495.65,0
2026-02-27 20:40:00,65492.25,65603.45,65491.85,65539.95,0
2026-02-27 20:45:00,65537.85,65553.45,65422.75,65422.75,0
2026-02-27 20:50:00,65419.65,65426.65,65197.15,65197.15,0
2026-02-27 20:55:00,65196.65,65301.85,65196.65,65278.75,0
2026-02-27 21:00:00,65273.45,65352.75,65251.35,65327.85,0
2026-02-27 21:05:00,65330.95,65402.35,65130.95,65180.65,0
2026-02-27 21:10:00,65206.55,65277.75,65163.05,65250.15,0
2026-02-27 21:15:00,65250.15,65316.65,65175.35,65181.35,0
2026-02-27 21:20:00,65180.45,65320.15,65173.15,65295.35,0
2026-02-27 21:25:00,65294.85,65385.45,65232.65,65299.45,0
2026-02-27 21:30:00,65306.95,65366.15,65296.45,65319.55,0
2026-02-27 21:35:00,65320.85,65378.45,65308.05,65315.75,0
2026-02-27 21:40:00,65313.8,65384.85,65206.45,65259.25,0
2026-02-27 21:45:00,65260.45,65314.85,65221.15,65231.25,0
2026-02-27 21:50:00,65231.25,65412.15,65215.35,65407.25,0
2026-02-27 21:55:00,65406.55,65426.65,65354.75,65360.85,0
2026-02-27 22:00:00,65363.15,65545.85,65357.55,65455.55,0
2026-02-27 22:05:00,65450.35,65551.45,65398.25,65461.55,0
2026-02-27 22:10:00,65461.55,65565.15,65448.35,65533.25,0
2026-02-27 22:15:00,65533.25,65570.35,65514.55,65552.95,0
2026-02-27 22:20:00,65552.5,65611.95,65524.95,65585.45,0
2026-02-27 22:25:00,65584.25,65589.05,65524.85,65542.65,0
2026-02-27 22:30:00,65542.25,65563.75,65424.9,65538.55,0
2026-02-27 22:35:00,65538.55,65549.35,65506.45,65547.25,0
2026-02-27 22:40:00,65547.25,65622.35,65527.05,65593.75,0
2026-02-27 22:45:00,65596.25,65621.75,65568.85,65601.35,0
2026-02-27 22:50:00,65596.35,65633.45,65535.45,65586.85,0
2026-02-27 22:55:00,65587.05,65611.65,65525.05,65566.05,0
2026-02-27 23:00:00,65592.15,65635.05,65458.95,65635.05,0
2026-02-27 23:05:00,65637.45,65686.45,65600.45,65615.55,0
2026-02-27 23:10:00,65615.55,65615.55,65530.55,65544.15,0
2026-02-27 23:15:00,65544.15,65651.35,65544.15,65647.35,0
2026-02-27 23:20:00,65647.35,65708.05,65647.25,65700.25,0
2026-02-27 23:25:00,65698.25,65713.05,65664.75,65670.65,0
2026-02-27 23:30:00,65670.15,65685.55,65563.85,65598.35,0
2026-02-27 23:35:00,65597.75,65611.05,65555.05,65583.25,0
2026-02-27 23:40:00,65583.25,65600.15,65539.05,65594.05,0
2026-02-27 23:45:00,65594.05,65594.05,65514.65,65537.25,0
2026-02-27 23:50:00,65537.25,65555.85,65415.05,65415.05,0
2026-02-27 23:55:00,65415.05,65506.05,65367.45,65501.05,0
2026-02-28 00:00:00,65508.25,65556.75,65491.95,65491.95,0
2026-02-28 00:05:00,65483.45,65494.45,65417.15,65452.25,0
2026-02-28 00:10:00,65457.45,65519.35,65448.35,65513.25,0
2026-02-28 00:15:00,65514.9,65586.85,65514.9,65559.95,0
2026-02-28 00:20:00,65559.95,65571.85,65415.15,65449.45,0
2026-02-28 00:25:00,65450.5,65476.85,65413.65,65439.95,0
2026-02-28 00:30:00,65438.05,65438.05,64896.95,64963.45,0
2026-02-28 00:35:00,64966.65,65310.05,64959.95,65246.95,0
2026-02-28 00:40:00,65240.85,65569.25,65228.75,65564.55,0
2026-02-28 00:45:00,65563.25,65642.75,65501.85,65511.75,0
2026-02-28 00:50:00,65512.25,65596.45,65512.25,65590.05,0
2026-02-28 00:55:00,65587.95,65619.95,65486.05,65609.75,0
2026-02-28 01:00:00,65608.65,65692.85,65521.55,65673.65,0
2026-02-28 01:05:00,65673.65,65834.55,65665.55,65793.85,0
2026-02-28 01:10:00,65793.85,65810.15,65663.15,65702.85,0
2026-02-28 01:15:00,65702.85,65846.25,65694.45,65817.25,0
2026-02-28 01:20:00,65817.25,65871.05,65806.75,65869.95,0
2026-02-28 01:25:00,65869.95,65869.95,65789.85,65857.85,0
2026-02-28 01:30:00,65857.85,65891.05,65829.25,65881.75,0
2026-02-28 01:35:00,65879.45,65924.95,65854.65,65924.95,0
2026-02-28 01:40:00,65924.95,65924.95,65800.65,65803.75,0
2026-02-28 01:45:00,65803.75,65868.85,65803.75,65844.85,0
2026-02-28 01:50:00,65845.25,65884.25,65838.15,65850.25,0
2026-02-28 01:55:00,65850.25,65896.25,65822.15,65843.25,0
2026-02-28 02:00:00,65843.25,65888.95,65803.75,65876.55,0
2026-02-28 02:05:00,65876.55,65931.55,65854.55,65879.35,0
2026-02-28 02:10:00,65879.35,65985.25,65854.55,65973.85,0
2026-02-28 02:15:00,65983.35,65985.05,65838.85,65850.15,0
2026-02-28 02:20:00,65850.15,65877.75,65834.85,65846.95,0
2026-02-28 02:25:00,65846.95,65857.05,65695.05,65748.65,0
2026-02-28 02:30:00,65747.85,65801.05,65714.45,65790.15,0
2026-02-28 02:35:00,65790.15,65820.65,65789.65,65803.95,0
2026-02-28 02:40:00,65803.95,65933.35,65803.95,65922.35,0
2026-02-28 02:45:00,65922.35,65931.85,65904.65,65926.25,0
2026-02-28 02:50:00,65926.25,65938.25,65871.85,65907.25,0
2026-02-28 02:55:00,65907.95,65952.05,65901.75,65913.35,0
2026-02-28 03:00:00,65913.35,65941.35,65865.55,65936.25,0
2026-02-28 03:05:00,65936.25,65936.25,65792.65,65817.45,0
2026-02-28 03:10:00,65821.75,65828.35,65802.65,65828.35,0
2026-02-28 03:15:00,65828.35,65920.75,65788.15,65899.35,0
2026-02-28 03:20:00,65899.35,65934.95,65848.25,65918.65,0
2026-02-28 03:25:00,65919.95,65940.65,65801.25,65806.55,0
2026-02-28 03:30:00,65807.6,65825.75,65715.05,65745.85,0
2026-02-28 03:35:00,65745.85,65817.25,65745.85,65799.75,0
2026-02-28 03:40:00,65799.75,65812.35,65723.85,65763.35,0
2026-02-28 03:45:00,65765.65,65824.95,65725.65,65806.95,0
2026-02-28 03:50:00,65806.95,65829.25,65782.45,65782.45,0
2026-02-28 03:55:00,65782.45,65794.15,65743.35,65745.65,0
2026-02-28 04:00:00,65747.05,65786.85,65734.75,65783.45,0
2026-02-28 04:05:00,65783.45,65893.55,65783.45,65868.65,0
2026-02-28 04:10:00,65867.5,65904.95,65840.35,65841.05,0
2026-02-28 04:15:00,65842.85,65908.75,65842.85,65897.95,0
2026-02-28 04:20:00,65897.5,65944.65,65875.35,65875.35,0
2026-02-28 04:25:00,65880.95,65917.55,65880.95,65887.35,0
2026-02-28 04:30:00,65889.05,65924.05,65884.35,65921.65,0
2026-02-28 04:35:00,65921.75,65961.25,65904.05,65946.55,0
2026-02-28 04:40:00,65944.45,65948.55,65914.65,65931.05,0
2026-02-28 04:45:00,65931.05,65970.95,65931.05,65969.75,0
2026-02-28 04:50:00,65968.85,65993.95,65940.15,65993.95,0
2026-02-28 04:55:00,65993.9,65993.9,65928.15,65931.45,0
2026-02-28 05:00:00,65932.75,65938.05,65827.95,65827.95,0
2026-02-28 05:05:00,65825.15,65868.05,65822.65,65857.25,0
2026-02-28 05:10:00,65861.45,65883.05,65829.25,65829.25,0
2026-02-28 05:15:00,65831.55,65895.55,65831.55,65894.35,0
2026-02-28 05:20:00,65894.35,65917.35,65853.55,65865.65,0
2026-02-28 05:25:00,65868.5,65954.95,65847.15,65862.25,0
2026-02-28 05:30:00,65863.25,65888.55,65790.75,65807.45,0
2026-02-28 05:35:00,65806.35,65806.35,65721.05,65763.15,0
2026-02-28 05:40:00,65763.15,65783.45,65735.35,65735.35,0
2026-02-28 05:45:00,65736.15,65793.65,65736.15,65768.95,0
2026-02-28 05:50:00,65768.95,65815.55,65768.95,65791.95,0
2026-02-28 05:55:00,65791.95,65795.15,65748.95,65763.85,0
2026-02-28 06:00:00,65763.85,65791.65,65763.35,65775.75,0
2026-02-28 06:05:00,65775.75,65778.95,65711.65,65720.75,0
2026-02-28 06:10:00,65720.75,65730.25,65685.75,65721.15,0
2026-02-28 06:15:00,65718.8,65718.8,65661.15,65710.45,0
2026-02-28 06:20:00,65710.45,65745.15,65708.95,65743.15,0
2026-02-28 06:25:00,65743.15,65785.85,65626.45,65639.05,0
2026-02-28 06:30:00,65640.25,65646.95,65460.95,65566.35,0
2026-02-28 06:35:00,65570.65,65648.25,65570.65,65621.75,0
2026-02-28 06:40:00,65621.75,65640.15,65586.25,65617.25,0
2026-02-28 06:45:00,65620.95,65641.95,65594.45,65641.05,0
2026-02-28 06:50:00,65639.35,65672.95,65577.85,65672.95,0
2026-02-28 06:55:00,65674.75,65675.45,65634.95,65637.35,0
2026-02-28 07:00:00,65638.2,65648.55,65597.55,65644.75,0
2026-02-28 07:05:00,65644.75,65676.85,65639.45,65662.15,0
2026-02-28 07:10:00,65657.05,65693.65,65648.95,65693.65,0
2026-02-28 07:15:00,65693.65,65694.05,65664.95,65672.95,0
2026-02-28 07:20:00,65672.95,65672.95,65633.65,65653.35,0
2026-02-28 07:25:00,65655.45,65666.75,65614.45,65616.55,0
2026-02-28 07:30:00,65615.25,65615.25,65512.55,65543.15,0
2026-02-28 07:35:00,65546.25,65580.75,65475.05,65563.55,0
2026-02-28 07:40:00,65564.95,65582.95,65507.85,65527.6,0
2026-02-28 07:45:00,65525.75,65532.85,65472.55,65530.35,0
2026-02-28 07:50:00,65531.5,65539.15,65473.15,65490.65,0
2026-02-28 07:55:00,65491.2,65560.95,65467.45,65559.45,0
2026-02-28 08:00:00,65559.45,65559.45,65529.95,65535.45,0
2026-02-28 08:05:00,65534.65,65534.75,65475.35,65522.75,0
2026-02-28 08:10:00,65523.85,65561.85,65433.45,65463.65,0
2026-02-28 08:15:00,65466.25,65473.55,64475.05,64916.65,0
2026-02-28 08:20:00,64923.15,65250.75,64830.35,64928.25,0
2026-02-28 08:25:00,64926.85,64969.95,64374.65,64542.65,0
2026-02-28 08:30:00,64537.95,64555.45,64045.05,64058.85,0
2026-02-28 08:35:00,64078.75,64209.65,63546.65,63753.55,0
2026-02-28 08:40:00,63752.9,64091.25,63713.25,64023.15,0
2026-02-28 08:45:00,64019.75,64043.85,63718.95,63735.75,0
2026-02-28 08:50:00,63738.35,63748.55,63363.05,63372.25,0
2026-02-28 08:55:00,63377.35,63402.95,62995.3,63187.45,0
2026-02-28 09:00:00,63184.75,63575.65,63006.45,63522.65,0
2026-02-28 09:05:00,63520.25,63750.15,63463.55,63624.15,0
2026-02-28 09:10:00,63628.55,63796.95,63482.45,63733.8,0
2026-02-28 09:15:00,63743.15,63862.95,63702.55,63737.65,0
2026-02-28 09:20:00,63738.95,63744.05,63326.85,63401.15,0
2026-02-28 09:25:00,63405.15,63573.05,63359.65,63479.35,0
2026-02-28 09:30:00,63475.05,63823.15,63432.55,63816.05,0
2026-02-28 09:35:00,63820.95,64299.55,63746.75,64180.55,0
2026-02-28 09:40:00,64173.95,64269.55,64027.65,64038.75,0
2026-02-28 09:45:00,64042.75,64044.75,63789.35,63789.35,0
2026-02-28 09:50:00,63789.95,63958.85,63780.75,63903.25,0
2026-02-28 09:55:00,63908.05,63929.65,63794.75,63800.8,0
2026-02-28 10:00:00,63798.85,63829.85,63588.45,63784.05,0
2026-02-28 10:35:00,63532.55,63683.85,63510.65,63636.55,0
2026-02-28 10:40:00,63635.25,63740.15,63569.15,63587.55,0
2026-02-28 10:45:00,63592.65,63662.55,63565.05,63615.05,0
2026-02-28 10:50:00,63615.05,63615.05,63440.85,63536.75,0
2026-02-28 10:55:00,63539.05,63564.15,63381.85,63444.45,0
2026-02-28 11:00:00,63441.65,63547.95,63418.55,63526.45,0
2026-02-28 11:05:00,63525.85,63567.75,63337.85,63358.65,0
2026-02-28 11:10:00,63359.55,63684.15,63339.75,63675.85,0
2026-02-28 11:15:00,63670.45,63675.55,63562.85,63566.65,0
2026-02-28 11:20:00,63566.65,63896.8,63564.65,63886.25,0
2026-02-28 11:25:00,63881.05,63914.05,63759.35,63810.75,0
2026-02-28 11:30:00,63810.35,63810.35,63690.85,63695.45,0
2026-02-28 11:35:00,63704.65,63708.05,63530.05,63618.15,0
2026-02-28 11:40:00,63617.85,63635.85,63557.75,63597.65,0
2026-02-28 11:45:00,63597.85,63639.85,63514.75,63552.95,0
2026-02-28 11:50:00,63554.55,63702.55,63546.75,63678.45,0
2026-02-28 11:55:00,63683.55,63683.55,63608.55,63628.65,0
2026-02-28 12:00:00,63628.15,63628.15,63449.15,63450.35,0
2026-02-28 12:05:00,63446.25,63558.95,63446.25,63521.35,0
2026-02-28 12:10:00,63518.95,63546.05,63478.65,63532.55,0
2026-02-28 12:15:00,63533.55,63723.25,63498.65,63718.85,0
2026-02-28 12:20:00,63715.5,63913.45,63709.95,63876.85,0
2026-02-28 12:25:00,63873.15,63924.95,63778.45,63814.45,0
2026-02-28 12:30:00,63815.65,64018.15,63808.45,63982.35,0
2026-02-28 12:35:00,63987.35,64002.65,63928.85,63965.45,0
2026-02-28 12:40:00,63963.05,63990.15,63916.15,63916.15,0
2026-02-28 12:45:00,63911.05,63932.65,63855.45,63923.95,0
2026-02-28 12:50:00,63928.05,63992.45,63853.85,63919.55,0
2026-02-28 12:55:00,63918.15,63998.35,63886.65,63977.05,0
2026-02-28 13:00:00,63977.05,64190.85,63933.15,64124.25,0
2026-02-28 13:05:00,64129.35,64135.75,64017.25,64024.25,0
2026-02-28 13:10:00,64022.85,64110.25,64017.75,64058.75,0
2026-02-28 13:15:00,64058.4,64070.85,64007.45,64031.55,0
2026-02-28 13:20:00,64030.35,64151.85,64030.35,64093.15,0
2026-02-28 13:25:00,64093.15,64274.35,64059.95,64223.35,0
2026-02-28 13:30:00,64217.05,64280.05,64145.65,64152.15,0
2026-02-28 13:35:00,64152.15,64152.25,64016.4,64017.45,0
2026-02-28 13:40:00,64017.45,64027.35,63958.55,63984.75,0
2026-02-28 13:45:00,63984.75,64049.65,63972.65,64013.45,0
2026-02-28 13:50:00,64012.2,64016.55,63920.45,63920.45,0
2026-02-28 13:55:00,63905.65,63941.45,63758.3,63811.85,0
2026-02-28 14:00:00,63813.35,63922.05,63807.05,63835.25,0
2026-02-28 14:05:00,63839.15,63949.35,63839.15,63867.55,0
2026-02-28 14:10:00,63868.35,63926.85,63856.55,63909.65,0
2026-02-28 14:15:00,63911.55,64019.55,63909.55,64017.15,0
2026-02-28 14:20:00,64012.55,64056.05,63952.85,63973.35,0
2026-02-28 14:25:00,63973.35,63973.45,63925.05,63973.45,0
2026-02-28 14:30:00,63976.15,64033.85,63970.0,63971.35,0
2026-02-28 14:35:00,63971.95,64036.55,63950.05,64012.85,0
2026-02-28 14:40:00,64009.95,64044.85,63987.15,63987.15,0
2026-02-28 14:45:00,63989.25,64021.45,63884.25,63906.15,0
2026-02-28 14:50:00,63906.15,63951.95,63801.45,63886.55,0
2026-02-28 14:55:00,63886.55,64016.95,63869.75,63989.85,0
2026-02-28 15:00:00,63993.75,64091.45,63880.95,63906.55,0
2026-02-28 15:05:00,63908.05,64009.25,63894.65,64001.95,0
2026-02-28 15:10:00,63998.45,64050.55,63987.9,64050.55,0
2026-02-28 15:15:00,64050.55,64154.95,64023.8,64024.85,0
2026-02-28 15:20:00,64025.65,64065.15,63962.95,64037.15,0
2026-02-28 15:25:00,64037.15,64065.05,64007.75,64011.35,0
2026-02-28 15:30:00,64011.35,64081.05,63990.55,64047.55,0
2026-02-28 15:35:00,64044.7,64044.7,63947.45,63956.35,0
2026-02-28 15:40:00,63956.05,64040.05,63879.25,64040.05,0
2026-02-28 15:45:00,64040.6,64798.05,64037.35,64504.75,0
2026-02-28 15:50:00,64499.55,65047.95,64377.4,64845.25,0
2026-02-28 15:55:00,64842.45,65190.15,64606.45,65081.45,0
2026-02-28 16:00:00,65088.15,65336.95,64730.95,64785.95,0
2026-02-28 16:05:00,64782.65,64982.25,64782.65,64898.05,0
2026-02-28 16:10:00,64895.25,65074.95,64768.95,64798.45,0
2026-02-28 16:15:00,64797.15,64895.95,64679.25,64815.95,0
2026-02-28 16:20:00,64816.55,64817.85,64620.85,64782.35,0
2026-02-28 16:25:00,64807.2,64845.25,64736.15,64769.85,0
2026-02-28 16:30:00,64767.75,64784.05,64655.1,64707.85,0
2026-02-28 16:35:00,64707.25,65134.95,64644.65,65098.85,0
2026-02-28 16:40:00,65096.05,65096.05,64875.05,64900.55,0
2026-02-28 16:45:00,64896.35,65007.85,64675.05,64725.55,0
2026-02-28 16:50:00,64726.2,64770.05,64357.35,64409.65,0
2026-02-28 16:55:00,64407.55,64460.95,64263.65,64405.85,0
2026-02-28 17:00:00,64409.65,64524.95,64391.05,64521.95,0
2026-02-28 17:05:00,64520.2,64568.95,64317.65,64380.15,0
2026-02-28 17:10:00,64381.1,64405.15,64179.05,64198.15,0
2026-02-28 17:15:00,64201.05,64380.65,64201.05,64380.65,0
2026-02-28 17:20:00,64384.35,64553.95,64368.75,64553.95,0
2026-02-28 17:25:00,64552.15,64819.75,64510.25,64728.85,0
2026-02-28 17:30:00,64729.25,64852.35,64619.35,64845.8,0
2026-02-28 17:35:00,64846.85,64996.65,64755.45,64763.75,0
2026-02-28 17:40:00,64768.45,64834.15,64748.05,64804.85,0
2026-02-28 17:45:00,64804.85,64845.65,64760.55,64786.15,0
2026-02-28 17:50:00,64788.75,64823.65,64705.75,64737.25,0
2026-02-28 17:55:00,64746.7,64880.65,64746.7,64813.75,0
2026-02-28 18:00:00,64813.65,64816.05,64678.45,64704.25,0
2026-02-28 18:05:00,64704.75,64867.45,64650.55,64820.35,0
2026-02-28 18:10:00,64817.15,64946.75,64782.75,64859.55,0
2026-02-28 18:15:00,64859.55,64887.95,64737.85,64737.85,0
2026-02-28 18:20:00,64733.4,64970.05,64723.75,64966.25,0
2026-02-28 18:25:00,64966.25,64975.75,64898.65,64910.35,0
2026-02-28 18:30:00,64910.25,64956.45,64867.25,64952.85,0
2026-02-28 18:35:00,64953.25,64953.25,64861.05,64908.05,0
2026-02-28 18:40:00,64908.15,65185.85,64886.95,65140.25,0
2026-02-28 18:45:00,65142.75,65172.65,64997.55,65038.95,0
2026-02-28 18:50:00,65042.65,65074.35,64968.35,65063.95,0
2026-02-28 18:55:00,65063.55,65154.75,65014.25,65068.25,0
2026-02-28 19:00:00,65069.05,65084.65,64987.55,65006.95,0
2026-02-28 19:05:00,65009.25,65034.3,64963.25,64971.95,0
2026-02-28 19:10:00,64971.95,65007.85,64911.15,64924.95,0
2026-02-28 19:15:00,64924.95,64972.25,64880.95,64909.25,0
2026-02-28 19:20:00,64909.25,64975.95,64867.95,64975.25,0
2026-02-28 19:25:00,64975.25,65106.95,64975.25,65076.45,0
2026-02-28 19:30:00,65076.45,65170.45,65067.05,65094.25,0
2026-02-28 19:35:00,65093.65,65093.65,65026.05,65054.75,0
2026-02-28 19:40:00,65058.75,65073.45,64880.35,64931.15,0
2026-02-28 19:45:00,64929.55,65149.35,64815.25,65092.65,0
2026-02-28 19:50:00,65093.15,65149.75,65090.65,65102.15,0
2026-02-28 19:55:00,65102.15,65516.35,65100.25,65412.15,0
2026-02-28 20:00:00,65406.95,65436.85,65292.95,65345.15,0
2026-02-28 20:05:00,65342.55,65431.85,65299.25,65345.05,0
2026-02-28 20:10:00,65350.15,65379.65,65237.3,65252.25,0
2026-02-28 20:15:00,65253.15,65320.25,65234.35,65310.25,0
2026-02-28 20:20:00,65307.55,65331.15,65159.35,65178.65,0
2026-02-28 20:25:00,65178.65,65224.25,65156.65,65156.75,0
2026-02-28 20:30:00,65165.65,65426.65,65165.65,65424.05,0
2026-02-28 20:35:00,65426.5,65793.95,65426.5,65689.35,0
2026-02-28 20:40:00,65693.75,65747.55,65585.4,65639.55,0
2026-02-28 20:45:00,65641.55,65741.15,65595.35,65688.75,0
2026-02-28 20:50:00,65690.35,65957.75,65664.35,65949.85,0
2026-02-28 20:55:00,65952.65,66135.85,65818.25,65881.75,0
2026-02-28 21:00:00,65875.9,65927.35,65729.85,65758.15,0
2026-02-28 21:05:00,65759.55,65767.4,65626.75,65641.15,0
2026-02-28 21:10:00,65625.05,65834.35,65569.35,65730.75,0
2026-02-28 21:15:00,65731.15,65786.65,65639.85,65664.25,0
2026-02-28 21:20:00,65659.85,65689.45,65630.05,65648.75,0
2026-02-28 21:25:00,65650.65,65766.65,65637.95,65698.65,0
2026-02-28 21:30:00,65705.25,66354.25,65684.45,66255.75,0
2026-02-28 21:35:00,66259.15,66630.95,66154.25,66561.05,0
2026-02-28 21:40:00,66563.7,66618.75,66225.25,66348.85,0
2026-02-28 21:45:00,66349.55,66537.35,66309.35,66510.45,0
2026-02-28 21:50:00,66508.75,66624.95,66400.05,66400.15,0
2026-02-28 21:55:00,66400.15,66428.75,66225.15,66322.25,0
2026-02-28 22:00:00,66327.15,66327.55,66174.65,66210.15,0
2026-02-28 22:05:00,66206.45,66316.45,66156.45,66303.25,0
2026-02-28 22:10:00,66307.25,66601.65,66307.15,66545.75,0
2026-02-28 22:15:00,66543.45,66697.05,66431.75,66565.55,0
2026-02-28 22:20:00,66563.75,67001.35,66553.65,66912.15,0
2026-02-28 22:25:00,66908.55,67018.15,66706.15,66721.35,0
2026-02-28 22:30:00,66722.35,66889.25,66656.05,66694.25,0
2026-02-28 22:35:00,66693.6,66757.45,66584.65,66695.45,0
2026-02-28 22:40:00,66697.85,66838.45,66679.65,66751.25,0
2026-02-28 22:45:00,66748.35,67124.95,66733.45,67015.85,0
2026-02-28 22:50:00,67008.35,67036.75,66864.55,66904.65,0
2026-02-28 22:55:00,66901.95,66931.25,66835.85,66925.45,0
2026-02-28 23:00:00,66927.75,66964.25,66422.65,66529.65,0
2026-02-28 23:05:00,66534.35,66595.35,66397.05,66445.55,0
2026-02-28 23:10:00,66447.25,66608.55,66378.85,66547.05,0
2026-02-28 23:15:00,66547.85,66561.75,66337.05,66369.75,0
2026-02-28 23:20:00,66374.35,66560.95,66374.35,66513.15,0
2026-02-28 23:25:00,66513.15,66529.15,66435.45,66445.85,0
2026-02-28 23:30:00,66449.75,66530.35,66375.25,66479.85,0
2026-02-28 23:35:00,66479.85,67010.4,66477.75,66803.15,0
2026-02-28 23:40:00,66796.45,66848.25,66737.35,66820.55,0
2026-02-28 23:45:00,66821.05,66930.35,66709.65,66743.45,0
2026-02-28 23:50:00,66739.7,66739.7,66511.65,66593.15,0
2026-02-28 23:55:00,66592.65,66751.55,66543.85,66698.85,0
2026-03-01 00:00:00,66700.75,66852.85,66593.45,66834.25,0
2026-03-01 00:05:00,66830.05,66868.55,66763.35,66812.75,0
2026-03-01 00:10:00,66806.05,66964.25,66788.05,66910.65,0
2026-03-01 00:15:00,66906.95,66971.65,66857.55,66942.05,0
2026-03-01 00:20:00,66942.05,67123.65,66932.65,67017.15,0
2026-03-01 00:25:00,67009.5,67074.05,66954.75,66972.45,0
2026-03-01 00:30:00,66974.15,67281.55,66930.35,67240.35,0
2026-03-01 00:35:00,67240.55,67726.55,67240.55,67510.15,0
2026-03-01 00:40:00,67507.3,67507.3,67152.25,67310.35,0
2026-03-01 00:45:00,67303.65,67596.25,67259.65,67470.65,0
2026-03-01 00:50:00,67469.85,67469.85,67176.15,67253.45,0
2026-03-01 00:55:00,67256.85,67284.55,67069.05,67089.05,0
2026-03-01 01:00:00,67087.15,67153.95,67039.75,67079.55,0
2026-03-01 01:05:00,67080.15,67179.25,67080.15,67159.95,0
2026-03-01 01:10:00,67163.05,67186.65,66883.25,66933.75,0
2026-03-01 01:15:00,66935.15,67001.45,66879.15,66940.35,0
2026-03-01 01:20:00,66940.35,67033.95,66940.35,66967.55,0
2026-03-01 01:25:00,66964.65,66964.65,66863.05,66874.05,0
2026-03-01 01:30:00,66874.05,66993.35,66863.05,66866.45,0
2026-03-01 01:35:00,66864.85,66941.95,66714.65,66750.35,0
2026-03-01 01:40:00,66750.35,66893.45,66750.35,66861.65,0
2026-03-01 01:45:00,66862.05,67019.75,66862.05,67007.95,0
2026-03-01 01:50:00,67007.95,67023.55,66941.75,66957.35,0
2026-03-01 01:55:00,66952.65,66986.85,66922.15,66945.65,0
2026-03-01 02:00:00,66945.2,67085.7,66925.05,67010.15,0
2026-03-01 02:05:00,67010.0,67024.15,66782.05,66798.25,0
2026-03-01 02:10:00,66798.25,66885.25,66794.75,66885.25,0
2026-03-01 02:15:00,66886.55,66906.85,66811.75,66834.85,0
2026-03-01 02:20:00,66834.85,67005.85,66834.85,66920.05,0
2026-03-01 02:25:00,66920.05,66928.45,66731.25,66751.15,0
2026-03-01 02:30:00,66750.25,66802.85,66680.65,66699.15,0
2026-03-01 02:35:00,66702.55,66794.35,66702.55,66715.25,0
2026-03-01 02:40:00,66715.9,66741.85,66600.85,66614.65,0
2026-03-01 02:45:00,66612.65,66759.25,66612.65,66678.95,0
2026-03-01 02:50:00,66679.75,66844.35,66665.75,66826.25,0
2026-03-01 02:55:00,66826.25,66850.65,66749.15,66765.75,0
2026-03-01 03:00:00,66767.15,66770.75,66569.45,66572.95,0
2026-03-01 03:05:00,66576.0,66647.95,66430.35,66435.35,0
2026-03-01 03:10:00,66436.85,66505.55,66166.95,66276.15,0
2026-03-01 03:15:00,66277.45,66290.95,66037.45,66182.05,0
2026-03-01 03:20:00,66184.35,66433.05,66184.35,66392.05,0
2026-03-01 03:25:00,66388.25,66421.25,66306.05,66323.45,0
2026-03-01 03:30:00,66324.15,66558.15,66267.3,66511.55,0
2026-03-01 03:35:00,66509.75,66751.85,66506.65,66636.95,0
2026-03-01 03:40:00,66631.65,66723.05,66599.45,66604.65,0
2026-03-01 03:45:00,66601.65,67324.85,66594.05,67315.55,0
2026-03-01 03:50:00,67308.55,67678.85,67262.65,67336.75,0
2026-03-01 03:55:00,67332.95,67332.95,67163.95,67315.05,0
2026-03-01 04:00:00,67318.05,68174.85,67312.75,67994.05,0
2026-03-01 04:05:00,67997.75,68095.45,67655.05,67747.15,0
2026-03-01 04:10:00,67752.55,67961.05,67683.65,67860.85,0
2026-03-01 04:15:00,67870.15,68072.35,67710.35,67759.45,0
2026-03-01 04:20:00,67761.95,67779.95,67607.05,67613.25,0
2026-03-01 04:25:00,67614.65,67782.95,67604.75,67735.95,0
2026-03-01 04:30:00,67729.85,67843.15,67630.15,67817.45,0
2026-03-01 04:35:00,67821.35,67925.95,67771.65,67776.65,0
2026-03-01 04:40:00,67777.95,68072.35,67735.45,68044.05,0
2026-03-01 04:45:00,68042.05,68143.55,67707.75,67732.45,0
2026-03-01 04:50:00,67733.55,67832.35,67684.85,67705.15,0
2026-03-01 04:55:00,67709.45,67750.25,67587.45,67593.35,0
2026-03-01 05:00:00,67589.15,67672.45,67585.55,67671.05,0
2026-03-01 05:05:00,67669.25,67754.05,67610.25,67743.05,0
2026-03-01 05:10:00,67746.15,67790.55,67667.45,67703.45,0
2026-03-01 05:15:00,67700.05,67736.65,67622.65,67665.55,0
2026-03-01 05:20:00,67666.2,67683.95,67380.05,67398.15,0
2026-03-01 05:25:00,67400.15,67571.65,67368.85,67544.25,0
2026-03-01 05:30:00,67537.0,67537.0,67413.35,67470.95,0
2026-03-01 05:35:00,67472.45,67558.15,67468.75,67496.25,0
2026-03-01 05:40:00,67498.65,67626.65,67468.75,67616.15,0
2026-03-01 05:45:00,67613.95,67676.75,67509.45,67637.15,0
2026-03-01 05:50:00,67633.45,67650.75,67475.65,67490.25,0
2026-03-01 05:55:00,67488.75,67539.35,67386.75,67480.05,0
2026-03-01 06:00:00,67483.35,67586.8,67483.35,67501.15,0
2026-03-01 06:05:00,67501.15,67501.15,67342.15,67344.25,0
2026-03-01 06:10:00,67347.05,67409.25,67259.25,67263.85,0
2026-03-01 06:15:00,67261.45,67321.15,67056.85,67157.65,0
2026-03-01 06:20:00,67158.65,67272.25,67158.65,67212.65,0
2026-03-01 06:25:00,67209.8,67311.35,67156.05,67296.65,0
2026-03-01 06:30:00,67294.45,67317.35,67237.85,67293.05,0
2026-03-01 06:35:00,67288.75,67376.05,67265.55,67266.95,0
2026-03-01 06:40:00,67265.55,67408.25,67249.25,67372.75,0
2026-03-01 06:45:00,67372.75,67390.25,67321.95,67327.25,0
2026-03-01 06:50:00,67328.05,67370.65,67296.75,67307.15,0
2026-03-01 06:55:00,67303.45,67334.95,67269.65,67319.35,0
2026-03-01 07:00:00,67320.75,67432.65,67304.95,67304.95,0
2026-03-01 07:05:00,67304.95,67336.25,67178.05,67336.25,0
2026-03-01 07:10:00,67336.75,67416.75,67291.95,67303.45,0
2026-03-01 07:15:00,67306.45,67399.05,67302.35,67389.65,0
2026-03-01 07:20:00,67390.85,67551.35,67390.85,67481.85,0
2026-03-01 07:25:00,67483.35,67492.05,67436.25,67436.25,0
2026-03-01 07:30:00,67433.25,67508.45,67433.25,67505.75,0
2026-03-01 07:35:00,67505.2,67537.05,67452.15,67491.15,0
2026-03-01 07:40:00,67491.15,67491.15,67352.15,67359.55,0
2026-03-01 07:45:00,67359.55,67412.55,67320.55,67412.55,0
2026-03-01 07:50:00,67412.55,67412.55,67255.8,67263.25,0
2026-03-01 07:55:00,67265.25,67302.55,67251.45,67271.65,0
2026-03-01 08:00:00,67271.65,67324.75,67201.55,67240.45,0
2026-03-01 08:05:00,67239.85,67242.25,67067.65,67087.05,0
2026-03-01 08:10:00,67085.15,67098.05,66897.85,67058.75,0
2026-03-01 08:15:00,67062.25,67139.75,66951.05,66951.05,0
2026-03-01 08:20:00,66956.35,67102.45,66940.95,67051.65,0
2026-03-01 08:25:00,67053.75,67135.95,67024.15,67024.15,0
2026-03-01 08:30:00,67024.15,67062.95,66870.95,66870.95,0
2026-03-01 08:35:00,66870.95,66928.35,66822.65,66861.65,0
2026-03-01 08:40:00,66863.95,66923.85,66778.35,66903.95,0
2026-03-01 08:45:00,66907.75,66907.75,66770.55,66800.65,0
2026-03-01 08:50:00,66804.95,66922.25,66804.95,66904.45,0
2026-03-01 08:55:00,66904.3,66945.25,66896.05,66903.95,0
2026-03-01 09:00:00,66904.15,66925.15,66790.75,66808.05,0
2026-03-01 09:05:00,66808.05,66849.75,66767.95,66845.05,0
2026-03-01 09:10:00,66845.05,67043.85,66845.05,66998.45,0
2026-03-01 09:15:00,66998.45,67015.75,66941.95,66976.85,0
2026-03-01 09:20:00,66974.75,67053.75,66964.75,66980.95,0
2026-03-01 09:25:00,66978.75,66981.55,66929.85,66967.45,0
2026-03-01 09:30:00,66966.25,67069.75,66880.55,67069.75,0
2026-03-01 09:35:00,67070.35,67191.25,67068.95,67156.65,0
2026-03-01 09:40:00,67151.65,67207.45,67058.55,67070.95,0
2026-03-01 09:45:00,67070.95,67139.95,67055.85,67061.05,0
2026-03-01 09:50:00,67061.05,67148.55,67055.25,67094.65,0
2026-03-01 09:55:00,67094.65,67114.85,67070.25,67110.55,0
2026-03-01 10:00:00,67110.95,67147.65,66917.65,66941.45,0
2026-03-01 10:05:00,66941.55,67112.65,66888.35,67103.75,0
2026-03-01 10:10:00,67102.65,67264.05,67089.65,67246.85,0
2026-03-01 10:15:00,67246.85,67250.35,67172.85,67202.95,0
2026-03-01 10:20:00,67202.95,67269.05,67095.85,67244.05,0
2026-03-01 10:25:00,67243.95,67267.05,67189.35,67205.05,0
2026-03-01 10:30:00,67205.05,67226.85,67114.55,67150.45,0
2026-03-01 10:35:00,67151.65,67208.65,67120.35,67204.05,0
2026-03-01 10:40:00,67200.35,67240.35,67116.15,67116.15,0
2026-03-01 10:45:00,67116.15,67124.65,66938.15,66941.55,0
2026-03-01 10:50:00,66942.75,66962.95,66442.95,66478.95,0
2026-03-01 10:55:00,66494.45,66629.55,66447.45,66541.85,0
2026-03-01 11:00:00,66546.0,66674.35,66330.05,66605.85,0
2026-03-01 11:05:00,66604.15,66625.95,66470.95,66575.75,0
2026-03-01 11:10:00,66575.75,66612.45,66533.45,66567.35,0
2026-03-01 11:15:00,66566.6,66751.95,66548.05,66683.85,0
2026-03-01 11:20:00,66685.65,66716.25,66565.35,66565.35,0
2026-03-01 11:25:00,66573.35,66621.05,66521.75,66590.95,0
2026-03-01 11:30:00,66592.25,66628.85,66406.0,66421.25,0
2026-03-01 11:35:00,66423.75,66459.35,66277.35,66312.55,0
2026-03-01 11:40:00,66315.85,66376.75,66239.05,66273.55,0
2026-03-01 11:45:00,66269.45,66327.55,66216.7,66327.55,0
2026-03-01 11:50:00,66323.95,66397.85,66277.55,66346.35,0
2026-03-01 11:55:00,66348.55,66416.15,66312.85,66383.75,0
2026-03-01 12:00:00,66383.75,66484.15,66262.55,66320.75,0
2026-03-01 12:05:00,66321.55,66402.25,66198.85,66397.05,0
2026-03-01 12:10:00,66399.95,66520.15,66342.15,66499.75,0
2026-03-01 12:15:00,66495.05,66495.05,66411.55,66444.15,0
2026-03-01 12:20:00,66439.45,66507.05,66422.25,66507.05,0
2026-03-01 12:25:00,66507.05,66580.15,66492.15,66552.25,0
2026-03-01 12:30:00,66552.25,66605.95,66517.15,66562.95,0
2026-03-01 12:35:00,66568.35,66711.35,66455.05,66462.65,0
2026-03-01 12:40:00,66457.35,66500.65,66368.05,66379.65,0
2026-03-01 12:45:00,66379.65,66499.85,66340.45,66445.25,0
2026-03-01 12:50:00,66444.85,66477.45,66389.75,66443.15,0
2026-03-01 12:55:00,66443.15,66477.85,66424.55,66439.95,0
2026-03-01 13:00:00,66439.95,66466.15,66421.75,66451.65,0
2026-03-01 13:05:00,66451.35,66535.35,66447.95,66489.75,0
2026-03-01 13:10:00,66492.45,66502.55,66464.65,66488.35,0
2026-03-01 13:15:00,66489.55,66639.45,66486.75,66567.65,0
2026-03-01 13:20:00,66565.65,66626.15,66508.35,66533.35,0
2026-03-01 13:25:00,66533.35,66575.75,66527.05,66534.75,0
2026-03-01 13:30:00,66532.75,66561.95,66394.55,66419.45,0
2026-03-01 13:35:00,66421.15,66491.85,66404.15,66452.85,0
2026-03-01 13:40:00,66452.85,66511.45,66351.85,66366.45,0
2026-03-01 13:45:00,66367.05,66470.65,66367.05,66422.25,0
2026-03-01 13:50:00,66422.25,66477.55,66409.05,66474.05,0
2026-03-01 13:55:00,66474.95,66486.95,66426.45,66445.25,0
2026-03-01 14:00:00,66445.25,66513.45,66432.35,66461.25,0
2026-03-01 14:05:00,66463.65,66521.85,66416.85,66512.75,0
2026-03-01 14:10:00,66512.75,66513.45,66480.25,66485.55,0
2026-03-01 14:15:00,66483.25,66529.75,66457.45,66526.05,0
2026-03-01 14:20:00,66518.75,66519.25,66407.65,66435.45,0
2026-03-01 14:25:00,66435.45,66462.45,66388.05,66398.35,0
2026-03-01 14:30:00,66397.35,66436.15,66253.45,66268.15,0
2026-03-01 14:35:00,66266.65,66331.35,66218.95,66314.15,0
2026-03-01 14:40:00,66316.35,66488.95,66316.35,66464.25,0
2026-03-01 14:45:00,66463.25,66475.75,66310.95,66324.55,0
2026-03-01 14:50:00,66324.55,66331.95,66262.55,66322.05,0
2026-03-01 14:55:00,66322.05,66338.35,66262.9,66271.65,0
2026-03-01 15:00:00,66271.65,66349.65,66179.65,66251.95,0
2026-03-01 15:05:00,66254.85,66395.05,66254.85,66308.35,0
2026-03-01 15:10:00,66307.45,66348.25,66285.95,66285.95,0
2026-03-01 15:15:00,66288.05,66388.95,66288.05,66314.05,0
2026-03-01 15:20:00,66312.35,66313.45,66101.65,66206.95,0
2026-03-01 15:25:00,66205.05,66373.35,66205.05,66298.75,0
2026-03-01 15:30:00,66299.65,66325.45,66218.85,66284.95,0
2026-03-01 15:35:00,66284.95,66330.15,66220.85,66264.85,0
2026-03-01 15:40:00,66268.45,66361.05,66268.45,66330.65,0
2026-03-01 15:45:00,66330.05,66375.65,66325.35,66356.45,0
2026-03-01 15:50:00,66356.45,67331.15,66356.45,67120.15,0
2026-03-01 15:55:00,67126.55,67198.95,66853.05,66914.75,0
2026-03-01 16:00:00,66921.35,67110.65,66809.45,66955.75,0
2026-03-01 16:05:00,66956.75,67286.95,66948.25,67029.25,0
2026-03-01 16:10:00,67029.95,67137.35,66954.45,67045.15,0
2026-03-01 16:15:00,67045.85,67100.85,66936.65,66991.55,0
2026-03-01 16:20:00,66991.85,66997.95,66737.05,66878.85,0
2026-03-01 16:25:00,66880.05,66960.15,66831.05,66903.35,0
2026-03-01 16:30:00,66901.05,67028.45,66810.3,66976.95,0
2026-03-01 16:35:00,66976.95,66979.05,66847.75,66879.65,0
2026-03-01 16:40:00,66879.65,66952.45,66732.65,66813.25,0
2026-03-01 16:45:00,66807.95,66958.85,66762.45,66890.85,0
2026-03-01 16:50:00,66891.45,66897.95,66751.45,66828.55,0
2026-03-01 16:55:00,66831.55,66878.65,66783.75,66841.45,0
2026-03-01 17:00:00,66827.7,66969.65,66808.15,66931.15,0
2026-03-01 17:05:00,66931.15,66971.95,66818.55,66947.35,0
2026-03-01 17:10:00,66948.65,67090.95,66912.15,67090.95,0
2026-03-01 17:15:00,67092.65,67224.25,67037.55,67091.75,0
2026-03-01 17:20:00,67087.95,67158.75,66970.65,67036.65,0
2026-03-01 17:25:00,67036.65,67169.95,67036.65,67049.85,0
2026-03-01 17:30:00,67064.25,67155.65,67064.25,67154.85,0
2026-03-01 17:35:00,67158.75,67193.55,67069.85,67174.75,0
2026-03-01 17:40:00,67173.95,67210.75,67112.15,67183.55,0
2026-03-01 17:45:00,67179.85,67193.25,67130.35,67148.65,0
2026-03-01 17:50:00,67151.85,67220.65,67053.75,67072.65,0
2026-03-01 17:55:00,67072.65,67146.85,66795.55,66820.95,0
2026-03-01 18:00:00,66823.05,66991.15,66665.75,66925.65,0
2026-03-01 18:05:00,66928.25,66945.45,66837.95,66942.25,0
2026-03-01 18:10:00,66944.05,66998.0,66906.75,66920.45,0
2026-03-01 18:15:00,66920.25,67014.95,66898.05,66917.75,0
2026-03-01 18:20:00,66921.45,66937.15,66786.15,66880.35,0
2026-03-01 18:25:00,66881.55,67088.15,66873.65,66999.85,0
2026-03-01 18:30:00,67003.75,67018.95,66942.85,66988.05,0
2026-03-01 18:35:00,66992.15,67042.05,66957.75,66974.95,0
2026-03-01 18:40:00,66972.05,66972.05,66804.25,66804.25,0
2026-03-01 18:45:00,66804.6,66813.05,65843.95,66073.65,0
2026-03-01 18:50:00,66071.15,66180.05,65797.45,66099.75,0
2026-03-01 18:55:00,66099.85,66207.45,66076.65,66117.45,0
2026-03-01 19:00:00,66096.95,66198.55,65958.25,66105.65,0
2026-03-01 19:05:00,66102.95,66188.05,66071.65,66161.05,0
2026-03-01 19:10:00,66158.6,66199.45,65980.25,66084.85,0
2026-03-01 19:15:00,66083.55,66099.45,65696.15,65810.55,0
2026-03-01 19:20:00,65817.15,66040.65,65715.05,65973.55,0
2026-03-01 19:25:00,65980.85,66048.05,65938.65,65998.65,0
2026-03-01 19:30:00,65998.75,66052.55,65907.25,66041.05,0
2026-03-01 19:35:00,66036.05,66110.05,66003.25,66003.25,0
2026-03-01 19:40:00,66003.25,66075.15,65981.95,65995.35,0
2026-03-01 19:45:00,65994.65,66082.85,65907.55,66019.45,0
2026-03-01 19:50:00,66022.65,66093.75,65982.75,65987.35,0
2026-03-01 19:55:00,65987.9,66065.85,65944.85,65960.55,0
2026-03-01 20:00:00,65963.05,66479.05,65956.45,66363.35,0
2026-03-01 20:05:00,66365.75,66575.55,66365.75,66462.95,0
2026-03-01 20:10:00,66462.85,66462.85,66352.45,66370.85,0
2026-03-01 20:15:00,66373.35,66630.45,66362.15,66362.15,0
2026-03-01 20:20:00,66364.05,66446.45,66336.35,66337.45,0
2026-03-01 20:25:00,66366.5,66408.45,66348.25,66389.95,0
2026-03-01 20:30:00,66388.35,66410.95,66214.35,66380.75,0
2026-03-01 20:35:00,66388.35,66429.85,66337.15,66360.95,0
2026-03-01 20:40:00,66362.75,66405.85,66322.55,66344.55,0
2026-03-01 20:45:00,66344.55,66405.85,66331.55,66357.05,0
2026-03-01 20:50:00,66349.55,66361.75,66249.15,66261.65,0
2026-03-01 20:55:00,66264.05,66296.35,66218.75,66291.65,0
2026-03-01 21:00:00,66293.15,66328.55,66243.25,66243.25,0
2026-03-01 21:05:00,66244.95,66280.85,66131.65,66280.25,0
2026-03-01 21:10:00,66280.95,66292.35,66029.35,66043.35,0
2026-03-01 21:15:00,66043.75,66094.95,65918.55,66029.85,0
2026-03-01 21:20:00,66025.35,66038.95,65951.05,65994.05,0
2026-03-01 21:25:00,65997.15,66011.95,65937.15,65981.55,0
2026-03-01 21:30:00,65985.55,66084.05,65936.05,65973.55,0
2026-03-01 21:35:00,65976.85,66033.95,65961.45,65968.45,0
2026-03-01 21:40:00,65968.45,66012.35,65737.1,65794.85,0
2026-03-01 21:45:00,65799.55,65921.25,65796.85,65876.45,0
2026-03-01 21:50:00,65880.55,65889.95,65782.55,65889.95,0
2026-03-01 21:55:00,65908.35,65981.65,65879.65,65933.35,0
2026-03-01 22:00:00,65930.95,65932.45,65796.55,65895.75,0
2026-03-01 22:05:00,65893.45,65928.05,65543.15,65556.35,0
2026-03-01 22:10:00,65559.65,65575.95,65352.75,65432.45,0
2026-03-01 22:15:00,65436.05,65582.75,65387.65,65469.25,0
2026-03-01 22:20:00,65468.85,65529.55,65351.25,65400.25,0
2026-03-01 22:25:00,65403.35,65449.75,65280.45,65280.45,0
2026-03-01 22:30:00,65282.05,65339.85,65075.05,65174.35,0
2026-03-01 22:35:00,65180.75,65258.45,65053.85,65174.85,0
2026-03-01 22:40:00,65177.55,65246.55,65090.45,65219.95,0
2026-03-01 22:45:00,65214.05,65284.95,65168.25,65198.95,0
2026-03-01 22:50:00,65211.4,65366.95,65206.15,65286.25,0
2026-03-01 22:55:00,65286.25,65361.95,65255.15,65268.95,0
2026-03-01 23:00:00,65268.85,65381.25,65261.25,65261.25,0
2026-03-01 23:05:00,65259.25,65348.75,65253.65,65317.35,0
2026-03-01 23:10:00,65317.35,65509.15,65316.55,65487.45,0
2026-03-01 23:15:00,65480.05,65557.45,65453.95,65550.25,0
2026-03-01 23:20:00,65553.45,65663.25,65533.25,65583.55,0
2026-03-01 23:25:00,65574.9,65586.65,65468.2,65574.05,0
2026-03-01 23:30:00,65574.05,65616.15,65512.95,65531.95,0
2026-03-01 23:35:00,65532.95,65644.65,65532.95,65638.95,0
2026-03-01 23:40:00,65638.85,65674.95,65520.35,65642.05,0
2026-03-01 23:45:00,65643.35,65651.65,65552.55,65644.35,0
2026-03-01 23:50:00,65651.6,65674.05,65610.75,65639.85,0
2026-03-01 23:55:00,65639.85,65724.95,65637.45,65637.95,0
2026-03-02 00:00:00,65631.55,65757.35,65590.05,65703.65,0
2026-03-02 00:05:00,65699.65,65718.35,65503.15,65503.15,0
2026-03-02 00:10:00,65500.05,66467.35,65489.95,65980.25,0
2026-03-02 00:15:00,65984.55,66168.25,65954.45,66067.55,0
2026-03-02 00:20:00,66066.25,66101.85,65960.85,66095.25,0
2026-03-02 00:25:00,66093.4,66093.4,65736.75,65843.05,0
2026-03-02 00:30:00,65845.85,65924.85,65240.35,65278.15,0
2026-03-02 00:35:00,65279.75,65411.35,65102.35,65269.85,0
2026-03-02 00:40:00,65271.35,65525.85,65232.65,65368.35,0
2026-03-02 00:45:00,65364.55,65378.45,65012.45,65121.35,0
2026-03-02 00:50:00,65131.85,65338.95,65131.85,65322.55,0
2026-03-02 00:55:00,65322.55,65340.65,65167.35,65238.25,0
2026-03-02 01:00:00,65238.75,65674.95,65093.15,65673.05,0
2026-03-02 01:05:00,65676.05,66012.55,65641.95,66002.15,0
2026-03-02 01:10:00,65999.05,66060.95,65769.45,65779.65,0
2026-03-02 01:15:00,65780.95,65870.65,65709.85,65795.05,0
2026-03-02 01:20:00,65792.3,65851.05,65650.05,65759.85,0
2026-03-02 01:25:00,65762.25,65767.55,65588.55,65614.05,0
2026-03-02 01:30:00,65607.55,65671.55,65582.75,65585.55,0
2026-03-02 01:35:00,65586.9,65844.85,65586.9,65825.25,0
2026-03-02 01:40:00,65825.25,65840.25,65638.25,65720.35,0
2026-03-02 01:45:00,65727.25,65848.75,65650.25,65796.95,0
2026-03-02 01:50:00,65800.55,65800.95,65633.45,65674.75,0
2026-03-02 01:55:00,65675.65,65752.75,65638.75,65752.75,0
2026-03-02 02:00:00,65753.05,65898.45,65728.25,65876.65,0
2026-03-02 02:05:00,65873.15,65997.45,65773.55,65988.05,0
2026-03-02 02:10:00,65990.85,66194.65,65958.15,65958.15,0
2026-03-02 02:15:00,65953.25,65953.25,65778.75,65905.55,0
2026-03-02 02:20:00,65907.0,66015.25,65813.55,65991.65,0
2026-03-02 02:25:00,65987.75,66042.25,65830.35,65910.15,0
2026-03-02 02:30:00,65908.05,66098.05,65903.65,65962.45,0
2026-03-02 02:35:00,65967.35,66148.55,65961.05,66102.55,0
2026-03-02 02:40:00,66104.05,66570.75,66059.25,66558.65,0
2026-03-02 02:45:00,66587.25,66767.85,66436.85,66544.35,0
2026-03-02 02:50:00,66551.9,66711.15,66455.55,66519.95,0
2026-03-02 02:55:00,66522.25,66578.65,66465.45,66486.25,0
2026-03-02 03:00:00,66483.25,66625.35,66375.05,66510.75,0
2026-03-02 03:05:00,66504.25,66764.15,66339.05,66719.25,0
2026-03-02 03:10:00,66725.25,67052.55,66725.25,66902.65,0
2026-03-02 03:15:00,66906.75,66989.05,66769.65,66781.35,0
2026-03-02 03:20:00,66778.15,66778.15,66551.65,66572.45,0
2026-03-02 03:25:00,66566.85,66625.55,66466.35,66537.35,0
2026-03-02 03:30:00,66539.65,66637.05,66520.65,66581.65,0
2026-03-02 03:35:00,66574.65,66607.35,66509.35,66595.95,0
2026-03-02 03:40:00,66603.95,66674.95,66516.25,66550.65,0
2026-03-02 03:45:00,66550.65,66599.75,66391.55,66467.85,0
2026-03-02 03:50:00,66470.15,66639.75,66434.35,66593.15,0
2026-03-02 03:55:00,66590.05,66593.15,66472.45,66505.65,0
2026-03-02 04:00:00,66508.55,66570.35,66449.75,66531.95,0
2026-03-02 04:05:00,66531.95,66591.95,66111.95,66155.85,0
2026-03-02 04:10:00,66154.15,66159.45,65866.15,66071.85,0
2026-03-02 04:15:00,66074.75,66185.95,66013.25,66056.45,0
2026-03-02 04:20:00,66058.95,66224.95,66008.55,66185.55,0
2026-03-02 04:25:00,66182.35,66224.95,66148.25,66173.85,0
2026-03-02 04:30:00,66180.75,66360.55,66137.55,66303.05,0
2026-03-02 04:35:00,66302.45,66424.95,66282.95,66379.05,0
2026-03-02 04:40:00,66379.05,66392.45,66254.05,66291.85,0
2026-03-02 04:45:00,66291.85,66373.95,66201.75,66208.35,0
2026-03-02 04:50:00,66215.1,66297.25,66197.85,66228.3,0
2026-03-02 04:55:00,66229.75,66342.55,66228.45,66251.35,0
2026-03-02 05:00:00,66254.75,66269.25,66079.45,66149.85,0
2026-03-02 05:05:00,66151.95,66351.45,66143.65,66330.45,0
2026-03-02 05:10:00,66332.65,66577.95,66332.65,66470.85,0
2026-03-02 05:15:00,66470.85,66621.45,66439.15,66599.65,0
2026-03-02 05:20:00,66602.45,66778.75,66583.15,66739.55,0
2026-03-02 05:25:00,66738.1,66842.55,66650.55,66754.55,0
2026-03-02 05:30:00,66754.55,66862.15,66681.25,66728.95,0
2026-03-02 05:35:00,66726.85,67018.15,66716.25,66846.45,0
2026-03-02 05:40:00,66846.45,66926.75,66811.85,66862.65,0
2026-03-02 05:45:00,66864.45,66921.15,66849.35,66868.35,0
2026-03-02 05:50:00,66873.4,67001.35,66831.25,66855.5,0
2026-03-02 05:55:00,66853.35,66868.85,66781.45,66799.05,0
2026-03-02 06:00:00,66801.35,66821.55,66718.65,66718.65,0
2026-03-02 06:05:00,66714.95,66761.85,66691.25,66706.65,0
2026-03-02 06:10:00,66703.35,66748.35,66654.35,66719.25,0
2026-03-02 06:15:00,66720.5,66787.05,66636.05,66690.45,0
2026-03-02 06:20:00,66693.35,66852.95,66642.75,66759.45,0
2026-03-02 06:25:00,66757.65,66926.7,66756.55,66910.65,0
2026-03-02 06:30:00,66905.75,66955.55,66821.75,66904.65,0
2026-03-02 06:35:00,66904.65,66904.65,66747.65,66816.15,0
2026-03-02 06:40:00,66818.15,66849.95,66744.05,66795.85,0
2026-03-02 06:45:00,66794.65,66796.75,66611.45,66646.25,0
2026-03-02 06:50:00,66645.25,66743.85,66609.65,66723.55,0
2026-03-02 06:55:00,66719.95,66838.65,66690.65,66838.65,0
2026-03-02 07:00:00,66835.95,66874.95,66651.95,66661.55,0
2026-03-02 07:05:00,66660.25,66660.85,66532.25,66627.25,0
2026-03-02 07:10:00,66628.45,66703.55,66628.45,66688.85,0
2026-03-02 07:15:00,66688.85,66806.35,66688.85,66734.15,0
2026-03-02 07:20:00,66730.25,66754.05,66575.65,66612.35,0
2026-03-02 07:25:00,66613.05,66709.45,66613.05,66652.05,0
2026-03-02 07:30:00,66656.15,66736.45,66640.55,66724.15,0
2026-03-02 07:35:00,66721.95,66784.05,66709.85,66731.55,0
2026-03-02 07:40:00,66731.05,66972.95,66718.35,66957.05,0
2026-03-02 07:45:00,66953.65,66961.95,66822.05,66875.85,0
2026-03-02 07:50:00,66876.25,66894.85,66797.7,66810.25,0
2026-03-02 07:55:00,66809.95,66813.45,66653.85,66707.65,0
2026-03-02 08:00:00,66710.75,66716.15,66508.45,66572.45,0
2026-03-02 08:05:00,66572.45,66613.25,66493.75,66531.75,0
2026-03-02 08:10:00,66535.45,66594.15,66535.25,66586.55,0
2026-03-02 08:15:00,66586.55,66619.45,66205.65,66205.65,0
2026-03-02 08:20:00,66208.25,66263.75,66037.55,66125.35,0
2026-03-02 08:25:00,66126.45,66271.75,66126.45,66252.05,0
2026-03-02 08:30:00,66255.75,66289.65,66186.25,66286.15,0
2026-03-02 08:35:00,66286.15,66286.15,66161.75,66217.35,0
2026-03-02 08:40:00,66217.35,66271.15,66177.25,66241.95,0
2026-03-02 08:45:00,66245.45,66246.45,66069.45,66141.25,0
2026-03-02 08:50:00,66134.95,66169.05,66033.15,66138.95,0
2026-03-02 08:55:00,66143.15,66224.65,66143.15,66185.45,0
2026-03-02 09:00:00,66182.65,66191.05,65944.25,65948.65,0
2026-03-02 09:05:00,65949.55,66005.15,65625.15,65646.65,0
2026-03-02 09:10:00,65647.35,65767.25,65604.15,65673.35,0
2026-03-02 09:15:00,65674.25,65735.75,65530.85,65532.15,0
2026-03-02 09:20:00,65533.95,65744.05,65525.05,65726.95,0
2026-03-02 09:25:00,65725.95,65836.75,65712.15,65774.95,0
2026-03-02 09:30:00,65774.35,65855.95,65759.55,65778.65,0
2026-03-02 09:35:00,65779.85,65965.55,65779.85,65961.35,0
2026-03-02 09:40:00,65963.55,65963.55,65876.45,65949.75,0
2026-03-02 09:45:00,65948.55,65970.35,65875.35,65925.05,0
2026-03-02 09:50:00,65931.35,65959.85,65900.55,65900.55,0
2026-03-02 09:55:00,65901.45,66003.55,65881.05,65986.05,0
2026-03-02 10:00:00,65990.75,65995.05,65743.15,65802.85,0
2026-03-02 10:05:00,65803.3,65903.45,65788.35,65874.65,0
2026-03-02 10:10:00,65874.65,66038.25,65640.25,66038.25,0
2026-03-02 10:15:00,66039.45,66090.75,65805.35,65969.45,0
2026-03-02 10:20:00,65966.95,65971.35,65684.55,65743.05,0
2026-03-02 10:25:00,65740.0,65807.95,65633.45,65716.65,0
2026-03-02 10:30:00,65716.35,65847.25,65705.65,65764.45,0
2026-03-02 10:35:00,65763.25,65930.75,65744.65,65903.25,0
2026-03-02 10:40:00,65902.3,66001.95,65882.85,65956.15,0
2026-03-02 10:45:00,65960.55,66055.85,65953.45,66036.95,0
2026-03-02 10:50:00,66033.65,66281.75,66033.65,66193.45,0
2026-03-02 10:55:00,66193.45,66280.05,66188.55,66260.65,0
2026-03-02 11:00:00,66252.7,66374.95,66185.15,66208.85,0
2026-03-02 11:05:00,66206.95,66342.55,66185.05,66338.55,0
2026-03-02 11:10:00,66338.55,66479.65,66338.55,66374.95,0
2026-03-02 11:15:00,66394.05,66579.95,66381.15,66516.75,0
2026-03-02 11:20:00,66515.05,66707.35,66413.95,66478.35,0
2026-03-02 11:25:00,66484.35,66498.95,66364.35,66381.75,0
2026-03-02 11:30:00,66382.65,66501.75,66380.45,66449.95,0
2026-03-02 11:35:00,66448.25,66515.95,66363.75,66368.55,0
2026-03-02 11:40:00,66363.75,66402.25,66302.95,66363.45,0
2026-03-02 11:45:00,66360.05,66360.05,66295.05,66328.85,0
2026-03-02 11:50:00,66331.05,66359.45,66225.05,66280.75,0
2026-03-02 11:55:00,66278.45,66300.55,66148.05,66148.05,0
2026-03-02 12:00:00,66146.65,66338.05,66095.15,66270.25,0
2026-03-02 12:05:00,66272.55,66327.75,66244.85,66292.35,0
2026-03-02 12:10:00,66292.35,66306.15,66058.05,66120.85,0
2026-03-02 12:15:00,66120.3,66186.95,66117.65,66154.05,0
2026-03-02 12:20:00,66154.05,66211.55,66129.35,66201.85,0
2026-03-02 12:25:00,66196.75,66244.55,66130.65,66234.85,0
2026-03-02 12:30:00,66233.25,66271.55,66189.35,66262.95,0
2026-03-02 12:35:00,66262.95,66366.95,66133.95,66362.55,0
2026-03-02 12:40:00,66361.85,66361.85,66200.55,66262.15,0
2026-03-02 12:45:00,66263.35,66272.85,66196.75,66265.05,0
2026-03-02 12:50:00,66259.95,66272.35,66115.35,66185.55,0
2026-03-02 12:55:00,66186.85,66304.55,66141.85,66297.65,0
2026-03-02 13:00:00,66293.45,66293.45,66179.55,66259.55,0
2026-03-02 13:05:00,66256.3,66263.75,66035.05,66090.05,0
2026-03-02 13:10:00,66081.9,66163.05,66067.05,66069.25,0
2026-03-02 13:15:00,66072.65,66132.75,66014.6,66132.75,0
2026-03-02 13:20:00,66137.35,66220.25,66016.15,66166.35,0
2026-03-02 13:25:00,66166.35,66189.95,66009.15,66052.35,0
2026-03-02 13:30:00,66052.25,66121.55,65984.65,66059.15,0
2026-03-02 13:35:00,66059.15,66229.35,66057.65,66191.15,0
2026-03-02 13:40:00,66191.05,66336.45,66169.45,66273.55,0
2026-03-02 13:45:00,66276.65,66447.15,66272.05,66328.75,0
2026-03-02 13:50:00,66331.3,66381.65,66225.05,66231.15,0
2026-03-02 13:55:00,66232.55,66341.85,66232.55,66341.85,0
2026-03-02 14:00:00,66340.75,66372.55,66228.25,66356.35,0
2026-03-02 14:05:00,66351.65,66353.65,66294.95,66320.85,0
2026-03-02 14:10:00,66320.85,66362.15,66286.75,66318.85,0
2026-03-02 14:15:00,66317.05,66317.05,66159.75,66189.55,0
2026-03-02 14:20:00,66185.35,66229.95,66059.95,66096.15,0
2026-03-02 14:25:00,66096.35,66132.65,66091.65,66112.15,0
2026-03-02 14:30:00,66106.9,66132.95,66045.15,66103.65,0
2026-03-02 14:35:00,66103.65,66103.65,65957.65,66020.55,0
2026-03-02 14:40:00,66016.05,66040.65,65943.55,65965.75,0
2026-03-02 14:45:00,65962.65,65991.25,65890.15,65974.65,0
2026-03-02 14:50:00,65974.65,66026.85,65959.95,65967.45,0
2026-03-02 14:55:00,65965.15,65965.15,65889.25,65938.15,0
2026-03-02 15:00:00,65937.15,65954.05,65841.55,65860.25,0
2026-03-02 15:05:00,65858.15,65985.25,65762.05,65821.85,0
2026-03-02 15:10:00,65821.15,65941.85,65811.25,65837.95,0
2026-03-02 15:15:00,65834.65,65967.35,65809.45,65927.85,0
2026-03-02 15:20:00,65924.05,66060.5,65916.75,66023.55,0
2026-03-02 15:25:00,66022.55,66116.75,65733.05,65793.95,0
2026-03-02 15:30:00,65795.8,65914.85,65691.15,65828.15,0
2026-03-02 15:35:00,65825.85,65899.85,65694.05,65714.75,0
2026-03-02 15:40:00,65719.55,65766.15,65506.15,65564.35,0
2026-03-02 15:45:00,65568.35,65621.15,65458.75,65462.05,0
2026-03-02 15:50:00,65459.75,65485.25,65335.05,65414.25,0
2026-03-02 15:55:00,65414.35,65473.75,65365.45,65423.95,0
2026-03-02 16:00:00,65423.45,65425.45,65248.65,65393.15,0
2026-03-02 16:05:00,65393.55,65534.35,65393.55,65498.75,0
2026-03-02 16:10:00,65495.85,65595.45,65459.05,65528.85,0
2026-03-02 16:15:00,65527.1,65604.25,65429.45,65462.55,0
2026-03-02 16:20:00,65465.75,65521.55,65353.15,65458.55,0
2026-03-02 16:25:00,65457.7,65644.25,65360.55,65560.05,0
2026-03-02 16:30:00,65564.65,66332.65,65552.65,66232.05,0
2026-03-02 16:35:00,66226.35,66423.85,66046.75,66316.15,0
2026-03-02 16:40:00,66321.45,66646.55,66200.25,66601.45,0
2026-03-02 16:45:00,66595.95,67014.2,66473.25,66973.45,0
2026-03-02 16:50:00,66967.75,67196.75,66859.85,66948.55,0
2026-03-02 16:55:00,66942.15,67162.25,66818.05,67152.45,0
2026-03-02 17:00:00,67152.15,67410.55,66962.55,67234.95,0
2026-03-02 17:05:00,67244.95,67792.55,67218.25,67711.15,0
2026-03-02 17:10:00,67712.35,68435.35,67711.15,68406.25,0
2026-03-02 17:15:00,68409.55,68598.25,68254.25,68353.85,0
2026-03-02 17:20:00,68351.1,68746.15,68351.1,68620.55,0
2026-03-02 17:25:00,68617.15,68784.65,68396.85,68542.95,0
2026-03-02 17:30:00,68537.25,68915.35,68411.65,68844.65,0
2026-03-02 17:35:00,68845.95,69441.15,68845.95,69411.15,0
2026-03-02 17:40:00,69412.85,69502.45,69176.55,69483.95,0
2026-03-02 17:45:00,69480.65,69579.35,69247.25,69247.25,0
2026-03-02 17:50:00,69244.05,69447.05,68759.05,68927.55,0
2026-03-02 17:55:00,68934.55,69148.55,68863.05,69098.65,0
2026-03-02 18:00:00,69105.35,69264.35,68900.85,69242.25,0
2026-03-02 18:05:00,69238.55,69731.65,69133.75,69704.25,0
2026-03-02 18:10:00,69711.25,69748.95,69535.95,69633.55,0
2026-03-02 18:15:00,69639.35,69649.65,69381.2,69426.55,0
2026-03-02 18:20:00,69433.45,69724.95,69416.55,69562.95,0
2026-03-02 18:25:00,69566.15,69600.05,69261.05,69358.25,0
2026-03-02 18:30:00,69351.35,69487.05,69166.85,69244.35,0
2026-03-02 18:35:00,69237.45,69338.35,69043.95,69147.75,0
2026-03-02 18:40:00,69144.75,69854.95,69137.25,69835.25,0
2026-03-02 18:45:00,69829.45,70075.55,69738.25,69799.35,0
2026-03-02 18:50:00,69802.95,69814.35,69599.15,69605.55,0
2026-03-02 18:55:00,69591.65,69611.85,69373.35,69409.25,0
2026-03-02 19:00:00,69403.95,69552.15,69332.75,69535.25,0
2026-03-02 19:05:00,69536.95,69536.95,69261.25,69283.75,0
2026-03-02 19:10:00,69287.6,69453.65,69227.25,69385.35,0
2026-03-02 19:15:00,69386.2,69519.15,69146.55,69256.75,0
2026-03-02 19:20:00,69250.55,69429.55,69243.75,69377.85,0
2026-03-02 19:25:00,69383.65,69411.55,69181.15,69375.85,0
2026-03-02 19:30:00,69375.05,69416.75,69258.25,69269.15,0
2026-03-02 19:35:00,69270.35,69404.25,69071.35,69071.35,0
2026-03-02 19:40:00,69078.25,69174.95,68783.35,68818.35,0
2026-03-02 19:45:00,68819.2,68993.15,68765.15,68930.15,0
2026-03-02 19:50:00,68932.65,69173.85,68882.05,69149.95,0
2026-03-02 19:55:00,69151.95,69174.95,69013.95,69174.95,0
2026-03-02 20:00:00,69174.65,69174.65,68711.65,68905.95,0
2026-03-02 20:05:00,68909.35,69049.25,68909.35,68991.35,0
2026-03-02 20:10:00,68992.95,69165.25,68920.65,69164.15,0
2026-03-02 20:15:00,69162.7,69162.7,68964.85,68978.75,0
2026-03-02 20:20:00,68980.25,69062.95,68929.55,69017.55,0
2026-03-02 20:25:00,69013.35,69175.95,68960.35,69067.65,0
2026-03-02 20:30:00,69078.2,69248.95,69004.45,69164.15,0
2026-03-02 20:35:00,69161.35,69174.95,68974.35,69035.25,0
2026-03-02 20:40:00,69038.65,69104.15,68907.05,69104.15,0
2026-03-02 20:45:00,69099.35,69155.65,68964.25,69082.15,0
2026-03-02 20:50:00,69086.85,69155.55,68897.95,69016.25,0
2026-03-02 20:55:00,69021.65,69027.35,68801.25,68857.55,0
2026-03-02 21:00:00,68857.85,68917.05,68687.5,68871.85,0
2026-03-02 21:05:00,68867.15,68875.25,68569.75,68749.05,0
2026-03-02 21:10:00,68747.95,68747.95,68544.75,68724.75,0
2026-03-02 21:15:00,68725.65,68886.05,68715.05,68843.55,0
2026-03-02 21:20:00,68840.55,68937.25,68748.85,68812.15,0
2026-03-02 21:25:00,68808.65,68863.85,68769.95,68795.45,0
2026-03-02 21:30:00,68797.6,68943.35,68700.85,68874.75,0
2026-03-02 21:35:00,68874.5,69032.95,68845.35,68845.35,0
2026-03-02 21:40:00,68851.4,68876.35,68755.75,68755.75,0
2026-03-02 21:45:00,68761.55,68900.55,68736.15,68898.45,0
2026-03-02 21:50:00,68903.65,68979.05,68836.35,68900.55,0
2026-03-02 21:55:00,68895.7,68986.45,68879.65,68938.35,0
2026-03-02 22:00:00,68934.25,69182.95,68893.35,69105.05,0
2026-03-02 22:05:00,69105.05,69128.25,68767.95,68848.75,0
2026-03-02 22:10:00,68854.05,68858.75,68543.45,68696.55,0
2026-03-02 22:15:00,68693.55,68950.45,68634.55,68846.05,0
2026-03-02 22:20:00,68852.95,68963.85,68786.05,68943.45,0
2026-03-02 22:25:00,68940.75,69028.65,68868.95,68911.05,0
2026-03-02 22:30:00,68918.85,69117.35,68875.15,69065.65,0
2026-03-02 22:35:00,69064.75,69129.15,68994.35,69015.75,0
2026-03-02 22:40:00,69021.45,69187.85,69005.25,69184.75,0
2026-03-02 22:45:00,69183.25,69384.05,69166.65,69361.75,0
2026-03-02 22:50:00,69362.95,69482.45,69259.05,69302.55,0
2026-03-02 22:55:00,69300.9,69346.95,69063.7,69063.7,0
2026-03-02 23:00:00,69074.25,69142.25,68972.35,69061.85,0
2026-03-02 23:05:00,69055.05,69238.25,69044.45,69154.85,0
2026-03-02 23:10:00,69148.65,69274.95,69050.65,69246.75,0
2026-03-02 23:15:00,69252.95,69263.55,69168.85,69168.85,0
2026-03-02 23:20:00,69173.25,69384.55,69136.35,69376.75,0
2026-03-02 23:25:00,69380.25,69402.35,69269.55,69390.95,0
2026-03-02 23:30:00,69396.55,69411.25,69304.85,69389.65,0
2026-03-02 23:35:00,69389.65,69417.15,69333.65,69417.15,0
2026-03-02 23:40:00,69420.75,69427.3,69344.45,69427.3,0
2026-03-02 23:45:00,69430.25,69507.25,69400.15,69416.25,0
2026-03-02 23:50:00,69417.55,69486.55,69370.95,69430.35,0
2026-03-02 23:55:00,69436.15,69470.45,69343.55,69382.25,0
2026-03-03 00:00:00,69379.5,69469.25,69302.45,69306.65,0
2026-03-03 00:05:00,69312.45,69460.95,69312.45,69417.45,0
2026-03-03 00:10:00,69417.45,69434.05,69182.75,69215.55,0
2026-03-03 00:15:00,69213.85,69238.55,69112.45,69178.0,0
2026-03-03 00:20:00,69175.41,69271.15,69162.65,69252.25,0
2026-03-03 00:25:00,69247.35,69357.15,69234.45,69335.55,0
2026-03-03 00:30:00,69332.45,69415.05,69260.55,69274.45,0
2026-03-03 00:35:00,69274.45,69359.95,69267.45,69343.75,0
2026-03-03 00:40:00,69341.45,69382.25,69280.85,69382.25,0
2026-03-03 00:45:00,69383.95,69393.55,69263.15,69278.95,0
2026-03-03 00:50:00,69277.85,69333.85,69229.85,69312.35,0
2026-03-03 00:55:00,69308.95,69415.55,69260.75,69415.55,0
2026-03-03 01:00:00,69410.2,69457.45,69225.15,69305.05,0
2026-03-03 01:05:00,69304.05,69331.85,69262.35,69279.55,0
2026-03-03 01:10:00,69277.2,69338.95,69185.05,69198.05,0
2026-03-03 01:15:00,69194.95,69236.85,69128.85,69215.95,0
2026-03-03 01:20:00,69215.05,69234.05,68971.15,69041.45,0
2026-03-03 01:25:00,69043.85,69107.55,68963.05,68979.45,0
2026-03-03 01:30:00,68982.35,68989.15,68783.75,68815.75,0
2026-03-03 01:35:00,68815.15,68889.15,68750.85,68804.95,0
2026-03-03 01:40:00,68805.45,68835.55,68728.35,68771.95,0
2026-03-03 01:45:00,68768.15,68934.35,68713.35,68885.65,0
2026-03-03 01:50:00,68889.75,68892.45,68745.25,68787.35,0
2026-03-03 01:55:00,68789.65,68825.75,68734.75,68805.85,0
2026-03-03 02:00:00,68805.15,68938.45,68740.35,68920.35,0
2026-03-03 02:05:00,68920.15,68981.65,68857.05,68909.45,0
2026-03-03 02:10:00,68909.35,68917.65,68716.45,68784.05,0
2026-03-03 02:15:00,68787.05,68860.35,68675.05,68688.85,0
2026-03-03 02:20:00,68692.85,68743.75,68613.2,68703.75,0
2026-03-03 02:25:00,68699.55,68776.55,68645.35,68776.55,0
2026-03-03 02:30:00,68777.35,68959.75,68655.95,68923.75,0
2026-03-03 02:35:00,68920.55,69091.75,68896.95,69073.65,0
2026-03-03 02:40:00,69074.3,69133.65,69064.95,69075.55,0
2026-03-03 02:45:00,69077.75,69140.85,68903.55,68951.95,0
2026-03-03 02:50:00,68957.45,69003.75,68882.55,68957.45,0
2026-03-03 02:55:00,68956.35,69088.75,68886.75,69060.55,0
2026-03-03 03:00:00,69060.1,69070.85,68897.65,69040.05,0
2026-03-03 03:05:00,69044.25,69134.95,68993.55,69065.65,0
2026-03-03 03:10:00,69063.95,69225.0,69037.05,69096.95,0
2026-03-03 03:15:00,69101.25,69117.65,68853.35,68882.55,0
2026-03-03 03:20:00,68883.15,69006.65,68855.05,68977.65,0
2026-03-03 03:25:00,68971.05,69026.95,68867.85,68880.15,0
2026-03-03 03:30:00,68878.55,69036.05,68726.65,68958.15,0
2026-03-03 03:35:00,68955.35,68970.65,68875.05,68970.65,0
2026-03-03 03:40:00,68968.95,69024.95,68836.75,68993.55,0
2026-03-03 03:45:00,68992.35,69024.95,68827.45,69024.95,0
2026-03-03 03:50:00,69024.35,69024.35,68841.45,68842.75,0
2026-03-03 03:55:00,68835.6,68876.05,68718.65,68728.05,0
2026-03-03 04:00:00,68729.95,68747.15,68388.75,68550.25,0
2026-03-03 04:05:00,68546.8,68676.35,68477.65,68601.25,0
2026-03-03 04:10:00,68595.25,68669.25,68569.15,68577.55,0
2026-03-03 04:15:00,68583.55,68626.05,68447.65,68507.45,0
2026-03-03 04:20:00,68504.35,68504.35,68196.45,68358.75,0
2026-03-03 04:25:00,68355.15,68448.45,68323.95,68438.65,0
2026-03-03 04:30:00,68431.85,68507.75,68390.15,68475.85,0
2026-03-03 04:35:00,68469.25,68469.35,68365.55,68375.35,0
2026-03-03 04:40:00,68375.35,68434.8,68349.65,68434.65,0
2026-03-03 04:45:00,68432.35,68605.55,68411.15,68563.95,0
2026-03-03 04:50:00,68563.45,68573.65,68451.05,68458.85,0
2026-03-03 04:55:00,68459.85,68537.15,68459.85,68487.15,0
2026-03-03 05:00:00,68490.75,68524.35,68366.35,68385.65,0
2026-03-03 05:05:00,68385.65,68402.55,68305.85,68341.65,0
2026-03-03 05:10:00,68342.05,68444.95,68316.55,68433.45,0
2026-03-03 05:15:00,68437.05,68463.85,68244.75,68299.55,0
2026-03-03 05:20:00,68299.55,68318.95,68206.15,68310.85,0
2026-03-03 05:25:00,68304.65,68416.15,68277.65,68398.55,0
2026-03-03 05:30:00,68398.55,68479.05,68329.75,68460.3,0
2026-03-03 05:35:00,68461.75,68520.95,68424.95,68445.15,0
2026-03-03 05:40:00,68445.15,68445.15,68331.25,68391.35,0
2026-03-03 05:45:00,68391.35,68403.75,68302.85,68327.35,0
2026-03-03 05:50:00,68328.65,68372.95,68287.45,68305.75,0
2026-03-03 05:55:00,68305.75,68370.15,68286.85,68348.05,0
2026-03-03 06:00:00,68354.25,68431.75,68347.25,68407.05,0
2026-03-03 06:05:00,68407.05,68424.75,68297.15,68310.45,0
2026-03-03 06:10:00,68312.45,68414.95,68303.65,68343.65,0
2026-03-03 06:15:00,68344.3,68361.15,68260.55,68347.75,0
2026-03-03 06:20:00,68349.05,68384.95,68292.45,68326.05,0
2026-03-03 06:25:00,68326.95,68338.65,68258.35,68298.05,0
2026-03-03 06:30:00,68298.05,68355.35,68298.05,68324.65,0
2026-03-03 06:35:00,68327.05,68363.65,68210.15,68243.25,0
2026-03-03 06:40:00,68243.25,68248.15,68140.05,68170.05,0
2026-03-03 06:45:00,68170.05,68183.55,68048.55,68065.15,0
2026-03-03 06:50:00,68063.35,68128.95,68015.9,68097.45,0
2026-03-03 06:55:00,68095.05,68111.25,68062.15,68092.95,0
2026-03-03 07:00:00,68089.55,68164.85,68026.65,68117.15,0
2026-03-03 07:05:00,68109.15,68308.65,68014.35,68264.05,0
2026-03-03 07:10:00,68265.85,68364.75,68235.15,68364.75,0
2026-03-03 07:15:00,68363.95,68538.35,68352.35,68484.55,0
2026-03-03 07:20:00,68483.55,68483.55,68287.25,68397.85,0
2026-03-03 07:25:00,68399.95,68426.95,68368.05,68383.45,0
2026-03-03 07:30:00,68379.15,68386.25,68154.15,68194.55,0
2026-03-03 07:35:00,68190.75,68212.35,68048.55,68124.25,0
2026-03-03 07:40:00,68121.05,68141.75,68034.35,68053.45,0
2026-03-03 07:45:00,68045.45,68095.65,67845.05,67845.05,0
2026-03-03 07:50:00,67845.75,67961.75,67820.05,67925.65,0
2026-03-03 07:55:00,67926.7,67964.55,67826.35,67923.45,0
2026-03-03 08:00:00,67922.25,68014.45,67875.05,67876.95,0
2026-03-03 08:05:00,67878.1,67959.25,67836.95,67910.25,0
2026-03-03 08:10:00,67907.35,67944.15,67806.05,67944.15,0
2026-03-03 08:15:00,67940.95,67946.15,67855.95,67924.05,0
2026-03-03 08:20:00,67923.45,67982.05,67867.35,67867.35,0
2026-03-03 08:25:00,67869.45,67952.85,67852.65,67874.85,0
2026-03-03 08:30:00,67871.45,67907.35,67843.65,67856.05,0
2026-03-03 08:35:00,67856.05,67958.95,67833.95,67915.45,0
2026-03-03 08:40:00,67912.55,67985.25,67890.45,67976.15,0
2026-03-03 08:45:00,67973.45,67973.45,67775.05,67839.65,0
2026-03-03 08:50:00,67846.75,67993.85,67846.75,67993.85,0
2026-03-03 08:55:00,68000.15,68185.65,67994.95,68079.35,0
2026-03-03 09:00:00,68076.75,68099.25,67925.65,68099.25,0
2026-03-03 09:05:00,68095.75,68127.25,67977.85,68016.05,0
2026-03-03 09:10:00,68020.65,68139.75,67963.95,68139.05,0
2026-03-03 09:15:00,68139.05,68242.15,68046.25,68181.25,0
2026-03-03 09:20:00,68176.95,68218.85,68111.45,68218.85,0
2026-03-03 09:25:00,68218.75,68218.75,68133.55,68211.55,0
2026-03-03 09:30:00,68211.55,68211.55,68091.25,68108.15,0
2026-03-03 09:35:00,68108.15,68108.15,68039.45,68061.25,0
2026-03-03 09:40:00,68060.25,68202.55,68037.65,68189.65,0
2026-03-03 09:45:00,68188.55,68227.45,68134.55,68143.55,0
2026-03-03 09:50:00,68140.45,68210.25,68097.95,68193.55,0
2026-03-03 09:55:00,68192.55,68210.35,68141.55,68147.65,0
2026-03-03 10:00:00,68141.75,68187.85,68093.95,68135.65,0
2026-03-03 10:05:00,68141.25,68181.35,68057.85,68137.95,0
2026-03-03 10:10:00,68140.95,68291.75,67952.15,67987.75,0
2026-03-03 10:15:00,67987.85,68081.45,67910.25,67971.15,0
2026-03-03 10:20:00,67966.95,67994.95,67831.25,67910.05,0
2026-03-03 10:25:00,67907.65,67912.35,67685.35,67732.05,0
2026-03-03 10:30:00,67730.55,67734.55,67581.55,67605.85,0
2026-03-03 10:35:00,67612.15,67717.95,67480.05,67485.85,0
2026-03-03 10:40:00,67486.05,67497.65,67284.65,67322.75,0
2026-03-03 10:45:00,67322.25,67337.55,67096.85,67123.25,0
2026-03-03 10:50:00,67116.55,67159.45,67052.05,67074.25,0
2026-03-03 10:55:00,67071.7,67074.25,66871.25,66972.05,0
2026-03-03 11:00:00,66973.05,67088.35,66925.05,66929.55,0
2026-03-03 11:05:00,66927.55,67162.95,66843.15,67125.55,0
2026-03-03 11:10:00,67123.95,67126.65,67005.55,67060.35,0
2026-03-03 11:15:00,67058.75,67113.05,66981.55,67113.05,0
2026-03-03 11:20:00,67107.45,67107.45,66910.75,66982.25,0
2026-03-03 11:25:00,66982.7,66993.15,66566.55,66607.25,0
2026-03-03 11:30:00,66604.6,66628.05,66322.25,66601.75,0
2026-03-03 11:35:00,66608.05,66682.85,66475.05,66621.15,0
2026-03-03 11:40:00,66619.85,66619.85,66481.85,66516.05,0
2026-03-03 11:45:00,66514.35,66514.35,66395.05,66435.05,0
2026-03-03 11:50:00,66434.95,66552.55,66383.05,66516.45,0
2026-03-03 11:55:00,66519.25,66645.35,66514.75,66623.35,0
2026-03-03 12:00:00,66622.85,66634.95,66460.35,66594.15,0
2026-03-03 12:05:00,66593.25,66612.15,66459.05,66465.75,0
2026-03-03 12:10:00,66463.35,66566.05,66436.35,66472.95,0
2026-03-03 12:15:00,66472.95,66573.25,66414.05,66513.25,0
2026-03-03 12:20:00,66514.25,66678.35,66514.25,66612.85,0
2026-03-03 12:25:00,66611.05,66632.9,66476.35,66492.05,0
2026-03-03 12:30:00,66489.7,66532.45,66431.45,66475.15,0
2026-03-03 12:35:00,66475.15,66531.35,66433.65,66433.65,0
2026-03-03 12:40:00,66433.8,66682.85,66431.35,66682.85,0
2026-03-03 12:45:00,66684.0,66983.95,66684.0,66948.95,0
2026-03-03 12:50:00,66948.95,66948.95,66719.05,66734.65,0
2026-03-03 12:55:00,66734.65,66834.85,66679.35,66834.85,0
2026-03-03 13:00:00,66831.15,66995.25,66780.55,66952.55,0
2026-03-03 13:05:00,66952.35,66961.15,66799.95,66948.25,0
2026-03-03 13:10:00,66945.55,67047.45,66914.25,66940.45,0
2026-03-03 13:15:00,66935.65,66935.65,66746.05,66754.65,0
2026-03-03 13:20:00,66757.85,66985.25,66748.45,66955.05,0
2026-03-03 13:25:00,66950.25,66969.35,66796.35,66808.25,0
2026-03-03 13:30:00,66814.95,66902.15,66792.25,66860.65,0
2026-03-03 13:35:00,66863.65,67040.45,66841.55,67037.85,0
2026-03-03 13:40:00,67035.0,67063.35,66977.25,67046.95,0
2026-03-03 13:45:00,67043.95,67139.55,67015.75,67031.85,0
2026-03-03 13:50:00,67028.75,67028.75,66962.35,66976.75,0
2026-03-03 13:55:00,66976.75,67094.65,66920.4,67003.25,0
2026-03-03 14:00:00,67000.6,67214.95,67000.6,67214.95,0
2026-03-03 14:05:00,67214.95,67499.35,67176.55,67479.55,0
2026-03-03 14:10:00,67482.35,67944.6,67430.65,67711.25,0
2026-03-03 14:15:00,67712.75,67731.15,67489.25,67507.35,0
2026-03-03 14:20:00,67506.25,67520.25,67370.35,67506.05,0
2026-03-03 14:25:00,67505.8,67587.45,67473.85,67551.95,0
2026-03-03 14:30:00,67550.65,67564.35,67347.25,67393.35,0
2026-03-03 14:35:00,67396.55,67423.35,67289.05,67396.55,0
2026-03-03 14:40:00,67395.2,67409.65,67261.85,67331.05,0
2026-03-03 14:45:00,67332.95,67393.35,67262.95,67361.15,0
2026-03-03 14:50:00,67360.55,67364.25,67225.45,67364.25,0
2026-03-03 14:55:00,67364.95,67454.05,67344.45,67367.25,0
2026-03-03 15:00:00,67369.95,67409.15,67123.35,67124.55,0
2026-03-03 15:05:00,67125.95,67216.95,67065.55,67168.75,0
2026-03-03 15:10:00,67171.95,67226.55,66948.95,66948.95,0
2026-03-03 15:15:00,66946.25,67168.25,66943.45,67095.55,0
2026-03-03 15:20:00,67094.85,67149.05,67040.45,67071.85,0
2026-03-03 15:25:00,67070.25,67113.55,67006.05,67076.55,0
2026-03-03 15:30:00,67078.05,67078.45,66820.05,67005.85,0
2026-03-03 15:35:00,67008.75,67048.55,66918.35,66949.15,0
2026-03-03 15:40:00,66949.9,67003.95,66822.35,66831.45,0
2026-03-03 15:45:00,66828.95,66828.95,66611.05,66709.55,0
2026-03-03 15:50:00,66713.8,66906.55,66699.55,66881.85,0
2026-03-03 15:55:00,66881.45,66938.45,66765.85,66901.65,0
2026-03-03 16:00:00,66903.75,67187.35,66823.45,67187.35,0
2026-03-03 16:05:00,67182.65,67229.65,67072.25,67182.55,0
2026-03-03 16:10:00,67179.15,67179.15,67052.35,67141.45,0
2026-03-03 16:15:00,67140.65,67158.55,66987.55,67086.45,0
2026-03-03 16:20:00,67084.65,67329.25,67057.55,67155.95,0
2026-03-03 16:25:00,67149.25,67202.95,67056.25,67088.45,0
2026-03-03 16:30:00,67086.45,67555.75,66775.75,66845.55,0
2026-03-03 16:35:00,66847.65,67244.05,66761.35,66973.45,0
2026-03-03 16:40:00,66966.85,67057.15,66346.7,66427.15,0
2026-03-03 16:45:00,66435.15,66651.05,66125.95,66255.45,0
2026-03-03 16:50:00,66258.65,66776.85,66239.95,66764.75,0
2026-03-03 16:55:00,66762.45,66792.45,66516.85,66544.25,0
2026-03-03 17:00:00,66541.0,66740.55,66466.55,66616.05,0
2026-03-03 17:05:00,66617.6,66867.55,66585.85,66684.75,0
2026-03-03 17:10:00,66681.85,66870.95,66564.95,66843.25,0
2026-03-03 17:15:00,66849.05,66989.05,66529.05,66529.95,0
2026-03-03 17:20:00,66521.85,66731.45,66436.05,66689.85,0
2026-03-03 17:25:00,66687.85,66835.65,66671.85,66792.05,0
2026-03-03 17:30:00,66791.25,67286.15,66781.85,67221.75,0
2026-03-03 17:35:00,67228.45,67536.75,67212.25,67536.75,0
2026-03-03 17:40:00,67530.0,67814.55,67425.05,67502.15,0
2026-03-03 17:45:00,67500.35,67791.85,67496.45,67743.95,0
2026-03-03 17:50:00,67737.85,67737.85,67457.95,67546.15,0
2026-03-03 17:55:00,67548.5,67753.55,67464.65,67708.15,0
2026-03-03 18:00:00,67704.85,67930.15,67630.65,67918.15,0
2026-03-03 18:05:00,67915.2,68541.85,67913.35,68538.85,0
2026-03-03 18:10:00,68541.85,68597.65,68193.25,68443.05,0
2026-03-03 18:15:00,68435.85,68570.85,68236.65,68343.95,0
2026-03-03 18:20:00,68343.55,68870.85,68297.25,68859.25,0
2026-03-03 18:25:00,68864.85,68980.25,68742.05,68806.65,0
2026-03-03 18:30:00,68805.25,68805.25,68233.45,68352.25,0
2026-03-03 18:35:00,68349.15,68415.15,67773.75,67825.35,0
2026-03-03 18:40:00,67825.85,67886.65,67457.45,67702.85,0
2026-03-03 18:45:00,67708.35,68193.65,67691.45,68036.55,0
2026-03-03 18:50:00,68043.35,68270.95,67943.05,68211.25,0
2026-03-03 18:55:00,68213.55,68437.45,68118.25,68143.75,0
2026-03-03 19:00:00,68147.75,68202.35,67813.15,67968.55,0
2026-03-03 19:05:00,67971.55,68097.65,67851.95,67872.65,0
2026-03-03 19:10:00,67874.55,67927.65,67596.75,67912.95,0
2026-03-03 19:15:00,67919.65,68092.55,67849.25,68062.25,0
2026-03-03 19:20:00,68068.25,68251.55,67863.25,68196.95,0
2026-03-03 19:25:00,68198.55,68243.55,68040.05,68206.35,0
2026-03-03 19:30:00,68204.75,68205.45,67733.75,67841.35,0
2026-03-03 19:35:00,67838.55,68028.25,67741.95,67963.65,0
2026-03-03 19:40:00,67967.05,68162.45,67948.65,68119.95,0
2026-03-03 19:45:00,68116.45,68367.55,67982.45,68261.05,0
2026-03-03 19:50:00,68257.75,68378.25,68201.75,68256.95,0
2026-03-03 19:55:00,68252.0,68316.95,68109.55,68288.65,0
2026-03-03 20:00:00,68284.95,68417.55,68202.05,68235.05,0
2026-03-03 20:05:00,68235.8,68380.05,68206.45,68242.75,0
2026-03-03 20:10:00,68239.05,68239.05,67949.7,68055.95,0
2026-03-03 20:15:00,68057.65,68394.95,68052.25,68269.15,0
2026-03-03 20:20:00,68271.75,68523.55,68271.75,68456.55,0
2026-03-03 20:25:00,68454.55,68574.45,68406.05,68441.65,0
2026-03-03 20:30:00,68438.35,68815.55,68401.75,68649.95,0
2026-03-03 20:35:00,68647.55,68893.45,68549.25,68735.55,0
2026-03-03 20:40:00,68737.65,68816.25,68579.55,68660.25,0
2026-03-03 20:45:00,68659.9,68699.05,68510.95,68699.05,0
2026-03-03 20:50:00,68699.55,68754.85,68605.85,68696.15,0
2026-03-03 20:55:00,68694.5,68694.5,68514.25,68606.15,0
2026-03-03 21:00:00,68607.75,68645.65,68505.35,68615.85,0
2026-03-03 21:05:00,68616.95,68668.45,68339.25,68358.05,0
2026-03-03 21:10:00,68358.55,68668.85,68293.25,68592.45,0
2026-03-03 21:15:00,68592.95,68638.95,68458.05,68638.95,0
2026-03-03 21:20:00,68639.25,68851.55,68639.25,68770.15,0
2026-03-03 21:25:00,68764.15,68855.15,68574.35,68626.85,0
2026-03-03 21:30:00,68628.25,68662.45,68435.25,68463.15,0
2026-03-03 21:35:00,68458.55,68778.85,68325.15,68576.65,0
2026-03-03 21:40:00,68579.3,68723.15,68451.65,68681.05,0
2026-03-03 21:45:00,68681.45,68731.85,68485.45,68559.35,0
2026-03-03 21:50:00,68560.65,68687.55,68432.05,68488.65,0
2026-03-03 21:55:00,68487.05,68507.65,68400.55,68410.85,0
2026-03-03 22:00:00,68412.35,68485.05,68343.05,68444.55,0
2026-03-03 22:05:00,68450.15,68467.95,68279.95,68330.35,0
2026-03-03 22:10:00,68329.1,68332.3,68203.15,68203.15,0
2026-03-03 22:15:00,68139.75,68298.85,68127.95,68222.55,0
2026-03-03 22:20:00,68223.4,68357.65,68223.4,68313.05,0
2026-03-03 22:25:00,68315.95,68458.85,68250.85,68366.75,0
2026-03-03 22:30:00,68368.55,68478.65,68313.15,68349.35,0
2026-03-03 22:35:00,68349.45,68568.45,68322.35,68329.55,0
2026-03-03 22:40:00,68332.95,68461.05,68332.95,68451.9,0
2026-03-03 22:45:00,68452.15,68474.55,68284.05,68394.75,0
2026-03-03 22:50:00,68396.75,68406.95,68060.95,68218.85,0
2026-03-03 22:55:00,68218.45,68247.35,68141.55,68236.95,0
2026-03-03 23:00:00,68224.45,68235.35,67966.15,68018.55,0
2026-03-03 23:05:00,68021.15,68071.75,67826.45,68017.95,0
2026-03-03 23:10:00,68032.05,68057.35,67981.45,68021.55,0
2026-03-03 23:15:00,68020.05,68052.35,67905.95,68028.25,0
2026-03-03 23:20:00,68028.25,68091.35,67972.05,68045.75,0
2026-03-03 23:25:00,68049.55,68052.05,67794.05,67910.65,0
2026-03-03 23:30:00,67911.95,67962.05,67867.85,67881.35,0
2026-03-03 23:35:00,67881.35,68014.05,67858.45,67864.05,0
2026-03-03 23:40:00,67880.25,68023.05,67880.25,68003.35,0
2026-03-03 23:45:00,68000.65,68020.75,67944.05,67983.95,0
2026-03-03 23:50:00,67981.35,68065.35,67958.55,68024.05,0
2026-03-03 23:55:00,68024.05,68082.55,67992.55,67992.55,0
2026-03-04 00:00:00,67993.55,68499.35,67993.55,68275.35,0
2026-03-04 00:05:00,68275.45,68461.15,68221.05,68362.75,0
2026-03-04 00:10:00,68363.95,68387.75,68257.65,68282.25,0
2026-03-04 00:15:00,68285.55,68313.15,68220.65,68231.45,0
2026-03-04 00:20:00,68231.45,68364.55,68141.75,68217.35,0
2026-03-04 00:25:00,68212.75,68271.75,68204.05,68230.05,0
2026-03-04 00:30:00,68230.05,68298.65,68154.25,68268.25,0
2026-03-04 00:35:00,68268.25,68363.35,68253.15,68253.15,0
2026-03-04 00:40:00,68254.95,68379.35,68254.95,68379.35,0
2026-03-04 00:45:00,68379.45,68412.75,68207.45,68269.85,0
2026-03-04 00:50:00,68272.75,68347.65,68268.35,68293.95,0
2026-03-04 00:55:00,68293.95,68357.25,68172.05,68288.15,0
2026-03-04 01:00:00,68294.25,68386.35,68221.85,68313.85,0
2026-03-04 01:05:00,68313.75,68433.85,68261.45,68420.05,0
2026-03-04 01:10:00,68420.05,68832.1,68412.85,68665.95,0
2026-03-04 01:15:00,68667.25,68695.45,68483.05,68531.85,0
2026-03-04 01:20:00,68528.1,68568.55,68480.15,68500.15,0
2026-03-04 01:25:00,68499.75,68519.95,68412.25,68460.95,0
2026-03-04 01:30:00,68463.3,68560.75,68408.85,68422.35,0
2026-03-04 01:35:00,68424.75,68491.75,68383.25,68398.95,0
2026-03-04 01:40:00,68399.95,68502.75,68399.95,68428.75,0
2026-03-04 01:45:00,68428.95,68491.35,68365.05,68395.05,0
2026-03-04 01:50:00,68395.65,68409.75,68259.05,68278.65,0
2026-03-04 01:55:00,68279.45,68307.65,68225.05,68305.55,0
2026-03-04 02:00:00,68305.55,68305.55,68163.15,68234.05,0
2026-03-04 02:05:00,68234.05,68272.25,68100.05,68164.75,0
2026-03-04 02:10:00,68166.25,68207.75,68058.95,68085.65,0
2026-03-04 02:15:00,68084.35,68330.1,68081.95,68315.75,0
2026-03-04 02:20:00,68317.25,68390.75,68227.35,68237.55,0
2026-03-04 02:25:00,68238.95,68334.75,68236.85,68272.05,0
2026-03-04 02:30:00,68265.75,68306.85,67975.05,67977.45,0
2026-03-04 02:35:00,67981.75,68058.95,67835.05,67931.35,0
2026-03-04 02:40:00,67935.15,67982.55,67875.65,67938.05,0
2026-03-04 02:45:00,67940.5,68207.75,67940.5,68184.55,0
2026-03-04 02:50:00,68189.65,68233.25,68090.05,68090.05,0
2026-03-04 02:55:00,68087.6,68165.65,68039.75,68072.25,0
2026-03-04 03:00:00,68075.15,68252.35,68048.55,68213.45,0
2026-03-04 03:05:00,68217.65,68253.45,68025.05,68213.75,0
2026-03-04 03:10:00,68208.4,68239.55,68089.1,68099.45,0
2026-03-04 03:15:00,68093.85,68195.35,68015.05,68065.85,0
2026-03-04 03:20:00,68067.85,68074.25,67931.75,67987.35,0
2026-03-04 03:25:00,67986.85,68319.35,67938.05,68218.55,0
2026-03-04 03:30:00,68217.85,68572.95,68175.85,68480.35,0
2026-03-04 03:35:00,68487.25,68660.05,68487.15,68656.55,0
2026-03-04 03:40:00,68651.15,68879.95,68550.35,68677.65,0
2026-03-04 03:45:00,68670.3,68690.35,68365.05,68380.95,0
2026-03-04 03:50:00,68383.55,68467.05,68339.25,68370.65,0
2026-03-04 03:55:00,68370.05,68465.65,68350.05,68389.65,0
2026-03-04 04:00:00,68388.35,68433.25,68243.05,68291.25,0
2026-03-04 04:05:00,68287.45,68322.25,68157.25,68235.55,0
2026-03-04 04:10:00,68239.65,68378.35,68198.55,68203.55,0
2026-03-04 04:15:00,68200.75,68229.05,68076.05,68229.05,0
2026-03-04 04:20:00,68229.45,68280.35,68130.35,68134.35,0
2026-03-04 04:25:00,68135.0,68142.65,68026.75,68052.35,0
2026-03-04 04:30:00,68056.05,68115.45,67958.55,67981.15,0
2026-03-04 04:35:00,67984.45,68131.45,67956.25,68089.35,0
2026-03-04 04:40:00,68086.45,68135.55,68052.25,68111.95,0
2026-03-04 04:45:00,68112.05,68292.55,68082.35,68257.95,0
2026-03-04 04:50:00,68260.75,68378.55,68260.75,68296.25,0
2026-03-04 04:55:00,68296.25,68327.85,68238.55,68294.45,0
2026-03-04 05:00:00,68293.05,68300.35,68060.55,68117.15,0
2026-03-04 05:05:00,68121.25,68257.95,68088.75,68248.75,0
2026-03-04 05:10:00,68247.95,68333.75,68120.55,68238.85,0
2026-03-04 05:15:00,68233.15,68333.75,68203.45,68279.25,0
2026-03-04 05:20:00,68285.95,68364.95,68147.45,68166.65,0
2026-03-04 05:25:00,68168.15,68184.85,67923.05,67954.75,0
2026-03-04 05:30:00,67948.95,67970.85,67467.65,67506.55,0
2026-03-04 05:35:00,67501.65,67653.15,67375.05,67606.05,0
2026-03-04 05:40:00,67612.85,67646.15,67407.25,67543.6,0
2026-03-04 05:45:00,67550.95,67668.85,67417.05,67577.05,0
2026-03-04 05:50:00,67570.25,67657.05,67550.35,67579.35,0
2026-03-04 05:55:00,67578.05,67729.05,67549.95,67703.25,0
2026-03-04 06:00:00,67699.85,67794.45,67535.95,67679.45,0
2026-03-04 06:05:00,67683.85,67776.25,67657.75,67715.75,0
2026-03-04 06:10:00,67714.05,67932.65,67698.05,67789.25,0
2026-03-04 06:15:00,67789.25,67830.15,67526.65,67600.75,0
2026-03-04 06:20:00,67599.75,67625.65,67484.85,67601.35,0
2026-03-04 06:25:00,67596.15,67655.85,67563.55,67563.55,0
2026-03-04 06:30:00,67562.95,67629.05,67466.25,67562.85,0
2026-03-04 06:35:00,67566.0,67666.65,67478.25,67541.55,0
2026-03-04 06:40:00,67540.85,67651.95,67436.55,67617.95,0
2026-03-04 06:45:00,67620.15,67672.1,67574.55,67642.55,0
2026-03-04 06:50:00,67645.45,67768.35,67595.15,67742.35,0
2026-03-04 06:55:00,67743.75,67820.75,67731.15,67761.15,0
2026-03-04 07:00:00,67764.8,67776.05,67648.65,67776.05,0
2026-03-04 07:05:00,67778.25,67894.35,67731.55,67857.55,0
2026-03-04 07:10:00,67860.25,67890.95,67805.65,67890.95,0
2026-03-04 07:15:00,67892.85,67931.55,67781.95,67921.55,0
2026-03-04 07:20:00,67919.95,67919.95,67767.25,67787.65,0
2026-03-04 07:25:00,67788.7,67839.25,67653.65,67800.95,0
2026-03-04 07:30:00,67801.15,67824.55,67743.55,67754.05,0
2026-03-04 07:35:00,67756.15,67987.15,67704.95,67921.25,0
2026-03-04 07:40:00,67924.05,68278.85,67914.65,68178.95,0
2026-03-04 07:45:00,68172.15,68287.55,68090.05,68137.55,0
2026-03-04 07:50:00,68132.15,68351.65,68107.35,68334.15,0
2026-03-04 07:55:00,68332.75,68332.75,68164.75,68176.35,0
2026-03-04 08:00:00,68175.35,68201.5,68050.35,68142.8,0
2026-03-04 08:05:00,68155.65,68194.45,68079.05,68163.85,0
2026-03-04 08:10:00,68163.85,68206.15,68073.05,68164.15,0
2026-03-04 08:15:00,68160.25,68182.45,68056.35,68108.35,0
2026-03-04 08:20:00,68108.2,68128.65,68010.95,68114.25,0
2026-03-04 08:25:00,68114.95,68139.55,68063.05,68099.75,0
2026-03-04 08:30:00,68107.25,68474.35,68096.75,68464.25,0
2026-03-04 08:35:00,68463.55,68542.75,68361.55,68527.55,0
2026-03-04 08:40:00,68526.15,68649.25,68482.55,68641.75,0
2026-03-04 08:45:00,68646.15,68655.45,68486.05,68632.45,0
2026-03-04 08:50:00,68629.75,68629.75,68454.5,68468.95,0
2026-03-04 08:55:00,68472.65,68486.95,68420.1,68479.85,0
2026-03-04 09:00:00,68481.25,68598.65,68468.0,68471.65,0
2026-03-04 09:05:00,68471.15,68506.25,68372.45,68465.25,0
2026-03-04 09:10:00,68463.0,68463.0,68360.35,68372.25,0
2026-03-04 09:15:00,68371.15,68414.45,68324.15,68387.75,0
2026-03-04 09:20:00,68387.65,68549.25,68362.55,68493.85,0
2026-03-04 09:25:00,68489.3,68742.95,68458.75,68742.55,0
2026-03-04 09:30:00,68743.15,68771.6,68622.75,68733.05,0
2026-03-04 09:35:00,68730.95,68753.85,68652.75,68753.85,0
2026-03-04 09:40:00,68755.35,68948.35,68753.85,68936.95,0
2026-03-04 09:45:00,68935.35,69512.0,68857.25,69404.95,0
2026-03-04 09:50:00,69400.15,69413.65,69286.75,69308.15,0
2026-03-04 09:55:00,69302.65,69613.75,69255.05,69469.75,0
2026-03-04 10:00:00,69475.85,69661.15,69334.15,69368.3,0
2026-03-04 10:05:00,69368.15,69682.95,69346.35,69676.75,0
2026-03-04 10:10:00,69675.35,69683.65,69351.55,69394.45,0
2026-03-04 10:15:00,69391.15,69391.15,69235.85,69235.85,0
2026-03-04 10:20:00,69237.25,69320.05,69117.25,69232.95,0
2026-03-04 10:25:00,69225.25,69317.55,69195.65,69289.45,0
2026-03-04 10:30:00,69289.45,69530.15,69275.35,69484.95,0
2026-03-04 10:35:00,69483.55,69519.25,69423.15,69509.05,0
2026-03-04 10:40:00,69509.75,69895.65,69509.75,69888.85,0
2026-03-04 10:45:00,69863.05,70624.85,69863.05,70576.35,0
2026-03-04 10:50:00,70569.55,70740.65,70496.15,70635.45,0
2026-03-04 10:55:00,70642.35,71145.15,70642.35,70991.95,0
2026-03-04 11:00:00,70990.55,71048.65,70700.25,70783.45,0
2026-03-04 11:05:00,70779.55,71261.85,70755.15,71000.75,0
2026-03-04 11:10:00,71001.45,71106.95,70885.15,71048.75,0
2026-03-04 11:15:00,71100.15,71505.85,71058.65,71169.25,0
2026-03-04 11:20:00,71165.15,71351.35,71098.85,71220.05,0
2026-03-04 11:25:00,71220.75,71355.95,71182.95,71294.65,0
2026-03-04 11:30:00,71294.95,71522.35,71187.15,71463.45,0
2026-03-04 11:35:00,71460.75,71790.25,71426.75,71665.25,0
2026-03-04 11:40:00,71666.55,71864.95,71643.25,71746.65,0
2026-03-04 11:45:00,71749.8,71833.35,71662.45,71812.35,0
2026-03-04 11:50:00,71810.95,71879.75,71412.05,71446.15,0
2026-03-04 11:55:00,71444.75,71506.65,71326.85,71496.65,0
2026-03-04 12:00:00,71499.35,71611.05,71471.75,71604.05,0
2026-03-04 12:05:00,71603.35,71859.65,71413.85,71811.65,0
2026-03-04 12:10:00,71811.55,71815.45,71591.35,71631.95,0
2026-03-04 12:15:00,71630.55,71683.05,71436.35,71466.05,0
2026-03-04 12:20:00,71468.95,71522.65,71320.85,71361.35,0
2026-03-04 12:25:00,71364.25,71521.45,71344.25,71503.75,0
2026-03-04 12:30:00,71501.05,71530.95,71287.75,71334.35,0
2026-03-04 12:35:00,71335.75,71393.35,71261.95,71327.15,0
2026-03-04 12:40:00,71328.55,71408.95,71285.65,71298.05,0
2026-03-04 12:45:00,71301.1,71318.65,71180.45,71251.15,0
2026-03-04 12:50:00,71256.05,71437.35,71254.25,71254.25,0
2026-03-04 12:55:00,71255.75,71308.1,71215.65,71308.1,0
2026-03-04 13:00:00,71320.55,71414.05,71294.35,71337.25,0
2026-03-04 13:05:00,71342.75,71363.35,71180.65,71244.45,0
2026-03-04 13:10:00,71243.75,71417.55,71243.75,71393.25,0
2026-03-04 13:15:00,71395.25,71438.55,71363.45,71430.55,0
2026-03-04 13:20:00,71432.75,71468.25,71265.05,71272.55,0
2026-03-04 13:25:00,71273.95,71286.55,71186.35,71201.45,0
2026-03-04 13:30:00,71203.85,71290.65,71078.8,71134.45,0
2026-03-04 13:35:00,71135.85,71143.35,70897.75,70954.65,0
2026-03-04 13:40:00,70956.1,71114.05,70956.1,71080.55,0
2026-03-04 13:45:00,71077.65,71114.75,71010.35,71027.95,0
2026-03-04 13:50:00,71027.35,71163.45,70941.15,71152.75,0
2026-03-04 13:55:00,71153.65,71203.65,71063.75,71085.75,0
2026-03-04 14:00:00,71085.2,71124.65,70941.65,70973.75,0
2026-03-04 14:05:00,70976.6,71029.75,70802.45,70841.65,0
2026-03-04 14:10:00,70847.05,70949.05,70847.05,70861.15,0
2026-03-04 14:15:00,70860.75,70903.25,70673.3,70763.75,0
2026-03-04 14:20:00,70761.35,70774.95,70637.95,70652.45,0
2026-03-04 14:25:00,70649.65,70757.45,70600.25,70605.75,0
2026-03-04 14:30:00,70603.25,70779.45,70560.55,70777.85,0
2026-03-04 14:35:00,70778.55,70909.75,70602.65,70899.05,0
2026-03-04 14:40:00,70894.35,71024.95,70860.55,70947.85,0
2026-03-04 14:45:00,70947.15,71108.55,70859.65,71108.55,0
2026-03-04 14:50:00,71096.25,71151.25,71047.45,71110.65,0
2026-03-04 14:55:00,71110.65,71327.85,71086.15,71310.25,0
2026-03-04 15:00:00,71313.95,71386.05,71249.15,71288.15,0
2026-03-04 15:05:00,71286.85,71588.95,71284.25,71491.85,0
2026-03-04 15:10:00,71498.85,71517.45,71263.05,71273.75,0
2026-03-04 15:15:00,71272.3,71379.35,71250.65,71296.65,0
2026-03-04 15:20:00,71298.45,71348.05,71186.15,71228.95,0
2026-03-04 15:25:00,71230.35,71402.85,71230.35,71337.05,0
2026-03-04 15:30:00,71331.65,71392.35,71241.85,71306.75,0
2026-03-04 15:35:00,71305.3,71429.05,71228.35,71421.75,0
2026-03-04 15:40:00,71421.75,71527.15,71388.75,71413.85,0
2026-03-04 15:45:00,71411.8,71446.65,71359.15,71369.85,0
2026-03-04 15:50:00,71370.25,71433.25,71300.75,71391.65,0
2026-03-04 15:55:00,71389.75,71506.65,71353.45,71457.55,0
2026-03-04 16:00:00,71454.55,71530.15,71377.45,71419.05,0
2026-03-04 16:05:00,71418.35,71672.55,71375.05,71534.05,0
2026-03-04 16:10:00,71532.65,71805.75,71523.75,71773.85,0
2026-03-04 16:15:00,71776.0,71985.95,71609.95,71693.25,0
2026-03-04 16:20:00,71694.8,71700.35,71554.15,71561.85,0
2026-03-04 16:25:00,71560.45,71730.75,71557.75,71712.05,0
2026-03-04 16:30:00,71713.45,72601.85,71650.75,72408.45,0
2026-03-04 16:35:00,72409.05,72438.85,71708.45,71884.25,0
2026-03-04 16:40:00,71879.65,72084.25,71384.55,71389.95,0
2026-03-04 16:45:00,71386.35,71643.45,71273.35,71636.95,0
2026-03-04 16:50:00,71629.05,71774.45,71521.65,71676.55,0
2026-03-04 16:55:00,71677.25,71721.55,71494.65,71590.25,0
2026-03-04 17:00:00,71573.7,72040.5,71573.7,71639.95,0
2026-03-04 17:05:00,71644.05,72102.15,71615.95,71999.55,0
2026-03-04 17:10:00,71990.55,72205.25,71925.45,71977.75,0
2026-03-04 17:15:00,71970.15,72343.35,71940.05,72329.75,0
2026-03-04 17:20:00,72328.05,72470.55,72132.55,72261.55,0
2026-03-04 17:25:00,72260.85,72965.15,72252.05,72942.85,0
2026-03-04 17:30:00,72942.75,73059.95,72712.95,72822.25,0
2026-03-04 17:35:00,72820.8,72838.55,72621.65,72656.05,0
2026-03-04 17:40:00,72658.95,72833.15,72540.95,72663.85,0
2026-03-04 17:45:00,72665.35,72948.95,72653.45,72816.75,0
2026-03-04 17:50:00,72815.65,73154.45,72787.45,73058.45,0
2026-03-04 17:55:00,73059.55,73450.35,72986.15,73363.25,0
2026-03-04 18:00:00,73364.75,73477.35,73175.25,73231.75,0
2026-03-04 18:05:00,73230.55,73279.35,72855.05,72879.95,0
2026-03-04 18:10:00,72878.5,72974.95,72713.85,72800.95,0
2026-03-04 18:15:00,72801.65,73018.25,72767.85,72799.05,0
2026-03-04 18:20:00,72802.65,72830.75,72505.25,72604.65,0
2026-03-04 18:25:00,72612.25,72985.45,72587.65,72937.25,0
2026-03-04 18:30:00,72935.75,73079.25,72862.55,73070.55,0
2026-03-04 18:35:00,73076.05,73208.25,73019.55,73132.75,0
2026-03-04 18:40:00,73125.05,73269.45,73111.55,73111.55,0
2026-03-04 18:45:00,73107.85,73233.75,73039.25,73206.35,0
2026-03-04 18:50:00,73204.85,73309.65,73126.85,73237.55,0
2026-03-04 18:55:00,73237.55,73420.35,73165.65,73257.35,0
2026-03-04 19:00:00,73258.85,73458.05,73138.55,73374.25,0
2026-03-04 19:05:00,73372.45,73439.15,73242.75,73380.45,0
2026-03-04 19:10:00,73381.95,73670.25,73380.45,73509.45,0
2026-03-04 19:15:00,73512.75,73718.25,73247.15,73247.15,0
2026-03-04 19:20:00,73244.25,73258.75,72898.05,72996.15,0
2026-03-04 19:25:00,72995.75,73061.05,72926.35,73021.95,0
2026-03-04 19:30:00,73022.7,73245.25,73022.7,73128.05,0
2026-03-04 19:35:00,73126.55,73249.45,73101.95,73109.95,0
2026-03-04 19:40:00,73111.45,73165.15,73036.15,73112.05,0
2026-03-04 19:45:00,73111.35,73264.25,73081.15,73206.35,0
2026-03-04 19:50:00,73206.25,73365.35,73121.95,73287.05,0
2026-03-04 19:55:00,73285.55,73298.85,73159.75,73186.35,0
2026-03-04 20:00:00,73186.35,73315.75,73160.55,73301.45,0
2026-03-04 20:05:00,73299.35,73382.65,73251.35,73251.35,0
2026-03-04 20:10:00,73257.85,73258.35,72872.95,72998.85,0
2026-03-04 20:15:00,73005.35,73333.2,72979.15,73304.05,0
2026-03-04 20:20:00,73304.75,73351.85,73247.75,73289.45,0
2026-03-04 20:25:00,73290.95,73380.4,73290.95,73365.85,0
2026-03-04 20:30:00,73356.95,73424.95,73160.75,73196.15,0
2026-03-04 20:35:00,73196.35,73220.45,73106.05,73213.25,0
2026-03-04 20:40:00,73213.25,73506.85,73213.25,73481.55,0
2026-03-04 20:45:00,73480.65,73623.05,73386.35,73483.85,0
2026-03-04 20:50:00,73484.55,73671.95,73470.75,73573.75,0
2026-03-04 20:55:00,73572.15,73662.85,73472.55,73659.95,0
2026-03-04 21:00:00,73659.25,73749.25,73558.55,73558.55,0
2026-03-04 21:05:00,73554.25,73807.95,73530.15,73624.05,0
2026-03-04 21:10:00,73617.8,73996.9,73602.55,73843.45,0
2026-03-04 21:15:00,73847.65,73965.55,73697.85,73957.75,0
2026-03-04 21:20:00,73944.05,74024.95,73576.75,73630.15,0
2026-03-04 21:25:00,73636.95,73694.95,73483.75,73526.05,0
2026-03-04 21:30:00,73526.8,73648.75,73474.25,73530.55,0
2026-03-04 21:35:00,73529.05,73818.65,73498.55,73780.25,0
2026-03-04 21:40:00,73781.75,73837.95,73653.55,73681.25,0
2026-03-04 21:45:00,73687.95,73712.95,73578.25,73629.45,0
2026-03-04 21:50:00,73630.45,73750.65,73563.45,73715.55,0
2026-03-04 21:55:00,73696.95,73735.35,73579.65,73582.85,0
2026-03-04 22:00:00,73583.55,73687.15,73519.35,73554.25,0
2026-03-04 22:05:00,73557.15,73596.45,73271.25,73301.85,0
2026-03-04 22:10:00,73301.15,73431.75,73299.15,73394.65,0
2026-03-04 22:15:00,73396.85,73564.35,73351.75,73359.85,0
2026-03-04 22:20:00,73358.35,73431.25,73230.45,73369.05,0
2026-03-04 22:25:00,73371.15,73494.05,73345.35,73431.85,0
2026-03-04 22:30:00,73431.1,73451.55,73275.05,73448.25,0
2026-03-04 22:35:00,73451.15,73527.05,73332.75,73374.05,0
2026-03-04 22:40:00,73378.25,73478.55,73367.95,73459.45,0
2026-03-04 22:45:00,73462.05,73496.95,73367.05,73432.95,0
2026-03-04 22:50:00,73427.15,73427.15,73168.75,73207.15,0
2026-03-04 22:55:00,73205.65,73215.75,72968.35,72968.35,0
2026-03-04 23:00:00,72981.05,73099.55,72839.3,73066.75,0
2026-03-04 23:05:00,73064.65,73111.35,72966.35,72980.05,0
2026-03-04 23:10:00,72980.05,73071.05,72936.25,73023.25,0
2026-03-04 23:15:00,73005.4,73069.95,72920.95,73068.45,0
2026-03-04 23:20:00,73068.05,73181.35,73023.15,73128.55,0
2026-03-04 23:25:00,73128.55,73187.25,73078.1,73124.25,0
2026-03-04 23:30:00,73121.8,73162.45,73024.45,73111.65,0
2026-03-04 23:35:00,73110.9,73269.65,73084.65,73260.25,0
2026-03-04 23:40:00,73258.75,73258.75,73153.45,73199.85,0
2026-03-04 23:45:00,73202.05,73265.65,73182.25,73182.25,0
2026-03-04 23:50:00,73187.45,73274.95,73166.95,73166.95,0
2026-03-04 23:55:00,73166.05,73283.75,73136.85,73275.45,0
2026-03-05 00:00:00,73276.55,73493.35,73276.55,73392.15,0
2026-03-05 00:05:00,73392.15,73422.45,73331.15,73422.45,0
2026-03-05 00:10:00,73422.45,73454.45,73195.35,73195.35,0
2026-03-05 00:15:00,73189.75,73231.85,73156.05,73172.95,0
2026-03-05 00:20:00,73174.95,73310.85,73147.85,73259.95,0
2026-03-05 00:25:00,73262.9,73284.75,73208.65,73221.85,0
2026-03-05 00:30:00,73218.85,73271.35,73140.15,73140.15,0
2026-03-05 00:35:00,73134.25,73134.25,72976.55,73053.15,0
2026-03-05 00:40:00,73051.7,73080.55,72793.85,72879.35,0
2026-03-05 00:45:00,72879.35,72879.35,72677.85,72790.25,0
2026-03-05 00:50:00,72790.25,72818.15,72639.05,72642.15,0
2026-03-05 00:55:00,72631.75,72731.65,72602.05,72673.55,0
2026-03-05 01:00:00,72673.55,72788.25,72605.05,72644.15,0
2026-03-05 01:05:00,72644.9,72744.35,72644.35,72647.45,0
2026-03-05 01:10:00,72648.95,72696.95,72619.65,72694.05,0
2026-03-05 01:15:00,72694.05,72845.55,72692.15,72699.75,0
2026-03-05 01:20:00,72698.0,72698.0,72452.65,72572.05,0
2026-03-05 01:25:00,72575.35,72621.85,72494.85,72512.45,0
2026-03-05 01:30:00,72516.95,72525.95,72288.45,72326.25,0
2026-03-05 01:35:00,72330.15,72732.35,72318.95,72666.15,0
2026-03-05 01:40:00,72664.65,72730.85,72616.35,72723.65,0
2026-03-05 01:45:00,72726.55,72797.45,72667.15,72667.15,0
2026-03-05 01:50:00,72662.35,72690.25,72579.95,72632.65,0
2026-03-05 01:55:00,72660.05,72740.35,72601.35,72643.25,0
2026-03-05 02:00:00,72645.25,72829.75,72631.55,72663.45,0
2026-03-05 02:05:00,72666.35,72712.85,72551.75,72553.25,0
2026-03-05 02:10:00,72557.05,72686.25,72525.35,72675.55,0
2026-03-05 02:15:00,72679.75,72874.95,72652.15,72870.55,0
2026-03-05 02:20:00,72876.75,72944.85,72791.05,72903.95,0
2026-03-05 02:25:00,72899.6,72912.15,72687.65,72802.55,0
2026-03-05 02:30:00,72795.75,72826.85,72743.85,72766.25,0
2026-03-05 02:35:00,72766.95,72860.55,72704.75,72755.65,0
2026-03-05 02:40:00,72755.65,72969.05,72755.65,72880.15,0
2026-03-05 02:45:00,72878.95,72984.55,72837.35,72852.25,0
2026-03-05 02:50:00,72866.95,72907.15,72686.65,72746.75,0
2026-03-05 02:55:00,72747.45,72825.55,72708.35,72732.75,0
2026-03-05 03:00:00,72732.85,72783.05,72658.25,72704.35,0
2026-03-05 03:05:00,72704.35,73048.75,72704.35,73046.05,0
2026-03-05 03:10:00,73051.55,73260.15,72891.05,73092.45,0
2026-03-05 03:15:00,73089.9,73204.55,72989.45,72998.35,0
2026-03-05 03:20:00,72995.45,73035.55,72755.25,72842.75,0
2026-03-05 03:25:00,72841.25,72970.35,72828.15,72918.95,0
2026-03-05 03:30:00,72915.55,72937.45,72743.05,72807.05,0
2026-03-05 03:35:00,72810.5,72874.85,72768.75,72792.85,0
2026-03-05 03:40:00,72789.85,72846.15,72556.35,72626.45,0
2026-03-05 03:45:00,72627.95,72664.65,72548.75,72576.65,0
2026-03-05 03:50:00,72577.35,72599.15,72434.65,72524.15,0
2026-03-05 03:55:00,72516.35,72516.35,72375.05,72508.55,0
2026-03-05 04:00:00,72507.05,72679.75,72483.75,72622.95,0
2026-03-05 04:05:00,72624.45,72829.75,72587.55,72716.75,0
2026-03-05 04:10:00,72717.45,72834.45,72667.75,72780.85,0
2026-03-05 04:15:00,72782.75,72859.75,72744.45,72762.75,0
2026-03-05 04:20:00,72761.25,72826.85,72737.95,72737.95,0
2026-03-05 04:25:00,72736.45,72741.15,72638.65,72692.75,0
2026-03-05 04:30:00,72694.25,72695.05,72408.7,72431.55,0
2026-03-05 04:35:00,72431.55,72494.25,72328.05,72368.95,0
2026-03-05 04:40:00,72371.85,72411.65,72311.55,72334.05,0
2026-03-05 04:45:00,72332.55,72516.15,72326.55,72487.75,0
2026-03-05 04:50:00,72493.45,72567.65,72431.35,72443.25,0
2026-03-05 04:55:00,72443.25,72493.15,72352.85,72479.15,0
2026-03-05 05:00:00,72480.65,72648.25,72457.15,72612.05,0
2026-03-05 05:05:00,72612.55,72731.25,72612.55,72621.05,0
2026-03-05 05:10:00,72626.55,72631.05,72529.55,72602.55,0
2026-03-05 05:15:00,72601.85,72646.05,72507.15,72507.15,0
2026-03-05 05:20:00,72508.05,72635.65,72507.15,72525.65,0
2026-03-05 05:25:00,72520.65,72615.85,72466.85,72511.55,0
2026-03-05 05:30:00,72511.55,72525.65,72367.45,72386.15,0
2026-03-05 05:35:00,72387.45,72432.95,72318.05,72397.75,0
2026-03-05 05:40:00,72403.55,72456.95,72322.95,72331.75,0
2026-03-05 05:45:00,72324.55,72403.15,72320.05,72401.65,0
2026-03-05 05:50:00,72402.35,72445.45,72369.35,72445.45,0
2026-03-05 05:55:00,72447.05,72530.25,72428.75,72476.75,0
2026-03-05 06:00:00,72476.05,72519.05,72424.45,72519.05,0
2026-03-05 06:05:00,72501.85,72637.05,72465.45,72556.45,0
2026-03-05 06:10:00,72557.95,72689.85,72557.95,72639.05,0
2026-03-05 06:15:00,72639.05,72674.25,72549.15,72674.25,0
2026-03-05 06:20:00,72672.35,72766.05,72612.15,72718.75,0
2026-03-05 06:25:00,72717.75,72812.35,72707.45,72772.05,0
2026-03-05 06:30:00,72773.45,72773.45,72569.35,72572.25,0
2026-03-05 06:35:00,72571.55,72810.85,72509.55,72736.45,0
2026-03-05 06:40:00,72736.45,72936.85,72704.65,72902.15,0
2026-03-05 06:45:00,72898.75,73061.65,72834.55,72840.85,0
2026-03-05 06:50:00,72840.85,72847.65,72667.85,72713.75,0
2026-03-05 06:55:00,72713.75,72863.85,72686.95,72793.95,0
2026-03-05 07:00:00,72793.95,72896.05,72763.15,72770.05,0
2026-03-05 07:05:00,72773.55,72798.75,72692.85,72798.75,0
2026-03-05 07:10:00,72797.25,72803.75,72727.45,72795.45,0
2026-03-05 07:15:00,72795.05,72795.05,72664.65,72675.25,0
2026-03-05 07:20:00,72674.55,72674.55,72457.05,72485.85,0
2026-03-05 07:25:00,72485.85,72493.15,72425.05,72452.55,0
2026-03-05 07:30:00,72449.65,72536.55,72409.85,72451.95,0
2026-03-05 07:35:00,72452.05,72555.65,72336.15,72361.35,0
2026-03-05 07:40:00,72360.35,72411.95,72317.1,72377.85,0
2026-03-05 07:45:00,72376.05,72474.95,72362.35,72369.65,0
2026-03-05 07:50:00,72368.15,72443.75,72341.35,72364.25,0
2026-03-05 07:55:00,72372.6,72412.95,72220.35,72378.25,0
2026-03-05 08:00:00,72379.25,72415.15,72099.4,72369.35,0
2026-03-05 08:05:00,72373.05,72373.05,72056.55,72085.15,0
2026-03-05 08:10:00,72085.15,72165.85,72007.35,72115.75,0
2026-03-05 08:15:00,72114.8,72296.95,72035.35,72281.25,0
2026-03-05 08:20:00,72281.25,72520.75,72259.15,72416.95,0
2026-03-05 08:25:00,72416.95,72446.55,72315.75,72373.35,0
2026-03-05 08:30:00,72376.15,72406.45,72274.25,72406.45,0
2026-03-05 08:35:00,72405.05,72492.95,72276.35,72492.95,0
2026-03-05 08:40:00,72494.45,72494.45,72382.45,72388.95,0
2026-03-05 08:45:00,72390.45,72543.75,72363.45,72532.05,0
2026-03-05 08:50:00,72534.95,72633.35,72496.85,72512.75,0
2026-03-05 08:55:00,72513.45,72562.15,72497.95,72531.85,0
2026-03-05 09:00:00,72525.75,72637.85,72437.15,72437.15,0
2026-03-05 09:05:00,72436.05,72471.85,72401.95,72447.95,0
2026-03-05 09:10:00,72447.95,72641.95,72442.95,72623.65,0
2026-03-05 09:15:00,72621.05,72643.65,72568.05,72632.75,0
2026-03-05 09:20:00,72631.25,72631.25,72571.25,72628.75,0
2026-03-05 09:25:00,72627.95,72627.95,72499.15,72501.55,0
2026-03-05 09:30:00,72499.15,72499.15,72307.35,72319.25,0
2026-03-05 09:35:00,72320.75,72338.45,72158.35,72202.15,0
2026-03-05 09:40:00,72202.05,72220.35,72149.05,72153.75,0
2026-03-05 09:45:00,72154.15,72218.65,72093.75,72118.25,0
2026-03-05 09:50:00,72114.45,72116.35,71755.05,71778.95,0
2026-03-05 09:55:00,71778.85,72052.55,71748.15,72033.85,0
2026-03-05 10:00:00,72029.85,72059.15,71861.05,71881.25,0
2026-03-05 10:05:00,71882.55,71961.45,71810.75,71852.55,0
2026-03-05 10:10:00,71852.45,71884.85,71757.85,71805.65,0
2026-03-05 10:15:00,71801.9,71984.65,71796.85,71859.75,0
2026-03-05 10:20:00,71860.85,72041.35,71847.85,71918.15,0
2026-03-05 10:25:00,71918.15,71928.15,71739.05,71818.05,0
2026-03-05 10:30:00,71808.65,72151.35,71771.75,72053.05,0
2026-03-05 10:35:00,72053.75,72133.65,72043.85,72043.85,0
2026-03-05 10:40:00,72041.65,72194.75,71932.75,72166.05,0
2026-03-05 10:45:00,72163.05,72264.45,72093.35,72247.95,0
2026-03-05 10:50:00,72245.85,72316.45,72193.45,72270.65,0
2026-03-05 10:55:00,72270.65,72352.95,72253.85,72313.95,0
2026-03-05 11:00:00,72312.15,72479.55,72276.85,72462.95,0
2026-03-05 11:05:00,72464.45,72575.25,72364.15,72534.45,0
2026-03-05 11:10:00,72535.95,72755.9,72519.45,72588.45,0
2026-03-05 11:15:00,72588.45,72641.85,72463.85,72503.75,0
2026-03-05 11:20:00,72499.15,72731.95,72461.05,72589.05,0
2026-03-05 11:25:00,72585.75,72685.25,72541.05,72678.15,0
2026-03-05 11:30:00,72676.05,72740.55,72600.75,72672.45,0
2026-03-05 11:35:00,72674.6,72859.25,72496.95,72506.85,0
2026-03-05 11:40:00,72510.45,72567.95,72460.75,72547.25,0
2026-03-05 11:45:00,72548.15,72598.35,72438.15,72520.55,0
2026-03-05 11:50:00,72522.15,72553.85,72401.55,72496.45,0
2026-03-05 11:55:00,72489.35,72601.05,72481.45,72572.15,0
2026-03-05 12:00:00,72572.85,72622.85,72536.35,72536.45,0
2026-03-05 12:05:00,72534.4,72742.95,72495.75,72666.65,0
2026-03-05 12:10:00,72673.55,72743.75,72668.15,72705.05,0
2026-03-05 12:15:00,72705.05,72840.25,72639.85,72798.65,0
2026-03-05 12:20:00,72798.25,72983.45,72739.65,72914.95,0
2026-03-05 12:25:00,72914.5,73360.65,72863.75,73139.25,0
2026-03-05 12:30:00,73140.05,73500.35,73129.35,73486.25,0
2026-03-05 12:35:00,73480.75,73480.75,73229.65,73254.15,0
2026-03-05 12:40:00,73252.65,73324.95,73186.75,73275.05,0
2026-03-05 12:45:00,73275.05,73378.35,73222.45,73338.95,0
2026-03-05 12:50:00,73337.55,73528.15,73311.25,73410.35,0
2026-03-05 12:55:00,73407.45,73539.85,73334.85,73366.45,0
2026-03-05 13:00:00,73372.45,73430.05,73189.45,73215.05,0
2026-03-05 13:05:00,73210.35,73225.15,73038.75,73105.75,0
2026-03-05 13:10:00,73118.85,73190.75,73037.55,73172.35,0
2026-03-05 13:15:00,73176.55,73176.55,73036.95,73054.45,0
2026-03-05 13:20:00,73058.8,73126.55,72898.45,72898.85,0
2026-03-05 13:25:00,72900.65,73116.15,72887.05,73100.75,0
2026-03-05 13:30:00,73097.95,73097.95,72933.5,73018.95,0
2026-03-05 13:35:00,73015.85,73047.55,72777.35,72777.35,0
2026-03-05 13:40:00,72778.65,72847.75,72757.25,72815.15,0
2026-03-05 13:45:00,72818.15,72938.15,72795.25,72854.95,0
2026-03-05 13:50:00,72858.25,72904.45,72778.95,72784.45,0
2026-03-05 13:55:00,72782.25,72906.15,72779.55,72888.95,0
2026-03-05 14:00:00,72891.45,72904.55,72641.05,72778.95,0
2026-03-05 14:05:00,72777.35,72918.25,72709.85,72903.05,0
2026-03-05 14:10:00,72903.05,72997.3,72838.25,72926.75,0
2026-03-05 14:15:00,72919.35,72919.35,72691.35,72864.55,0
2026-03-05 14:20:00,72861.25,72942.25,72812.05,72855.05,0
2026-03-05 14:25:00,72848.85,72905.95,72681.15,72789.75,0
2026-03-05 14:30:00,72786.35,72802.05,72731.25,72793.35,0
2026-03-05 14:35:00,72793.35,72809.95,72675.05,72785.35,0
2026-03-05 14:40:00,72786.65,72919.45,72749.85,72878.85,0
2026-03-05 14:45:00,72878.85,73043.25,72861.45,73030.25,0
2026-03-05 14:50:00,73035.35,73035.35,72898.35,72966.55,0
2026-03-05 14:55:00,72962.0,72989.15,72857.35,72857.35,0
2026-03-05 15:00:00,72858.65,72909.65,72708.85,72734.85,0
2026-03-05 15:05:00,72730.85,72738.55,72642.85,72678.55,0
2026-03-05 15:10:00,72680.35,72688.55,72559.25,72646.65,0
2026-03-05 15:15:00,72645.0,72749.65,72546.05,72641.85,0
2026-03-05 15:20:00,72639.35,72718.05,72442.75,72461.05,0
2026-03-05 15:25:00,72462.35,72501.45,72307.05,72495.25,0
2026-03-05 15:30:00,72509.1,72518.65,72164.25,72324.05,0
2026-03-05 15:35:00,72324.55,72396.05,72268.85,72338.95,0
2026-03-05 15:40:00,72341.95,72507.55,72298.15,72496.05,0
2026-03-05 15:45:00,72494.0,72630.55,72444.35,72583.15,0
2026-03-05 15:50:00,72586.45,72668.05,72570.25,72604.55,0
2026-03-05 15:55:00,72598.95,72599.25,72373.95,72441.25,0
2026-03-05 16:00:00,72444.45,72573.35,72413.65,72505.55,0
2026-03-05 16:05:00,72504.85,72579.35,72289.25,72489.55,0
2026-03-05 16:10:00,72492.05,72608.85,72466.85,72583.65,0
2026-03-05 16:15:00,72586.25,72598.15,72389.35,72455.55,0
2026-03-05 16:20:00,72453.85,72585.55,72375.95,72468.95,0
2026-03-05 16:25:00,72467.55,72575.35,72445.05,72524.35,0
2026-03-05 16:30:00,72527.15,72800.55,72317.85,72681.65,0
2026-03-05 16:35:00,72679.95,72713.95,72114.85,72178.85,0
2026-03-05 16:40:00,72174.85,72330.75,71924.95,71967.05,0
2026-03-05 16:45:00,71972.45,72291.65,71930.55,72093.05,0
2026-03-05 16:50:00,72093.85,72538.95,72072.35,72451.65,0
2026-03-05 16:55:00,72445.05,72736.15,72367.45,72573.75,0
2026-03-05 17:00:00,72581.15,72741.55,72203.45,72238.15,0
2026-03-05 17:05:00,72236.35,72269.05,71793.75,71822.85,0
2026-03-05 17:10:00,71817.35,71902.85,71578.55,71766.65,0
2026-03-05 17:15:00,71769.45,71886.65,71489.75,71651.95,0
2026-03-05 17:20:00,71638.55,71807.65,71476.95,71504.95,0
2026-03-05 17:25:00,71507.3,71532.65,71219.55,71249.85,0
2026-03-05 17:30:00,71256.55,71426.55,71132.85,71289.95,0
2026-03-05 17:35:00,71282.25,71619.55,71240.25,71601.15,0
2026-03-05 17:40:00,71606.45,71637.85,71369.75,71431.95,0
2026-03-05 17:45:00,71425.35,71494.05,71282.65,71322.75,0
2026-03-05 17:50:00,71326.65,71720.05,71326.65,71672.25,0
2026-03-05 17:55:00,71673.65,71693.95,71431.05,71631.85,0
2026-03-05 18:00:00,71631.75,71631.75,71289.55,71303.55,0
2026-03-05 18:05:00,71290.05,71334.25,70829.45,70830.95,0
2026-03-05 18:10:00,70827.15,71099.75,70773.25,70982.85,0
2026-03-05 18:15:00,70984.85,71064.65,70784.65,70854.15,0
2026-03-05 18:20:00,70846.65,71082.95,70846.65,71029.95,0
2026-03-05 18:25:00,71028.05,71109.85,70963.45,70977.75,0
2026-03-05 18:30:00,70970.75,71194.45,70956.55,71143.45,0
2026-03-05 18:35:00,71141.35,71406.15,71083.35,71406.15,0
2026-03-05 18:40:00,71406.75,71606.35,71305.05,71316.95,0
2026-03-05 18:45:00,71318.85,71395.15,71264.85,71288.95,0
2026-03-05 18:50:00,71292.45,71366.55,71183.45,71186.85,0
2026-03-05 18:55:00,71190.45,71355.25,71190.45,71283.35,0
2026-03-05 19:00:00,71285.75,71551.95,71263.55,71514.35,0
2026-03-05 19:05:00,71510.65,71531.85,71045.15,71047.75,0
2026-03-05 19:10:00,71043.55,71174.95,71000.55,71146.55,0
2026-03-05 19:15:00,71150.35,71174.95,70966.65,70979.85,0
2026-03-05 19:20:00,70983.05,71083.25,70860.95,71035.95,0
2026-03-05 19:25:00,71037.65,71098.15,70899.75,70899.75,0
2026-03-05 19:30:00,70901.75,70942.25,70699.65,70747.55,0
2026-03-05 19:35:00,70749.95,70930.85,70703.15,70893.55,0
2026-03-05 19:40:00,70894.95,71001.65,70786.45,70837.65,0
2026-03-05 19:45:00,70843.15,70873.45,70651.05,70658.95,0
2026-03-05 19:50:00,70662.55,70908.55,70622.05,70804.75,0
2026-03-05 19:55:00,70800.3,70825.25,70657.25,70678.45,0
2026-03-05 20:00:00,70674.15,70862.45,70631.25,70834.05,0
2026-03-05 20:05:00,70831.35,71000.1,70736.05,70940.35,0
2026-03-05 20:10:00,70944.65,71027.45,70898.35,71007.85,0
2026-03-05 20:15:00,71002.75,71032.65,70852.75,70870.25,0
2026-03-05 20:20:00,70872.65,71031.05,70784.25,70824.85,0
2026-03-05 20:25:00,70822.35,70879.75,70755.25,70793.75,0
2026-03-05 20:30:00,70792.65,71002.05,70775.55,70954.45,0
2026-03-05 20:35:00,70949.7,71061.35,70868.75,70873.05,0
2026-03-05 20:40:00,70875.25,71025.95,70851.65,70925.55,0
2026-03-05 20:45:00,70921.25,70974.45,70844.85,70906.55,0
2026-03-05 20:50:00,70906.55,70922.25,70790.45,70844.55,0
2026-03-05 20:55:00,70846.75,70997.15,70846.75,70971.65,0
2026-03-05 21:00:00,70972.95,71208.65,70963.05,71131.05,0
2026-03-05 21:05:00,71132.05,71253.95,71099.75,71253.95,0
2026-03-05 21:10:00,71257.15,71396.85,71161.45,71344.25,0
2026-03-05 21:15:00,71341.45,71350.65,71178.65,71287.65,0
2026-03-05 21:20:00,71288.85,71402.85,71193.55,71209.65,0
2026-03-05 21:25:00,71212.85,71225.85,71027.75,71079.25,0
2026-03-05 21:30:00,71078.25,71078.25,70927.25,71011.55,0
2026-03-05 21:35:00,71013.75,71028.65,70906.75,70981.75,0
2026-03-05 21:40:00,70984.25,71143.85,70980.75,70985.05,0
2026-03-05 21:45:00,70989.75,71096.35,70985.05,71034.75,0
2026-03-05 21:50:00,71036.25,71071.05,70908.65,70908.65,0
2026-03-05 21:55:00,70897.25,70954.25,70838.65,70893.75,0
2026-03-05 22:00:00,70896.15,71053.75,70815.05,71034.35,0
2026-03-05 22:05:00,71038.35,71083.75,70829.85,71025.05,0
2026-03-05 22:10:00,71031.85,71091.05,70963.55,71071.75,0
2026-03-05 22:15:00,71072.55,71222.95,71042.25,71179.55,0
2026-03-05 22:20:00,71183.05,71294.95,71132.05,71276.65,0
2026-03-05 22:25:00,71278.55,71320.85,71102.4,71156.85,0
2026-03-05 22:30:00,71154.3,71302.45,71127.75,71280.35,0
2026-03-05 22:35:00,71284.15,71364.05,71170.45,71181.05,0
2026-03-05 22:40:00,71183.35,71215.35,71103.85,71136.55,0
2026-03-05 22:45:00,71138.0,71200.55,71053.65,71160.05,0
2026-03-05 22:50:00,71162.9,71201.55,71010.15,71152.45,0
2026-03-05 22:55:00,71154.95,71324.95,71153.55,71215.35,0
2026-03-05 23:00:00,71210.05,71313.95,71206.95,71302.95,0
2026-03-05 23:05:00,71304.45,71324.95,71254.65,71311.95,0
2026-03-05 23:10:00,71310.65,71310.65,71256.25,71278.15,0
2026-03-05 23:15:00,71278.15,71498.65,71270.05,71442.85,0
2026-03-05 23:20:00,71447.15,71500.65,71388.15,71455.25,0
2026-03-05 23:25:00,71460.75,71498.55,71390.25,71490.45,0
2026-03-05 23:30:00,71491.75,71537.35,71376.75,71399.05,0
2026-03-05 23:35:00,71395.95,71400.55,71075.05,71112.85,0
2026-03-05 23:40:00,71112.85,71178.25,71112.85,71160.65,0
2026-03-05 23:45:00,71157.55,71287.95,71139.25,71287.95,0
2026-03-05 23:50:00,71287.05,71296.65,70988.75,70999.25,0
2026-03-05 23:55:00,70999.25,71131.65,70999.25,71107.15,0
2026-03-06 00:00:00,71109.85,71227.65,71081.75,71081.75,0
2026-03-06 00:05:00,71076.1,71210.45,71074.25,71096.45,0
2026-03-06 00:10:00,71099.95,71135.35,71062.25,71135.35,0
2026-03-06 00:15:00,71135.35,71240.55,71112.85,71240.05,0
2026-03-06 00:20:00,71236.95,71257.85,71182.35,71257.85,0
2026-03-06 00:25:00,71255.35,71255.35,71038.95,71124.55,0
2026-03-06 00:30:00,71127.35,71210.45,71115.65,71166.45,0
2026-03-06 00:35:00,71167.85,71221.25,71142.35,71142.35,0
2026-03-06 00:40:00,71138.55,71334.05,71135.25,71252.15,0
2026-03-06 00:45:00,71255.75,71306.95,71207.35,71210.05,0
2026-03-06 00:50:00,71210.05,71314.75,71198.45,71204.35,0
2026-03-06 00:55:00,71200.05,71309.15,71176.45,71180.55,0
2026-03-06 01:00:00,71183.25,71253.25,71159.95,71174.95,0
2026-03-06 01:05:00,71175.35,71206.35,71155.75,71204.15,0
2026-03-06 01:10:00,71204.15,71213.15,71150.25,71169.15,0
2026-03-06 01:15:00,71172.05,71187.05,71127.85,71187.05,0
2026-03-06 01:20:00,71183.45,71218.15,71148.25,71168.25,0
2026-03-06 01:25:00,71169.85,71272.75,71169.85,71188.05,0
2026-03-06 01:30:00,71188.75,71197.35,70852.55,70863.85,0
2026-03-06 01:35:00,70868.75,70974.95,70868.75,70957.45,0
2026-03-06 01:40:00,70957.45,70957.45,70813.35,70888.25,0
2026-03-06 01:45:00,70879.8,70899.25,70819.85,70819.85,0
2026-03-06 01:50:00,70818.05,70874.95,70793.65,70822.65,0
2026-03-06 01:55:00,70815.55,70865.65,70748.15,70855.15,0
2026-03-06 02:00:00,70855.8,70886.45,70800.45,70870.85,0
2026-03-06 02:05:00,70868.5,70920.45,70829.25,70877.85,0
2026-03-06 02:10:00,70858.25,71025.25,70833.75,70992.05,0
2026-03-06 02:15:00,70982.55,70998.55,70885.95,70972.15,0
2026-03-06 02:20:00,70972.05,71007.75,70900.95,71007.75,0
2026-03-06 02:25:00,71010.05,71010.05,70842.45,70889.95,0
2026-03-06 02:30:00,70884.6,70973.15,70851.05,70907.65,0
2026-03-06 02:35:00,70910.85,70940.45,70865.55,70906.65,0
2026-03-06 02:40:00,70905.75,70941.55,70867.05,70872.95,0
2026-03-06 02:45:00,70872.05,70980.15,70853.55,70897.65,0
2026-03-06 02:50:00,70900.15,70935.85,70746.15,70935.85,0
2026-03-06 02:55:00,70932.45,70959.85,70877.35,70955.85,0
2026-03-06 03:00:00,70953.15,70994.4,70865.45,70882.35,0
2026-03-06 03:05:00,70880.7,70946.95,70852.35,70872.65,0
2026-03-06 03:10:00,70883.35,70889.75,70735.25,70768.65,0
2026-03-06 03:15:00,70767.25,70867.55,70721.05,70825.15,0
2026-03-06 03:20:00,70825.95,70868.15,70786.8,70804.25,0
2026-03-06 03:25:00,70807.35,70823.85,70359.05,70434.15,0
2026-03-06 03:30:00,70435.75,70835.25,70426.25,70827.35,0
2026-03-06 03:35:00,70835.95,71032.05,70814.55,70971.55,0
2026-03-06 03:40:00,70976.05,71135.35,70976.05,71129.45,0
2026-03-06 03:45:00,71135.35,71224.95,71045.65,71135.35,0
2026-03-06 03:50:00,71140.55,71254.75,71094.75,71162.25,0
2026-03-06 03:55:00,71168.65,71267.55,71143.45,71224.85,0
2026-03-06 04:00:00,71229.15,71277.65,71137.25,71176.45,0
2026-03-06 04:05:00,71182.95,71281.45,71137.65,71237.05,0
2026-03-06 04:10:00,71240.15,71349.65,71185.25,71297.55,0
2026-03-06 04:15:00,71294.75,71319.95,71132.85,71138.15,0
2026-03-06 04:20:00,71135.35,71182.65,70993.15,71162.75,0
2026-03-06 04:25:00,71163.05,71396.15,71163.05,71306.45,0
2026-03-06 04:30:00,71308.25,71328.75,71142.8,71153.65,0
2026-03-06 04:35:00,71156.75,71219.05,71107.35,71219.05,0
2026-03-06 04:40:00,71221.05,71323.35,71186.65,71319.55,0
2026-03-06 04:45:00,71322.05,71343.45,71243.05,71298.55,0
2026-03-06 04:50:00,71301.35,71305.25,71174.75,71174.75,0
2026-03-06 04:55:00,71174.75,71227.75,71156.25,71215.45,0
2026-03-06 05:00:00,71214.25,71265.75,71162.35,71221.25,0
2026-03-06 05:05:00,71223.75,71265.75,71162.25,71210.95,0
2026-03-06 05:10:00,71210.95,71231.25,70994.55,71040.85,0
2026-03-06 05:15:00,71041.25,71063.85,70968.85,71040.85,0
2026-03-06 05:20:00,71041.95,71230.95,71032.65,71156.35,0
2026-03-06 05:25:00,71156.95,71183.85,71111.95,71147.05,0
2026-03-06 05:30:00,71144.05,71195.85,71057.85,71112.65,0
2026-03-06 05:35:00,71112.65,71151.55,71064.65,71076.15,0
2026-03-06 05:40:00,71072.75,71107.65,71034.55,71058.65,0
2026-03-06 05:45:00,71058.55,71116.15,71043.85,71046.85,0
2026-03-06 05:50:00,71044.35,71087.95,71013.25,71037.85,0
2026-03-06 05:55:00,71039.9,71088.35,70988.05,71050.35,0
2026-03-06 06:00:00,71041.45,71045.15,70939.15,71040.65,0
2026-03-06 06:05:00,71045.65,71093.45,70942.55,70956.85,0
2026-03-06 06:10:00,70956.85,70956.85,70875.05,70884.25,0
2026-03-06 06:15:00,70883.85,70951.95,70870.15,70909.35,0
2026-03-06 06:20:00,70913.95,70955.45,70862.55,70955.45,0
2026-03-06 06:25:00,70955.05,70955.05,70837.25,70849.45,0
2026-03-06 06:30:00,70850.55,70940.95,70750.05,70881.55,0
2026-03-06 06:35:00,70885.25,70885.25,70675.05,70691.45,0
2026-03-06 06:40:00,70688.75,70697.55,70250.65,70492.35,0
2026-03-06 06:45:00,70494.45,70553.45,70458.75,70524.25,0
2026-03-06 06:50:00,70524.25,70589.45,70484.15,70484.15,0
2026-03-06 06:55:00,70489.65,70595.75,70465.35,70589.45,0
2026-03-06 07:00:00,70587.85,70638.65,70512.55,70604.15,0
2026-03-06 07:05:00,70604.75,70611.75,70420.45,70480.15,0
2026-03-06 07:10:00,70480.15,70517.45,70364.35,70512.15,0
2026-03-06 07:15:00,70512.15,70617.55,70512.15,70577.95,0
2026-03-06 07:20:00,70574.45,70591.65,70320.35,70394.15,0
2026-03-06 07:25:00,70397.75,70406.75,70302.05,70371.25,0
2026-03-06 07:30:00,70367.45,70477.35,70268.55,70284.95,0
2026-03-06 07:35:00,70290.1,70410.45,70208.1,70274.55,0
2026-03-06 07:40:00,70268.95,70314.75,70141.75,70175.45,0
2026-03-06 07:45:00,70175.45,70250.25,70112.55,70139.85,0
2026-03-06 07:50:00,70138.95,70369.55,70119.15,70336.45,0
2026-03-06 07:55:00,70343.05,70482.55,70277.85,70409.45,0
2026-03-06 08:00:00,70406.45,70421.25,70347.65,70411.35,0
2026-03-06 08:05:00,70409.25,70409.25,70259.65,70314.75,0
2026-03-06 08:10:00,70314.75,70319.85,70238.35,70288.55,0
2026-03-06 08:15:00,70288.9,70369.85,70282.65,70369.85,0
2026-03-06 08:20:00,70367.75,70503.25,70354.45,70498.15,0
2026-03-06 08:25:00,70494.95,70494.95,70403.05,70403.05,0
2026-03-06 08:30:00,70403.05,70440.45,70358.15,70372.15,0
2026-03-06 08:35:00,70374.05,70570.35,70361.15,70501.45,0
2026-03-06 08:40:00,70501.45,70659.95,70455.95,70640.55,0
2026-03-06 08:45:00,70640.55,70829.95,70604.25,70718.75,0
2026-03-06 08:50:00,70711.65,70711.65,70568.15,70569.55,0
2026-03-06 08:55:00,70569.85,70637.85,70569.85,70575.15,0
2026-03-06 09:00:00,70578.45,70780.0,70577.35,70751.65,0
2026-03-06 09:05:00,70753.25,70787.95,70626.05,70634.65,0
2026-03-06 09:10:00,70634.65,70644.75,70453.85,70526.75,0
2026-03-06 09:15:00,70529.85,70646.45,70521.25,70634.55,0
2026-03-06 09:20:00,70637.65,70754.85,70637.65,70727.05,0
2026-03-06 09:25:00,70727.05,70866.45,70682.35,70838.45,0
2026-03-06 09:30:00,70839.95,70997.85,70839.95,70935.85,0
2026-03-06 09:35:00,70931.75,70982.55,70854.15,70867.65,0
2026-03-06 09:40:00,70867.95,71065.4,70867.95,71051.15,0
2026-03-06 09:45:00,71048.65,71156.45,71035.45,71099.45,0
2026-03-06 09:50:00,71096.25,71122.65,71060.35,71102.85,0
2026-03-06 09:55:00,71102.85,71102.85,71025.05,71043.55,0
2026-03-06 10:00:00,71039.2,71054.15,70913.85,70931.35,0
2026-03-06 10:05:00,70936.75,70964.55,70877.85,70913.85,0
2026-03-06 10:10:00,70909.5,70961.95,70869.75,70917.05,0
2026-03-06 10:15:00,70923.55,70968.95,70860.75,70960.65,0
2026-03-06 10:20:00,70949.65,70964.05,70848.55,70871.25,0
2026-03-06 10:25:00,70867.85,70941.55,70805.25,70908.45,0
2026-03-06 10:30:00,70901.95,71004.15,70846.45,70908.25,0
2026-03-06 10:35:00,70909.4,71000.85,70856.35,70888.25,0
2026-03-06 10:40:00,70888.25,71001.45,70878.75,70892.65,0
2026-03-06 10:45:00,70892.65,70928.75,70873.85,70885.75,0
2026-03-06 10:50:00,70884.55,70885.85,70782.05,70801.25,0
2026-03-06 10:55:00,70802.25,70809.25,70710.25,70760.45,0
2026-03-06 11:00:00,70766.15,70790.45,70706.85,70760.35,0
2026-03-06 11:05:00,70757.25,70771.95,70595.65,70648.05,0
2026-03-06 11:10:00,70646.65,70646.65,70497.95,70551.75,0
2026-03-06 11:15:00,70554.75,70584.85,70370.35,70561.15,0
2026-03-06 11:20:00,70561.95,70564.15,70429.65,70429.65,0
2026-03-06 11:25:00,70429.65,70451.15,70337.45,70383.25,0
2026-03-06 11:30:00,70382.8,70432.35,70281.95,70297.85,0
2026-03-06 11:35:00,70300.45,70425.55,70286.95,70337.45,0
2026-03-06 11:40:00,70337.45,70532.75,70275.55,70528.15,0
2026-03-06 11:45:00,70520.45,70603.85,70427.45,70457.35,0
2026-03-06 11:50:00,70463.55,70559.75,70452.35,70469.45,0
2026-03-06 11:55:00,70472.75,70605.15,70461.15,70540.05,0
2026-03-06 12:00:00,70539.65,70652.65,70499.85,70636.05,0
2026-03-06 12:05:00,70636.95,70697.15,70625.05,70657.35,0
2026-03-06 12:10:00,70657.85,70669.0,70614.65,70667.85,0
2026-03-06 12:15:00,70667.85,70722.95,70624.25,70636.95,0
2026-03-06 12:20:00,70638.05,70748.55,70634.45,70748.55,0
2026-03-06 12:25:00,70748.55,70777.65,70685.55,70754.15,0
2026-03-06 12:30:00,70756.35,70766.85,70571.55,70579.65,0
2026-03-06 12:35:00,70550.35,70563.55,70514.55,70521.65,0
2026-03-06 12:40:00,70527.65,70545.65,70481.45,70545.65,0
2026-03-06 12:45:00,70541.55,70582.45,70513.05,70513.25,0
2026-03-06 12:50:00,70517.65,70592.65,70443.35,70510.75,0
2026-03-06 12:55:00,70508.25,70587.95,70490.35,70513.35,0
2026-03-06 13:00:00,70514.55,70514.55,70412.45,70433.45,0
2026-03-06 13:05:00,70433.75,70501.15,70401.35,70425.85,0
2026-03-06 13:10:00,70424.3,70590.75,70397.05,70532.55,0
2026-03-06 13:15:00,70532.55,70548.45,70487.35,70504.75,0
2026-03-06 13:20:00,70504.75,70549.55,70488.65,70504.25,0
2026-03-06 13:25:00,70508.1,70554.45,70508.1,70535.45,0
2026-03-06 13:30:00,70533.95,70533.95,70461.85,70461.85,0
2026-03-06 13:35:00,70459.65,70622.75,70454.85,70576.05,0
2026-03-06 13:40:00,70577.35,70595.05,70337.25,70358.45,0
2026-03-06 13:45:00,70358.45,70365.45,70273.05,70287.45,0
2026-03-06 13:50:00,70288.0,70288.45,70207.85,70233.95,0
2026-03-06 13:55:00,70233.95,70244.55,70168.45,70191.25,0
2026-03-06 14:00:00,70191.05,70205.85,70052.8,70135.75,0
2026-03-06 14:05:00,70137.15,70157.75,69780.65,69816.55,0
2026-03-06 14:10:00,69810.95,69934.95,69779.45,69902.85,0
2026-03-06 14:15:00,69904.55,70163.45,69898.95,70163.45,0
2026-03-06 14:20:00,70160.55,70172.45,70047.15,70079.15,0
2026-03-06 14:25:00,70081.45,70114.95,69986.45,69986.45,0
2026-03-06 14:30:00,69986.45,70024.95,69833.35,69864.75,0
2026-03-06 14:35:00,69860.45,69862.95,69683.35,69745.95,0
2026-03-06 14:40:00,69747.55,69844.15,69703.35,69730.65,0
2026-03-06 14:45:00,69733.75,69769.05,69640.45,69749.55,0
2026-03-06 14:50:00,69747.55,69919.45,69731.55,69890.15,0
2026-03-06 14:55:00,69889.45,70044.35,69884.05,69902.25,0
2026-03-06 15:00:00,69902.15,70005.85,69881.05,69909.25,0
2026-03-06 15:05:00,69911.65,70000.05,69902.95,69950.05,0
2026-03-06 15:10:00,69950.05,70013.55,69942.75,69978.75,0
2026-03-06 15:15:00,69975.75,70032.05,69911.25,70005.85,0
2026-03-06 15:20:00,70005.85,70038.45,69810.65,70021.45,0
2026-03-06 15:25:00,70017.75,70194.95,70000.85,70040.05,0
2026-03-06 15:30:00,70035.65,70158.45,69741.85,70158.45,0
2026-03-06 15:35:00,70156.75,70308.05,70040.75,70071.35,0
2026-03-06 15:40:00,70067.85,70085.05,69915.25,70062.75,0
2026-03-06 15:45:00,70061.3,70061.3,69818.05,69940.35,0
2026-03-06 15:50:00,69939.95,69976.05,69783.65,69939.65,0
2026-03-06 15:55:00,69941.35,69941.35,69188.8,69199.25,0
2026-03-06 16:00:00,69198.85,69246.65,68859.05,69150.75,0
2026-03-06 16:05:00,69146.35,69164.85,68625.05,68635.25,0
2026-03-06 16:10:00,68645.45,68856.25,68613.95,68790.85,0
2026-03-06 16:15:00,68785.3,68962.55,68688.35,68956.25,0
2026-03-06 16:20:00,68953.65,68998.95,68864.35,68958.95,0
2026-03-06 16:25:00,68967.55,69061.45,68854.05,68954.45,0
2026-03-06 16:30:00,68958.4,69071.85,68702.85,68824.25,0
2026-03-06 16:35:00,68821.95,68865.8,68372.35,68617.25,0
2026-03-06 16:40:00,68611.65,68799.95,68573.45,68717.55,0
2026-03-06 16:45:00,68724.45,68874.55,68377.45,68392.25,0
2026-03-06 16:50:00,68393.05,68524.95,68288.15,68324.65,0
2026-03-06 16:55:00,68328.55,68449.55,68146.75,68381.85,0
2026-03-06 17:00:00,68379.95,68593.45,68345.55,68562.25,0
2026-03-06 17:05:00,68562.55,68636.25,68301.55,68301.55,0
2026-03-06 17:10:00,68295.85,68623.75,68295.85,68601.65,0
2026-03-06 17:15:00,68600.75,68763.85,68541.95,68762.55,0
2026-03-06 17:20:00,68765.3,68998.95,68698.15,68936.95,0
2026-03-06 17:25:00,68932.05,68932.05,68756.25,68864.05,0
2026-03-06 17:30:00,68861.95,69002.45,68781.25,68813.65,0
2026-03-06 17:35:00,68813.85,69077.45,68786.35,68904.8,0
2026-03-06 17:40:00,68906.85,68906.85,68672.45,68726.65,0
2026-03-06 17:45:00,68724.95,68733.65,68538.05,68570.75,0
2026-03-06 17:50:00,68570.25,68570.25,68276.85,68386.65,0
2026-03-06 17:55:00,68390.95,68569.95,68372.85,68470.55,0
2026-03-06 18:00:00,68466.95,68774.25,68425.05,68753.65,0
2026-03-06 18:05:00,68752.75,68753.45,68361.25,68361.25,0
2026-03-06 18:10:00,68363.85,68410.55,68252.05,68313.45,0
2026-03-06 18:15:00,68312.65,68424.45,68196.75,68346.65,0
2026-03-06 18:20:00,68348.35,68435.95,68243.75,68378.75,0
2026-03-06 18:25:00,68379.85,68539.55,68365.35,68510.75,0
2026-03-06 18:30:00,68513.05,68558.15,68312.95,68387.15,0
2026-03-06 18:35:00,68382.7,68648.25,68370.45,68641.35,0
2026-03-06 18:40:00,68643.55,68643.55,68497.35,68567.45,0
2026-03-06 18:45:00,68563.65,68687.35,68496.65,68567.45,0
2026-03-06 18:50:00,68563.75,68673.95,68334.15,68339.45,0
2026-03-06 18:55:00,68342.25,68500.95,68317.35,68426.45,0
2026-03-06 19:00:00,68422.05,68624.15,68391.25,68561.95,0
2026-03-06 19:05:00,68560.45,68594.15,68465.35,68529.35,0
2026-03-06 19:10:00,68527.25,68552.25,68371.75,68380.35,0
2026-03-06 19:15:00,68374.75,68468.25,68243.15,68441.15,0
2026-03-06 19:20:00,68441.25,68563.65,68354.05,68366.55,0
2026-03-06 19:25:00,68360.55,68366.55,68175.05,68222.65,0
2026-03-06 19:30:00,68224.45,68269.65,68064.3,68123.75,0
2026-03-06 19:35:00,68118.9,68137.45,67772.25,67837.45,0
2026-03-06 19:40:00,67831.75,67871.25,67719.85,67810.75,0
2026-03-06 19:45:00,67811.65,67995.95,67797.95,67956.15,0
2026-03-06 19:50:00,67957.5,68025.05,67869.05,67912.75,0
2026-03-06 19:55:00,67913.55,68023.35,67910.65,67930.95,0
2026-03-06 20:00:00,67930.95,68174.95,67922.05,68072.75,0
2026-03-06 20:05:00,68077.15,68234.35,68065.25,68185.15,0
2026-03-06 20:10:00,68186.55,68359.45,68111.15,68303.35,0
2026-03-06 20:15:00,68304.25,68370.15,68249.05,68343.15,0
2026-03-06 20:20:00,68348.95,68367.7,68273.35,68352.45,0
2026-03-06 20:25:00,68355.05,68403.35,68233.05,68265.25,0
2026-03-06 20:30:00,68264.25,68452.15,68247.75,68407.25,0
2026-03-06 20:35:00,68403.95,68403.95,68288.15,68380.95,0
2026-03-06 20:40:00,68378.45,68444.05,68371.95,68408.65,0
2026-03-06 20:45:00,68415.25,68443.75,68302.85,68367.85,0
2026-03-06 20:50:00,68373.85,68388.95,68129.05,68208.95,0
2026-03-06 20:55:00,68206.15,68254.75,68148.35,68151.05,0
2026-03-06 21:00:00,68152.25,68298.45,68152.25,68236.45,0
2026-03-06 21:05:00,68233.75,68296.85,68196.25,68243.35,0
2026-03-06 21:10:00,68241.85,68411.25,68234.95,68410.65,0
2026-03-06 21:15:00,68410.05,68452.15,68294.15,68445.05,0
2026-03-06 21:20:00,68444.65,68444.65,68197.65,68199.75,0
2026-03-06 21:25:00,68198.55,68241.25,68116.65,68192.55,0
2026-03-06 21:30:00,68188.2,68246.65,68166.55,68174.85,0
2026-03-06 21:35:00,68168.05,68236.25,68111.75,68146.45,0
2026-03-06 21:40:00,68143.45,68285.65,68110.85,68115.95,0
2026-03-06 21:45:00,68114.15,68141.65,68028.45,68068.65,0
2026-03-06 21:50:00,68066.45,68095.05,67976.05,68033.45,0
2026-03-06 21:55:00,68032.05,68129.95,68029.45,68100.85,0
2026-03-06 22:00:00,68107.25,68258.95,68092.85,68169.95,0
2026-03-06 22:05:00,68169.95,68212.65,68106.65,68153.75,0
2026-03-06 22:10:00,68157.15,68182.25,67966.85,67985.95,0
2026-03-06 22:15:00,67990.75,68110.25,67971.25,68032.45,0
2026-03-06 22:20:00,68031.1,68074.95,67963.35,68003.55,0
2026-03-06 22:25:00,67999.25,68008.35,67733.05,67801.45,0
2026-03-06 22:30:00,67798.7,67887.35,67778.65,67778.65,0
2026-03-06 22:35:00,67778.95,67907.35,67776.95,67867.65,0
2026-03-06 22:40:00,67871.45,68043.75,67822.85,67961.55,0
2026-03-06 22:45:00,67961.55,68087.95,67952.45,68071.55,0
2026-03-06 22:50:00,68073.65,68105.45,68033.05,68093.55,0
2026-03-06 22:55:00,68093.25,68149.95,68039.95,68080.35,0
2026-03-06 23:00:00,68076.35,68143.95,68045.05,68131.85,0
2026-03-06 23:05:00,68128.25,68162.35,68101.55,68134.05,0
2026-03-06 23:10:00,68129.45,68133.65,68084.95,68122.65,0
2026-03-06 23:15:00,68123.95,68144.75,68074.05,68112.25,0
2026-03-06 23:20:00,68106.05,68106.05,67949.25,67949.25,0
2026-03-06 23:25:00,67943.95,67995.85,67904.75,67978.55,0
2026-03-06 23:30:00,67979.35,68076.05,67955.85,67984.45,0
2026-03-06 23:35:00,67983.45,68137.95,67979.45,68112.35,0
2026-03-06 23:40:00,68112.35,68214.45,68111.25,68204.95,0
2026-03-06 23:45:00,68204.95,68261.05,68192.55,68253.65,0
2026-03-06 23:50:00,68251.25,68305.65,68214.35,68215.55,0
2026-03-06 23:55:00,68214.85,68301.95,68157.85,68260.85,0
2026-03-07 00:00:00,68260.95,68339.55,68245.45,68321.75,0
2026-03-07 00:05:00,68319.15,68326.45,68281.85,68296.15,0
2026-03-07 00:10:00,68296.15,68296.15,68245.65,68264.25,0
2026-03-07 00:15:00,68264.25,68325.15,68225.05,68317.15,0
2026-03-07 00:20:00,68317.15,68361.25,68283.35,68285.25,0
2026-03-07 00:25:00,68284.15,68298.25,68253.75,68264.95,0
2026-03-07 00:30:00,68264.95,68278.25,68199.45,68248.45,0
2026-03-07 00:35:00,68248.45,68280.45,68197.25,68280.45,0
2026-03-07 00:40:00,68282.35,68394.95,68275.05,68342.15,0
2026-03-07 00:45:00,68342.15,68396.75,68324.15,68393.25,0
2026-03-07 00:50:00,68393.25,68402.05,68340.65,68400.45,0
2026-03-07 00:55:00,68400.45,68412.45,68270.95,68303.55,0
2026-03-07 01:00:00,68308.65,68318.35,68216.75,68303.65,0
2026-03-07 01:05:00,68301.15,68308.45,68237.55,68302.25,0
2026-03-07 01:10:00,68301.45,68310.85,68219.45,68299.75,0
2026-03-07 01:15:00,68301.25,68327.55,68279.25,68325.45,0
2026-03-07 01:20:00,68325.45,68344.15,68283.95,68312.55,0
2026-03-07 01:25:00,68310.85,68330.05,68276.05,68322.95,0
2026-03-07 01:30:00,68322.75,68322.75,68254.95,68307.05,0
2026-03-07 01:35:00,68304.8,68304.8,68194.55,68209.65,0
2026-03-07 01:40:00,68209.65,68215.45,68146.55,68212.65,0
2026-03-07 01:45:00,68209.25,68210.55,68185.35,68185.85,0
2026-03-07 01:50:00,68191.2,68199.25,68092.45,68102.95,0
2026-03-07 01:55:00,68105.45,68123.35,68068.65,68083.25,0
2026-03-07 02:00:00,68087.05,68171.65,68087.05,68097.25,0
2026-03-07 02:05:00,68100.45,68210.75,68100.45,68195.95,0
2026-03-07 02:10:00,68195.95,68236.45,68181.25,68185.55,0
2026-03-07 02:15:00,68185.55,68207.45,68177.15,68205.55,0
2026-03-07 02:20:00,68205.55,68208.95,68087.75,68193.75,0
2026-03-07 02:25:00,68188.95,68230.95,68168.35,68186.95,0
2026-03-07 02:30:00,68188.75,68364.65,68178.25,68285.75,0
2026-03-07 02:35:00,68285.75,68285.75,68221.55,68261.05,0
2026-03-07 02:40:00,68261.05,68307.75,68260.65,68264.55,0
2026-03-07 02:45:00,68263.55,68312.25,68253.05,68284.05,0
2026-03-07 02:50:00,68284.05,68322.65,68284.05,68322.65,0
2026-03-07 02:55:00,68322.65,68322.65,68253.85,68253.85,0
2026-03-07 03:00:00,68253.85,68340.55,68241.45,68315.15,0
2026-03-07 03:05:00,68315.15,68315.15,68271.75,68298.15,0
2026-03-07 03:10:00,68298.15,68333.05,68166.95,68206.85,0
2026-03-07 03:15:00,68209.6,68233.45,68192.45,68220.95,0
2026-03-07 03:20:00,68217.55,68240.95,68154.15,68180.65,0
2026-03-07 03:25:00,68180.05,68203.45,68156.95,68202.25,0
2026-03-07 03:30:00,68202.25,68213.55,68157.75,68179.75,0
2026-03-07 03:35:00,68179.75,68239.45,68169.85,68223.05,0
2026-03-07 03:40:00,68217.65,68249.95,68189.25,68249.95,0
2026-03-07 03:45:00,68254.15,68274.65,68225.45,68274.65,0
2026-03-07 03:50:00,68269.55,68311.65,68259.55,68292.05,0
2026-03-07 03:55:00,68292.05,68298.75,68230.25,68230.25,0
2026-03-07 04:00:00,68232.35,68241.25,68186.45,68236.25,0
2026-03-07 04:05:00,68227.55,68259.95,68204.45,68259.95,0
2026-03-07 04:10:00,68255.75,68277.65,68208.55,68212.45,0
2026-03-07 04:15:00,68212.45,68239.55,68197.25,68197.25,0
2026-03-07 04:20:00,68200.35,68216.05,68082.95,68107.95,0
2026-03-07 04:25:00,68113.5,68139.85,68076.25,68081.35,0
2026-03-07 04:30:00,68081.35,68109.35,68071.05,68090.35,0
2026-03-07 04:35:00,68090.35,68117.45,68032.15,68117.45,0
2026-03-07 04:40:00,68123.3,68169.35,68114.75,68138.45,0
2026-03-07 04:45:00,68138.45,68181.35,68135.15,68181.35,0
2026-03-07 04:50:00,68181.35,68235.55,68181.35,68195.35,0
2026-03-07 04:55:00,68196.3,68339.15,68196.3,68318.55,0
2026-03-07 05:00:00,68320.45,68388.05,68304.95,68343.95,0
2026-03-07 05:05:00,68339.85,68389.55,68326.85,68366.65,0
2026-03-07 05:10:00,68363.95,68519.05,68332.15,68490.25,0
2026-03-07 05:15:00,68489.55,68489.55,68281.65,68308.15,0
2026-03-07 05:20:00,68308.85,68331.85,68218.15,68265.35,0
2026-03-07 05:25:00,68265.85,68282.55,68205.55,68205.55,0
2026-03-07 05:30:00,68208.75,68243.25,68184.95,68193.65,0
2026-03-07 05:35:00,68194.15,68236.35,68167.05,68167.05,0
2026-03-07 05:40:00,68169.45,68197.35,68147.55,68147.55,0
2026-03-07 05:45:00,68148.15,68196.05,68128.65,68153.45,0
2026-03-07 05:50:00,68153.45,68153.45,68076.05,68095.25,0
2026-03-07 05:55:00,68095.25,68138.55,68073.35,68073.35,0
2026-03-07 06:00:00,68074.85,68091.35,67782.05,67875.65,0
2026-03-07 06:05:00,67875.85,67954.25,67837.45,67866.59,0
2026-03-07 06:10:00,67866.14,67952.55,67864.85,67921.65,0
2026-03-07 06:15:00,67920.55,67996.65,67917.45,67996.65,0
2026-03-07 06:20:00,67995.85,68036.65,67956.35,68020.05,0
2026-03-07 06:25:00,68018.85,68035.76,68002.75,68002.75,0
2026-03-07 06:30:00,68003.05,68024.95,67957.35,67957.35,0
2026-03-07 06:35:00,67953.65,68096.25,67944.05,68092.85,0
2026-03-07 06:40:00,68089.45,68123.42,68086.55,68109.05,0
2026-03-07 06:45:00,68109.05,68109.05,68063.35,68073.65,0
2026-03-07 06:50:00,68073.65,68099.35,68034.8,68051.85,0
2026-03-07 06:55:00,68051.85,68086.85,68034.35,68034.35,0
2026-03-07 07:00:00,68034.35,68098.95,68034.35,68093.35,0
2026-03-07 07:05:00,68093.35,68116.65,68057.75,68082.85,0
2026-03-07 07:10:00,68082.75,68086.85,67933.65,67982.35,0
2026-03-07 07:15:00,67982.35,68020.35,67875.05,67911.65,0
2026-03-07 07:20:00,67915.95,67972.45,67908.65,67947.25,0
2026-03-07 07:25:00,67944.15,67997.75,67937.25,67997.75,0
2026-03-07 07:30:00,67994.45,67997.65,67924.95,67929.75,0
2026-03-07 07:35:00,67930.05,68018.15,67930.05,68018.15,0
2026-03-07 07:40:00,68023.05,68071.05,68023.05,68057.95,0
2026-03-07 07:45:00,68057.95,68088.55,68025.45,68030.25,0
2026-03-07 07:50:00,68030.25,68045.95,68018.55,68045.95,0
2026-03-07 07:55:00,68043.15,68043.15,67953.45,67991.55,0
2026-03-07 08:00:00,67991.05,67996.65,67934.75,67978.85,0
2026-03-07 08:05:00,67974.55,67999.35,67932.65,67941.45,0
2026-03-07 08:10:00,67943.65,67970.05,67915.25,67930.85,0
2026-03-07 08:15:00,67928.45,67966.25,67905.05,67905.05,0
2026-03-07 08:20:00,67905.05,67932.45,67860.05,67899.85,0
2026-03-07 08:25:00,67897.05,67905.25,67826.95,67846.55,0
2026-03-07 08:30:00,67847.45,67894.05,67821.0,67824.05,0
2026-03-07 08:35:00,67818.85,67871.95,67734.35,67824.35,0
2026-03-07 08:40:00,67824.35,67911.15,67824.35,67909.55,0
2026-03-07 08:45:00,67909.05,67930.45,67870.15,67870.95,0
2026-03-07 08:50:00,67870.95,67878.75,67584.05,67671.75,0
2026-03-07 08:55:00,67672.95,67737.05,67655.65,67671.95,0
2026-03-07 09:00:00,67672.15,67685.15,67545.05,67545.05,0
2026-03-07 09:05:00,67545.55,67631.55,67438.95,67448.05,0
2026-03-07 09:10:00,67448.6,67631.05,67419.35,67607.65,0
2026-03-07 09:15:00,67604.75,67624.55,67579.35,67591.55,0
2026-03-07 09:20:00,67591.55,67737.25,67583.25,67688.35,0
2026-03-07 09:25:00,67690.15,67733.85,67681.75,67705.15,0
2026-03-07 09:30:00,67705.15,67732.45,67679.15,67729.15,0
2026-03-07 09:35:00,67729.25,67754.55,67640.4,67666.45,0
2026-03-07 09:40:00,67669.35,67775.35,67656.95,67773.35,0
2026-03-07 09:45:00,67773.55,67831.95,67743.65,67764.75,0
2026-03-07 09:50:00,67766.05,67824.85,67766.05,67802.95,0
2026-03-07 09:55:00,67802.95,67845.35,67787.15,67823.65,0
2026-03-07 10:00:00,67826.55,67829.95,67775.05,67780.75,0
2026-03-07 10:35:00,67906.75,67919.45,67857.55,67887.25,0
2026-03-07 10:40:00,67887.65,67912.15,67874.45,67876.75,0
2026-03-07 10:45:00,67876.75,67898.45,67865.85,67890.95,0
2026-03-07 10:50:00,67889.15,67899.65,67862.75,67862.75,0
2026-03-07 10:55:00,67862.75,67862.75,67699.95,67777.45,0
2026-03-07 11:00:00,67777.35,67777.35,67715.65,67766.25,0
2026-03-07 11:05:00,67766.25,67828.35,67766.25,67821.55,0
2026-03-07 11:10:00,67822.75,67950.85,67822.75,67950.85,0
2026-03-07 11:15:00,67952.35,68049.35,67917.95,67924.45,0
2026-03-07 11:20:00,67927.35,67952.85,67905.65,67927.95,0
2026-03-07 11:25:00,67941.15,67950.85,67905.35,67937.65,0
2026-03-07 11:30:00,67933.45,67984.75,67917.25,67960.75,0
2026-03-07 11:35:00,67961.75,68009.65,67954.15,67978.85,0
2026-03-07 11:40:00,67978.85,67978.85,67927.65,67948.15,0
2026-03-07 11:45:00,67948.15,68014.55,67941.95,67977.75,0
2026-03-07 11:50:00,67977.75,68018.05,67963.75,67963.75,0
2026-03-07 11:55:00,67966.35,68017.55,67966.35,67979.15,0
2026-03-07 12:00:00,67979.95,68027.85,67941.65,68027.35,0
2026-03-07 12:05:00,68022.25,68040.25,67977.75,68022.35,0
2026-03-07 12:10:00,68022.35,68080.55,68022.35,68066.45,0
2026-03-07 12:15:00,68066.45,68066.45,67952.55,67973.75,0
2026-03-07 12:20:00,67971.25,67971.25,67925.05,67925.05,0
2026-03-07 12:25:00,67924.15,67950.35,67890.65,67950.35,0
2026-03-07 12:30:00,67947.65,67952.75,67886.25,67902.25,0
2026-03-07 12:35:00,67902.25,67982.35,67902.25,67958.85,0
2026-03-07 12:40:00,67957.65,67974.95,67925.75,67925.75,0
2026-03-07 12:45:00,67925.75,67966.35,67916.65,67948.55,0
2026-03-07 12:50:00,67948.55,67948.55,67877.95,67889.05,0
2026-03-07 12:55:00,67889.05,67896.45,67846.75,67860.35,0
2026-03-07 13:00:00,67860.35,67862.65,67839.85,67852.45,0
2026-03-07 13:05:00,67852.45,67892.65,67822.65,67854.35,0
2026-03-07 13:10:00,67854.35,68177.65,67854.35,68165.25,0
2026-03-07 13:15:00,68164.25,68211.95,68092.45,68154.85,0
2026-03-07 13:20:00,68157.15,68201.75,68098.75,68098.75,0
2026-03-07 13:25:00,68101.45,68131.25,68075.05,68122.55,0
2026-03-07 13:30:00,68122.45,68142.05,68076.45,68083.05,0
2026-03-07 13:35:00,68082.55,68102.45,68059.85,68095.15,0
2026-03-07 13:40:00,68092.55,68112.05,68031.85,68112.05,0
2026-03-07 13:45:00,68107.05,68107.05,68041.65,68041.65,0
2026-03-07 13:50:00,68041.65,68057.55,68017.05,68030.45,0
2026-03-07 13:55:00,68030.45,68048.75,67980.65,67985.05,0
2026-03-07 14:00:00,67985.05,68062.35,67979.35,68054.05,0
2026-03-07 14:05:00,68054.05,68060.75,67951.55,67961.75,0
2026-03-07 14:10:00,67959.45,67971.65,67937.3,67971.65,0
2026-03-07 14:15:00,67966.35,68027.45,67966.35,68001.45,0
2026-03-07 14:20:00,68001.45,68031.85,67998.65,68023.25,0
2026-03-07 14:25:00,68023.25,68048.15,67954.75,67997.45,0
2026-03-07 14:30:00,67997.45,68009.65,67969.55,68009.65,0
2026-03-07 14:35:00,68004.85,68004.85,67973.05,67977.45,0
2026-03-07 14:40:00,67976.25,67976.25,67891.65,67911.05,0
2026-03-07 14:45:00,67910.95,67944.05,67869.05,67913.05,0
2026-03-07 14:50:00,67916.75,68002.05,67916.75,67992.55,0
2026-03-07 14:55:00,67989.75,67997.15,67948.35,67965.75,0
2026-03-07 15:00:00,67969.15,68040.75,67969.15,68033.35,0
2026-03-07 15:05:00,68033.35,68033.35,67912.65,67988.85,0
2026-03-07 15:10:00,67987.45,68024.05,67980.35,68011.65,0
2026-03-07 15:15:00,68011.65,68056.65,67948.95,67948.95,0
2026-03-07 15:20:00,67941.05,67987.55,67939.65,67981.35,0
2026-03-07 15:25:00,67981.85,68019.95,67939.35,67967.05,0
2026-03-07 15:30:00,67967.05,68021.75,67940.15,67940.15,0
2026-03-07 15:35:00,67938.35,67975.45,67827.65,67866.05,0
2026-03-07 15:40:00,67866.05,67923.45,67845.75,67857.85,0
2026-03-07 15:45:00,67857.85,67914.05,67844.45,67892.35,0
2026-03-07 15:50:00,67892.35,67932.55,67884.25,67911.55,0
2026-03-07 15:55:00,67908.95,67909.45,67880.05,67902.55,0
2026-03-07 16:00:00,67895.85,67900.35,67725.05,67823.45,0
2026-03-07 16:05:00,67823.45,67823.45,67673.75,67675.05,0
2026-03-07 16:10:00,67675.85,67736.45,67586.65,67725.45,0
2026-03-07 16:15:00,67725.45,67786.05,67682.45,67759.75,0
2026-03-07 16:20:00,67759.75,67785.15,67717.35,67768.25,0
2026-03-07 16:25:00,67768.25,67805.45,67768.25,67783.55,0
2026-03-07 16:30:00,67783.55,67807.15,67773.35,67793.45,0
2026-03-07 16:35:00,67793.45,68065.75,67793.45,68034.35,0
2026-03-07 16:40:00,68056.0,68058.25,67977.25,67989.65,0
2026-03-07 16:45:00,67989.65,68024.65,67950.95,68017.75,0
2026-03-07 16:50:00,68005.05,68059.85,67988.05,68019.85,0
2026-03-07 16:55:00,68013.25,68018.35,67984.25,67992.05,0
2026-03-07 17:00:00,67990.55,67995.25,67917.55,67975.05,0
2026-03-07 17:05:00,67974.95,68003.35,67928.15,67973.95,0
2026-03-07 17:10:00,67973.95,67973.95,67898.25,67910.35,0
2026-03-07 17:15:00,67906.05,67971.55,67893.55,67893.55,0
2026-03-07 17:20:00,67893.05,67942.55,67833.45,67932.45,0
2026-03-07 17:25:00,67929.05,67937.55,67878.25,67937.55,0
2026-03-07 17:30:00,67931.25,68012.65,67838.35,67972.25,0
2026-03-07 17:35:00,67973.25,67999.95,67755.05,67799.95,0
2026-03-07 17:40:00,67793.35,67843.55,67759.75,67800.55,0
2026-03-07 17:45:00,67800.55,67842.95,67746.35,67810.45,0
2026-03-07 17:50:00,67809.65,67871.95,67809.65,67870.35,0
2026-03-07 17:55:00,67870.35,67888.85,67851.45,67854.25,0
2026-03-07 18:00:00,67854.25,67857.7,67810.45,67817.05,0
2026-03-07 18:05:00,67815.95,67859.85,67766.95,67844.75,0
2026-03-07 18:10:00,67844.75,67876.15,67829.55,67855.85,0
2026-03-07 18:15:00,67857.35,67858.35,67739.55,67753.95,0
2026-03-07 18:20:00,67753.95,67838.85,67721.05,67758.75,0
2026-03-07 18:25:00,67761.9,67799.05,67750.05,67753.05,0
2026-03-07 18:30:00,67749.45,67806.95,67746.45,67772.15,0
2026-03-07 18:35:00,67772.15,67807.75,67752.95,67758.25,0
2026-03-07 18:40:00,67758.25,67767.65,67681.25,67763.35,0
2026-03-07 18:45:00,67763.35,67798.55,67737.35,67767.35,0
2026-03-07 18:50:00,67767.95,67789.75,67739.85,67772.75,0
2026-03-07 18:55:00,67772.75,67817.55,67756.85,67767.85,0
2026-03-07 19:00:00,67767.85,67845.55,67759.15,67823.05,0
2026-03-07 19:05:00,67821.65,67821.65,67782.85,67818.95,0
2026-03-07 19:10:00,67818.95,67818.95,67787.45,67812.55,0
2026-03-07 19:15:00,67810.25,67840.55,67787.95,67803.25,0
2026-03-07 19:20:00,67803.25,67919.05,67803.25,67874.35,0
2026-03-07 19:25:00,67874.35,67879.55,67849.15,67856.75,0
2026-03-07 19:30:00,67856.15,67858.35,67843.45,67843.45,0
2026-03-07 19:35:00,67843.45,67855.05,67831.15,67855.05,0
2026-03-07 19:40:00,67852.95,67859.75,67839.85,67857.35,0
2026-03-07 19:45:00,67857.35,67862.95,67838.25,67860.45,0
2026-03-07 19:50:00,67859.75,67859.75,67836.05,67854.35,0
2026-03-07 19:55:00,67850.75,67850.75,67741.35,67765.25,0
2026-03-07 20:00:00,67765.25,67765.25,67460.15,67582.75,0
2026-03-07 20:05:00,67583.15,67621.35,67552.65,67594.75,0
2026-03-07 20:10:00,67594.75,67624.35,67578.25,67604.45,0
2026-03-07 20:15:00,67604.95,67672.45,67587.75,67587.75,0
2026-03-07 20:20:00,67584.45,67656.05,67562.05,67628.45,0
2026-03-07 20:25:00,67625.05,67636.95,67562.25,67634.95,0
2026-03-07 20:30:00,67635.45,67635.65,67468.15,67506.75,0
2026-03-07 20:35:00,67506.75,67555.95,67477.15,67555.95,0
2026-03-07 20:40:00,67555.95,67638.85,67547.55,67635.25,0
2026-03-07 20:45:00,67636.85,67640.35,67587.15,67640.35,0
2026-03-07 20:50:00,67632.35,67632.35,67532.15,67564.75,0
2026-03-07 20:55:00,67564.75,67571.45,67535.45,67538.65,0
2026-03-07 21:00:00,67538.65,67538.65,67494.65,67499.75,0
2026-03-07 21:05:00,67499.75,67544.85,67482.85,67482.85,0
2026-03-07 21:10:00,67478.95,67537.25,67476.25,67476.25,0
2026-03-07 21:15:00,67483.05,67533.25,67259.95,67338.05,0
2026-03-07 21:20:00,67342.45,67457.45,67285.65,67293.45,0
2026-03-07 21:25:00,67299.15,67371.75,67147.45,67196.05,0
2026-03-07 21:30:00,67196.05,67321.15,67162.25,67194.25,0
2026-03-07 21:35:00,67193.45,67310.55,67190.45,67264.55,0
2026-03-07 21:40:00,67262.35,67306.45,67190.85,67194.65,0
2026-03-07 21:45:00,67189.95,67247.25,67143.15,67154.35,0
2026-03-07 21:50:00,67150.05,67161.05,66958.65,67009.85,0
2026-03-07 21:55:00,67006.75,67121.45,66900.05,67053.25,0
2026-03-07 22:00:00,67051.2,67170.55,67042.75,67159.95,0
2026-03-07 22:05:00,67159.85,67235.35,67149.85,67160.35,0
2026-03-07 22:10:00,67161.95,67271.35,67161.95,67214.95,0
2026-03-07 22:15:00,67218.55,67264.25,67178.15,67224.05,0
2026-03-07 22:20:00,67221.95,67252.15,67162.45,67246.95,0
2026-03-07 22:25:00,67244.55,67276.95,67219.65,67219.95,0
2026-03-07 22:30:00,67220.95,67279.75,67218.45,67245.25,0
2026-03-07 22:35:00,67242.35,67378.85,67241.85,67356.25,0
2026-03-07 22:40:00,67357.95,67398.55,67356.6,67365.05,0
2026-03-07 22:45:00,67365.05,67390.25,67346.15,67366.15,0
2026-03-07 22:50:00,67370.05,67397.75,67275.15,67394.25,0
2026-03-07 22:55:00,67390.35,67408.85,67352.55,67366.65,0
2026-03-07 23:00:00,67366.65,67417.95,67312.45,67391.25,0
2026-03-07 23:05:00,67387.6,67426.15,67365.85,67420.85,0
2026-03-07 23:10:00,67418.25,67452.15,67376.75,67376.75,0
2026-03-07 23:15:00,67376.75,67452.75,67372.55,67377.95,0
2026-03-07 23:20:00,67371.25,67429.55,67371.25,67421.35,0
2026-03-07 23:25:00,67421.35,67456.85,67421.35,67431.15,0
2026-03-07 23:30:00,67431.15,67433.75,67342.35,67392.75,0
2026-03-07 23:35:00,67390.15,67390.15,67248.25,67302.85,0
2026-03-07 23:40:00,67302.85,67348.45,67285.85,67345.65,0
2026-03-07 23:45:00,67345.65,67347.05,67266.65,67335.15,0
2026-03-07 23:50:00,67321.55,67350.45,67279.75,67350.45,0
2026-03-07 23:55:00,67350.45,67425.55,67336.75,67425.55,0
2026-03-08 00:00:00,67427.05,67430.25,67393.75,67400.45,0
2026-03-08 00:05:00,67404.35,67447.05,67351.55,67361.05,0
2026-03-08 00:10:00,67361.05,67389.35,67292.15,67303.95,0
2026-03-08 00:15:00,67298.15,67345.75,67289.85,67336.25,0
2026-03-08 00:20:00,67332.75,67332.75,67250.45,67290.55,0
2026-03-08 00:25:00,67293.0,67301.65,67235.55,67248.55,0
2026-03-08 00:30:00,67248.55,67285.85,67151.55,67198.95,0
2026-03-08 00:35:00,67199.85,67231.45,67064.25,67213.55,0
2026-03-08 00:40:00,67243.85,67278.15,67210.65,67223.25,0
2026-03-08 00:45:00,67222.25,67336.35,67210.85,67251.95,0
2026-03-08 00:50:00,67247.05,67286.65,67215.95,67245.15,0
2026-03-08 00:55:00,67245.15,67245.15,67190.55,67232.65,0
2026-03-08 01:00:00,67234.4,67312.65,67160.35,67312.65,0
2026-03-08 01:05:00,67312.65,67354.05,67280.15,67285.35,0
2026-03-08 01:10:00,67298.55,67327.75,67291.15,67304.15,0
2026-03-08 01:15:00,67307.55,67354.95,67288.55,67297.35,0
2026-03-08 01:20:00,67289.85,67364.95,67289.85,67364.95,0
2026-03-08 01:25:00,67367.35,67381.35,67305.95,67344.55,0
2026-03-08 01:30:00,67349.85,67363.35,67315.85,67321.85,0
2026-03-08 01:35:00,67326.75,67372.85,67286.85,67292.05,0
2026-03-08 01:40:00,67292.05,67320.35,67292.05,67320.35,0
2026-03-08 01:45:00,67322.85,67342.15,67235.75,67235.75,0
2026-03-08 01:50:00,67235.75,67258.75,67209.85,67254.95,0
2026-03-08 01:55:00,67254.95,67258.75,67226.05,67235.55,0
2026-03-08 02:00:00,67237.05,67358.45,67237.05,67358.45,0
2026-03-08 02:05:00,67358.55,67405.95,67352.65,67383.55,0
2026-03-08 02:10:00,67387.05,67440.35,67378.25,67378.25,0
2026-03-08 02:15:00,67386.0,67413.15,67372.85,67379.25,0
2026-03-08 02:20:00,67376.75,67463.05,67335.55,67343.25,0
2026-03-08 02:25:00,67347.15,67366.95,67302.15,67323.15,0
2026-03-08 02:30:00,67323.15,67341.85,67297.25,67310.35,0
2026-03-08 02:35:00,67310.35,67310.35,67226.35,67292.95,0
2026-03-08 02:40:00,67293.95,67309.75,67219.35,67293.55,0
2026-03-08 02:45:00,67298.05,67300.25,67158.95,67182.15,0
2026-03-08 02:50:00,67185.1,67216.95,67150.25,67184.05,0
2026-03-08 02:55:00,67179.45,67208.95,67150.95,67164.75,0
2026-03-08 03:00:00,67165.95,67198.05,67143.25,67144.75,0
2026-03-08 03:05:00,67149.05,67280.45,67134.65,67259.85,0
2026-03-08 03:10:00,67256.35,67263.75,67189.15,67253.75,0
2026-03-08 03:15:00,67249.0,67297.65,67235.65,67245.25,0
2026-03-08 03:20:00,67245.25,67276.15,67225.55,67225.55,0
2026-03-08 03:25:00,67229.45,67273.65,67201.85,67205.75,0
2026-03-08 03:30:00,67201.75,67201.75,67066.15,67073.45,0
2026-03-08 03:35:00,67073.45,67233.25,67067.45,67213.05,0
2026-03-08 03:40:00,67213.05,67297.15,67213.05,67286.45,0
2026-03-08 03:45:00,67283.35,67318.15,67267.65,67307.45,0
2026-03-08 03:50:00,67307.45,67334.95,67304.45,67331.65,0
2026-03-08 03:55:00,67326.65,67326.65,67270.25,67277.05,0
2026-03-08 04:00:00,67265.4,67265.4,67237.15,67240.35,0
2026-03-08 04:05:00,67238.55,67273.65,67202.35,67209.05,0
2026-03-08 04:10:00,67209.05,67293.35,67196.55,67293.35,0
2026-03-08 04:15:00,67294.35,67329.95,67218.65,67235.35,0
2026-03-08 04:20:00,67235.35,67280.25,67235.35,67267.25,0
2026-03-08 04:25:00,67267.25,67291.25,67186.05,67199.05,0
2026-03-08 04:30:00,67199.05,67199.05,67085.25,67174.95,0
2026-03-08 04:35:00,67174.95,67203.55,67131.35,67175.95,0
2026-03-08 04:40:00,67172.15,67404.25,67170.95,67383.8,0
2026-03-08 04:45:00,67378.35,67378.35,67052.85,67059.65,0
2026-03-08 04:50:00,67053.75,67106.05,66813.15,66992.85,0
2026-03-08 04:55:00,66987.2,67011.45,66886.55,66905.75,0
2026-03-08 05:00:00,66906.05,66966.25,66827.55,66899.85,0
2026-03-08 05:05:00,66899.85,67012.05,66895.95,66897.95,0
2026-03-08 05:10:00,66901.65,66986.15,66901.65,66951.95,0
2026-03-08 05:15:00,66951.95,67069.55,66951.95,67005.85,0
2026-03-08 05:20:00,67000.1,67034.55,66970.75,67018.85,0
2026-03-08 05:25:00,67018.85,67018.85,66965.35,66984.15,0
2026-03-08 05:30:00,66980.65,67015.75,66914.25,66982.55,0
2026-03-08 05:35:00,66982.55,67023.15,66943.75,66974.05,0
2026-03-08 05:40:00,66974.05,66996.05,66944.65,66978.35,0
2026-03-08 05:45:00,66975.95,67034.05,66965.55,66969.25,0
2026-03-08 05:50:00,66964.55,67036.05,66964.55,66985.55,0
2026-03-08 05:55:00,66986.25,67050.85,66975.05,66977.25,0
2026-03-08 06:00:00,66978.35,67011.85,66906.95,67001.25,0
2026-03-08 06:05:00,67001.25,67052.95,66973.75,67006.75,0
2026-03-08 06:10:00,67006.75,67011.75,66908.35,66996.45,0
2026-03-08 06:15:00,66996.45,67045.95,66946.25,67045.95,0
2026-03-08 06:20:00,67045.95,67066.65,67010.45,67025.25,0
2026-03-08 06:25:00,67025.85,67030.05,66972.95,66977.65,0
2026-03-08 06:30:00,66978.95,66992.75,66954.55,66975.05,0
2026-03-08 06:35:00,66975.05,66975.05,66906.35,66959.55,0
2026-03-08 06:40:00,66959.65,66963.85,66894.55,66931.15,0
2026-03-08 06:45:00,66932.35,66942.85,66780.05,66849.25,0
2026-03-08 06:50:00,66847.2,66857.4,66592.05,66600.55,0
2026-03-08 06:55:00,66597.75,66674.25,66523.85,66612.95,0
2026-03-08 07:00:00,66610.15,66759.95,66593.55,66746.35,0
2026-03-08 07:05:00,66748.75,66919.35,66748.75,66889.05,0
2026-03-08 07:10:00,66890.95,66961.45,66883.55,66951.85,0
2026-03-08 07:15:00,66953.45,67034.95,66925.05,66992.85,0
2026-03-08 07:20:00,66993.75,67140.25,66993.75,67120.45,0
2026-03-08 07:25:00,67120.45,67166.65,67094.65,67101.35,0
2026-03-08 07:30:00,67104.8,67182.55,67073.05,67081.55,0
2026-03-08 07:35:00,67081.55,67156.65,67081.55,67156.65,0
2026-03-08 07:40:00,67156.65,67170.55,67125.05,67159.85,0
2026-03-08 07:45:00,67159.85,67203.55,67159.85,67198.95,0
2026-03-08 07:50:00,67194.35,67199.65,67129.55,67198.05,0
2026-03-08 07:55:00,67192.65,67221.85,67108.25,67123.65,0
2026-03-08 08:00:00,67123.65,67209.25,67115.05,67195.05,0
2026-03-08 08:05:00,67195.05,67204.75,67139.55,67178.85,0
2026-03-08 08:10:00,67178.85,67197.35,67065.85,67079.25,0
2026-03-08 08:15:00,67080.25,67129.65,67050.35,67066.05,0
2026-03-08 08:20:00,67064.45,67145.95,67055.45,67108.65,0
2026-03-08 08:25:00,67108.65,67108.65,67018.95,67034.05,0
2026-03-08 08:30:00,67029.45,67073.35,67015.85,67022.35,0
2026-03-08 08:35:00,67025.65,67102.75,67024.75,67102.75,0
2026-03-08 08:40:00,67107.35,67127.15,67088.35,67099.25,0
2026-03-08 08:45:00,67099.25,67129.45,67091.65,67096.45,0
2026-03-08 08:50:00,67096.45,67114.15,67085.65,67107.95,0
2026-03-08 08:55:00,67111.25,67201.95,67111.25,67140.05,0
2026-03-08 09:00:00,67133.35,67244.95,67127.95,67244.95,0
2026-03-08 09:05:00,67246.65,67399.95,67246.65,67348.65,0
2026-03-08 09:10:00,67351.15,67379.95,67321.2,67358.25,0
2026-03-08 09:15:00,67355.25,67374.95,67311.95,67370.95,0
2026-03-08 09:20:00,67373.35,67433.35,67292.95,67309.65,0
2026-03-08 09:25:00,67309.65,67369.45,67260.05,67335.65,0
2026-03-08 09:30:00,67335.65,67347.15,67269.65,67341.75,0
2026-03-08 09:35:00,67329.15,67329.15,67295.55,67327.95,0
2026-03-08 09:40:00,67327.35,67333.55,67288.75,67291.65,0
2026-03-08 09:45:00,67295.05,67313.45,67239.65,67249.65,0
2026-03-08 09:50:00,67249.65,67298.35,67245.05,67253.65,0
2026-03-08 09:55:00,67255.05,67312.35,67246.35,67295.95,0
2026-03-08 10:00:00,67292.55,67332.15,67241.35,67298.75,0
2026-03-08 10:05:00,67294.75,67318.25,67260.75,67265.35,0
2026-03-08 10:10:00,67265.35,67345.15,67222.65,67222.65,0
2026-03-08 10:15:00,67222.65,67254.85,67132.45,67254.85,0
2026-03-08 10:20:00,67254.85,67269.45,67217.75,67269.35,0
2026-03-08 10:25:00,67281.65,67281.65,67239.7,67251.85,0
2026-03-08 10:30:00,67253.05,67291.55,67206.45,67291.55,0
2026-03-08 10:35:00,67287.85,67307.55,67260.95,67307.55,0
2026-03-08 10:40:00,67307.55,67509.3,67307.55,67467.85,0
2026-03-08 10:45:00,67464.05,67526.95,67437.15,67437.95,0
2026-03-08 10:50:00,67437.95,67503.35,67414.95,67500.75,0
2026-03-08 10:55:00,67500.75,67546.3,67483.05,67510.25,0
2026-03-08 11:00:00,67511.75,67529.55,67449.05,67482.05,0
2026-03-08 11:05:00,67484.45,67531.05,67469.85,67502.25,0
2026-03-08 11:10:00,67498.75,67819.75,67498.75,67739.85,0
2026-03-08 11:15:00,67752.65,67873.45,67722.35,67760.35,0
2026-03-08 11:20:00,67758.65,67790.35,67694.45,67752.95,0
2026-03-08 11:25:00,67753.2,67826.25,67683.95,67826.25,0
2026-03-08 11:30:00,67826.45,67836.05,67729.15,67733.85,0
2026-03-08 11:35:00,67733.85,67749.95,67695.55,67731.55,0
2026-03-08 11:40:00,67733.15,67745.85,67712.35,67726.25,0
2026-03-08 11:45:00,67726.25,67742.45,67668.15,67700.05,0
2026-03-08 11:50:00,67700.05,67709.55,67666.25,67666.25,0
2026-03-08 11:55:00,67666.25,67730.85,67666.15,67667.55,0
2026-03-08 12:00:00,67673.15,67794.95,67669.45,67782.65,0
2026-03-08 12:05:00,67804.75,67857.75,67759.45,67785.05,0
2026-03-08 12:10:00,67783.85,67856.15,67761.05,67853.95,0
2026-03-08 12:15:00,67853.95,67948.85,67827.15,67923.25,0
2026-03-08 12:20:00,67923.15,68092.45,67889.95,68071.05,0
2026-03-08 12:25:00,68067.15,68173.95,68026.05,68030.85,0
2026-03-08 12:30:00,68015.75,68051.15,67951.25,68046.35,0
2026-03-08 12:35:00,68038.45,68045.45,67911.75,67953.15,0
2026-03-08 12:40:00,67951.75,67951.75,67914.75,67948.55,0
2026-03-08 12:45:00,67944.55,67944.55,67863.05,67871.75,0
2026-03-08 12:50:00,67871.75,67894.55,67855.05,67894.55,0
2026-03-08 12:55:00,67895.55,67942.15,67845.05,67873.45,0
2026-03-08 13:00:00,67868.55,67868.55,67705.05,67720.55,0
2026-03-08 13:05:00,67719.15,67719.15,67421.45,67528.45,0
2026-03-08 13:10:00,67535.05,67593.85,67512.45,67534.35,0
2026-03-08 13:15:00,67534.35,67642.45,67528.95,67591.65,0
2026-03-08 13:20:00,67589.35,67705.75,67577.35,67702.75,0
2026-03-08 13:25:00,67699.95,67700.05,67640.15,67652.65,0
2026-03-08 13:30:00,67652.65,67774.25,67542.05,67577.25,0
2026-03-08 13:35:00,67574.45,67574.45,67465.25,67533.65,0
2026-03-08 13:40:00,67537.45,67542.25,67376.75,67469.15,0
2026-03-08 13:45:00,67469.15,67521.45,67414.65,67498.35,0
2026-03-08 13:50:00,67498.35,67531.85,67397.65,67515.45,0
2026-03-08 13:55:00,67520.55,67535.85,67491.65,67491.65,0
2026-03-08 14:00:00,67483.05,67624.95,67459.15,67596.75,0
2026-03-08 14:05:00,67596.75,67596.75,67227.85,67276.45,0
2026-03-08 14:10:00,67280.15,67365.35,66970.75,67027.95,0
2026-03-08 14:15:00,67029.75,67137.65,66864.55,67128.45,0
2026-03-08 14:20:00,67125.65,67310.45,67123.55,67273.55,0
2026-03-08 14:25:00,67268.45,67412.55,67257.25,67395.35,0
2026-03-08 14:30:00,67392.6,67414.65,67278.45,67287.75,0
2026-03-08 14:35:00,67289.05,67333.85,67264.35,67306.05,0
2026-03-08 14:40:00,67304.65,67464.95,67299.45,67387.25,0
2026-03-08 14:45:00,67387.25,67390.15,67265.75,67314.85,0
2026-03-08 14:50:00,67309.85,67356.35,67290.85,67320.25,0
2026-03-08 14:55:00,67318.95,67318.95,67269.95,67294.55,0
2026-03-08 15:00:00,67296.05,67408.45,67236.35,67245.85,0
2026-03-08 15:05:00,67251.4,67280.85,67188.25,67269.65,0
2026-03-08 15:10:00,67264.15,67276.75,66918.7,66951.85,0
2026-03-08 15:15:00,66953.55,67086.25,66898.65,67050.85,0
2026-03-08 15:20:00,67052.25,67106.05,66955.75,66985.35,0
2026-03-08 15:25:00,66990.55,67167.65,66798.05,67133.35,0
2026-03-08 15:30:00,67131.15,67135.65,66947.85,66976.95,0
2026-03-08 15:35:00,66977.45,67087.25,66977.45,67032.75,0
2026-03-08 15:40:00,67028.05,67036.45,66818.25,67036.05,0
2026-03-08 15:45:00,67034.75,67166.05,67020.45,67137.75,0
2026-03-08 15:50:00,67135.75,67195.75,67085.55,67136.05,0
2026-03-08 15:55:00,67139.25,67267.85,67139.25,67209.35,0
2026-03-08 16:00:00,67209.35,67287.95,67172.65,67270.75,0
2026-03-08 16:05:00,67274.65,67371.95,67219.55,67272.85,0
2026-03-08 16:10:00,67272.85,67303.55,67253.65,67263.85,0
2026-03-08 16:15:00,67266.95,67402.15,67266.95,67351.55,0
2026-03-08 16:20:00,67349.65,67372.55,67277.75,67366.05,0
2026-03-08 16:25:00,67365.15,67385.45,67217.85,67236.95,0
2026-03-08 16:30:00,67236.95,67358.45,67216.15,67216.15,0
2026-03-08 16:35:00,67206.75,67311.55,67200.05,67257.85,0
2026-03-08 16:40:00,67254.25,67275.05,67028.35,67101.65,0
2026-03-08 16:45:00,67103.95,67149.65,67025.55,67114.05,0
2026-03-08 16:50:00,67114.05,67291.85,67110.55,67262.65,0
2026-03-08 16:55:00,67259.65,67328.45,67239.15,67307.25,0
2026-03-08 17:00:00,67302.15,67339.95,67179.45,67307.35,0
2026-03-08 17:05:00,67309.45,67337.95,67193.25,67331.35,0
2026-03-08 17:10:00,67337.75,67344.85,67261.15,67335.25,0
2026-03-08 17:15:00,67330.85,67330.85,67251.15,67321.95,0
2026-03-08 17:20:00,67317.85,67317.85,67108.05,67197.05,0
2026-03-08 17:25:00,67201.25,67208.15,67119.35,67143.05,0
2026-03-08 17:30:00,67140.05,67192.25,67097.4,67097.95,0
